"COUNTYFP","cntT","cntTimeDrive","avTimeDrive","pctTimeDrive"
"01001",12,10,15.2708333333333,0.83
"01003",31,26,17.5816129032258,0.84
"01005",9,6,22.6166666666667,0.67
"01007",4,1,25.4625,0.25
"01009",9,4,31.3311111111111,0.44
"01011",3,3,15.9933333333333,1
"01013",9,8,13.6477777777778,0.89
"01015",31,29,12.9109677419355,0.94
"01017",9,7,15.1855555555556,0.78
"01019",6,6,14.1033333333333,1
"01021",9,9,15.8633333333333,1
"01023",4,3,23.11,0.75
"01025",9,5,29.4555555555556,0.56
"01027",4,3,19.7325,0.75
"01029",4,3,31.4825,0.75
"01031",14,12,16.0857142857143,0.86
"01033",14,14,10.3071428571429,1
"01035",5,4,23.484,0.8
"01037",3,2,28.5,0.67
"01039",14,13,13.5,0.93
"01041",6,3,23.0916666666667,0.5
"01043",18,16,17.6,0.89
"01045",14,14,14.33,1
"01047",15,14,14.3973333333333,0.93
"01049",14,10,20.5328571428571,0.71
"01051",15,12,20.266,0.8
"01053",9,9,12.3544444444444,1
"01055",30,30,11.4056666666667,1
"01057",5,4,18.41,0.8
"01059",9,8,16.4977777777778,0.89
"01061",6,5,19.985,0.83
"01063",3,3,18.9833333333333,1
"01065",6,5,19.2866666666667,0.83
"01067",6,1,37.585,0.17
"01069",22,21,11.7345454545455,0.95
"01071",11,7,25.4609090909091,0.64
"01073",163,157,12.2465030674847,0.96
"01075",3,0,36.4133333333333,0
"01077",22,18,16.5477272727273,0.82
"01079",9,9,14.8166666666667,1
"01081",27,27,14.917037037037,1
"01083",16,15,13.81875,0.94
"01085",4,1,39.4275,0.25
"01087",12,9,20.1841666666667,0.75
"01089",73,69,10.9027397260274,0.95
"01091",6,3,27.2433333333333,0.5
"01093",8,8,15.17875,1
"01095",18,15,18.5122222222222,0.83
"01097",115,103,13.6272173913043,0.9
"01099",7,4,25.8828571428571,0.57
"01101",65,63,9.74676923076923,0.97
"01103",27,23,15.072962962963,0.85
"01105",3,0,37.56,0
"01107",5,4,19.962,0.8
"01109",8,6,18.22375,0.75
"01111",6,4,22.2766666666667,0.67
"01113",13,11,13.8207692307692,0.85
"01115",13,6,27.0507692307692,0.46
"01117",48,42,17.15875,0.88
"01119",4,2,29.06,0.5
"01121",22,22,12.2631818181818,1
"01123",10,9,15.794,0.9
"01125",47,45,11.4693617021277,0.96
"01127",18,11,24.6388888888889,0.61
"01129",5,3,28.534,0.6
"01131",4,3,22.13,0.75
"01133",7,2,32.61,0.29
"02013",1,NA,NA,NA
"02016",2,2,0,1
"02020",55,54,8.92836363636364,0.98
"02050",3,3,1.85,1
"02060",1,1,28.5,1
"02068",1,0,131.82,0
"02070",2,2,0,1
"02090",19,18,11.2015789473684,0.95
"02100",1,0,541.7,0
"02105",2,NA,NA,NA
"02110",6,6,11.1416666666667,1
"02122",13,8,30.3007692307692,0.62
"02130",4,4,9.7525,1
"02150",5,4,42.87,0.8
"02158",1,NA,NA,NA
"02164",1,0,68.55,0
"02170",24,16,29.9725,0.67
"02180",2,2,14.46,1
"02185",3,NA,NA,NA
"02188",2,1,1045.095,0.5
"02195",1,1,0,1
"02198",4,2,125.8675,0.5
"02220",2,2,9.54,1
"02230",1,NA,NA,NA
"02240",2,0,175.725,0
"02261",3,3,0,1
"02275",1,1,0,1
"02282",1,0,1667.25,0
"02290",4,NA,NA,NA
"04001",16,8,39.21875,0.5
"04003",32,23,19.5384375,0.72
"04005",28,19,26.2578571428571,0.68
"04007",16,10,33.99125,0.62
"04009",9,8,19.8,0.89
"04011",3,0,78.37,0
"04012",9,5,39.3888888888889,0.56
"04013",916,903,8.34353711790393,0.99
"04015",43,38,15.4437209302326,0.88
"04017",31,12,38.5948387096774,0.39
"04019",241,NA,NA,NA
"04021",75,55,20.3301333333333,0.73
"04023",10,9,17.957,0.9
"04025",42,29,25.1480952380952,0.69
"04027",55,45,22.5070909090909,0.82
"05001",8,8,9.87375,1
"05003",7,5,19.1114285714286,0.71
"05005",9,9,13.3911111111111,1
"05007",49,45,13.8740816326531,0.92
"05009",7,7,13.8385714285714,1
"05011",5,5,10.14,1
"05013",2,0,35.22,0
"05015",5,5,11.006,1
"05017",4,4,10.0075,1
"05019",5,3,18.202,0.6
"05021",6,3,24.5633333333333,0.5
"05023",7,4,31.2514285714286,0.57
"05025",2,0,43.435,0
"05027",5,5,14.54,1
"05029",6,6,14.4766666666667,1
"05031",17,16,9.9035294117647,0.94
"05033",11,11,12.9,1
"05035",20,18,11.325,0.9
"05037",6,5,17.6266666666667,0.83
"05039",3,1,29.8966666666667,0.33
"05041",5,4,9.672,0.8
"05043",5,5,11.49,1
"05045",25,22,15.6596,0.88
"05047",3,2,23.3133333333333,0.67
"05049",2,1,31.305,0.5
"05051",20,18,12.9115,0.9
"05053",4,1,35.855,0.25
"05055",9,9,11.5144444444444,1
"05057",5,4,14.302,0.8
"05059",7,6,13.2771428571429,0.86
"05061",3,2,16.1433333333333,0.67
"05063",8,8,14.71625,1
"05065",4,1,28.2975,0.25
"05067",5,4,18.58,0.8
"05069",24,21,13.3558333333333,0.88
"05071",6,6,13.1716666666667,1
"05073",2,0,36.125,0
"05075",6,4,16.825,0.67
"05077",4,1,38.385,0.25
"05079",4,2,33.6525,0.5
"05081",4,3,16.8475,0.75
"05083",6,5,9.33333333333333,0.83
"05085",16,10,28.356875,0.62
"05087",4,0,48.325,0
"05089",4,1,46.7175,0.25
"05091",12,11,10.4033333333333,0.92
"05093",12,11,14.7941666666667,0.92
"05095",3,0,38.6766666666667,0
"05097",3,0,63.64,0
"05099",3,1,30.2533333333333,0.33
"05101",2,1,49.915,0.5
"05103",6,6,11.68,1
"05105",3,1,38.82,0.33
"05107",6,5,15.68,0.83
"05109",3,0,61.5566666666667,0
"05111",7,2,35.2328571428571,0.29
"05113",6,4,21.89,0.67
"05115",11,10,14.2672727272727,0.91
"05117",3,0,42.61,0
"05119",95,94,8.90210526315789,0.99
"05121",4,4,13.6,1
"05123",6,5,14.07,0.83
"05125",21,19,14.0757142857143,0.9
"05127",3,3,9.59,1
"05129",3,0,57.5,0
"05131",26,24,10.2196153846154,0.92
"05133",4,3,15.155,0.75
"05135",4,0,52.1025,0
"05137",3,2,18.46,0.67
"05139",10,9,12.88,0.9
"05141",5,2,28.986,0.4
"05143",32,29,11.71125,0.91
"05145",13,12,16.5738461538462,0.92
"05147",2,0,44.885,0
"05149",6,6,12.7033333333333,1
"06001",360,360,5.63838888888889,1
"06003",1,0,43.65,0
"06005",9,4,31.3822222222222,0.44
"06007",51,49,9.18666666666667,0.96
"06009",10,2,41.086,0.2
"06011",5,4,17.716,0.8
"06013",207,207,9.57231884057971,1
"06015",7,5,14.22,0.71
"06017",43,37,17.7806976744186,0.86
"06019",199,189,9.78839195979899,0.95
"06021",6,5,18.6133333333333,0.83
"06023",30,27,15.7646666666667,0.9
"06025",31,27,16.3241935483871,0.87
"06027",6,5,9.01,0.83
"06029",151,130,13.2022516556291,0.86
"06031",27,21,16.6744444444444,0.78
"06033",15,14,15.036,0.93
"06035",9,6,27.5455555555556,0.67
"06037",2344,NA,NA,NA
"06039",23,16,24.7308695652174,0.7
"06041",55,52,11.4087272727273,0.95
"06043",6,2,43.5783333333333,0.33
"06045",20,15,21.6815,0.75
"06047",49,48,12.3897959183673,0.98
"06049",4,3,31.315,0.75
"06051",3,1,40.3133333333333,0.33
"06053",93,89,11.852688172043,0.96
"06055",40,39,10.93625,0.98
"06057",20,18,16.6335,0.9
"06059",582,582,6.74305841924399,1
"06061",85,80,13.5742352941176,0.94
"06063",7,6,17.2371428571429,0.86
"06065",453,446,9.67238410596027,0.98
"06067",317,313,8.96488958990536,0.99
"06069",11,11,9.65454545454545,1
"06071",369,358,9.22780487804878,0.97
"06073",627,617,9.14567783094099,0.98
"06075",196,195,4.20392857142857,0.99
"06077",139,138,7.9668345323741,0.99
"06079",53,48,13.6128301886792,0.91
"06081",157,156,6.17643312101911,0.99
"06083",90,89,9.34522222222222,0.99
"06085",372,371,7.66064516129032,1
"06087",52,49,10.3309615384615,0.94
"06089",48,44,14.7145833333333,0.92
"06091",1,1,0,1
"06093",14,6,37.7042857142857,0.43
"06095",96,95,7.54770833333333,0.99
"06097",99,96,10.0866666666667,0.97
"06099",94,91,8.02021276595745,0.97
"06101",21,19,9.84666666666667,0.9
"06103",11,9,21.9727272727273,0.82
"06105",5,2,54.706,0.4
"06107",78,76,11.4907692307692,0.97
"06109",11,9,21.4209090909091,0.82
"06111",174,NA,NA,NA
"06113",41,41,8.35390243902439,1
"06115",14,12,14.7885714285714,0.86
"08001",97,95,9.7640206185567,0.98
"08003",4,4,10.235,1
"08005",147,145,9.12741496598639,0.99
"08007",4,3,22.51,0.75
"08009",2,2,12.5,1
"08011",1,0,43,0
"08013",68,67,9.08294117647059,0.99
"08014",18,18,8.16944444444444,1
"08015",5,3,20.258,0.6
"08017",1,1,0,1
"08019",3,0,41.4033333333333,0
"08021",2,1,15.4,0.5
"08023",2,0,72.245,0
"08025",1,0,36.38,0
"08027",1,0,66.54,0
"08029",7,4,21.42,0.57
"08031",144,144,6.30548611111111,1
"08033",1,0,79.9,0
"08035",61,57,12.5468852459016,0.93
"08037",14,9,26.9214285714286,0.64
"08039",7,0,50.2457142857143,0
"08041",130,127,10.5,0.98
"08043",14,13,15.0057142857143,0.93
"08045",11,11,12.3954545454545,1
"08047",1,0,57.96,0
"08049",3,3,8.81,1
"08051",4,2,54.4125,0.5
"08053",1,0,98.01,0
"08055",2,1,19.205,0.5
"08057",1,0,78.48,0
"08059",138,127,11.9684782608696,0.92
"08061",1,1,0,1
"08063",3,2,31.1833333333333,0.67
"08065",2,2,3.155,1
"08067",10,8,15.691,0.8
"08069",73,69,11.8246575342466,0.95
"08071",6,4,19.0333333333333,0.67
"08073",2,1,23.32,0.5
"08075",6,5,12.8383333333333,0.83
"08077",29,27,11.711724137931,0.93
"08079",1,0,63.16,0
"08081",4,3,15.435,0.75
"08083",7,7,15.1271428571429,1
"08085",10,9,23.524,0.9
"08087",8,8,7.31875,1
"08089",7,5,17.7842857142857,0.71
"08091",1,0,45.96,0
"08093",5,0,67.734,0
"08095",2,2,0,1
"08097",4,3,15.5925,0.75
"08099",5,4,20.594,0.8
"08101",55,52,11.2794545454545,0.95
"08103",2,2,0,1
"08105",3,3,9.36333333333333,1
"08107",8,4,27.57375,0.5
"08109",2,1,40.95,0.5
"08111",1,0,64.14,0
"08113",4,0,116.395,0
"08115",1,1,0,1
"08117",5,5,16.282,1
"08119",6,4,26.345,0.67
"08121",2,0,59.435,0
"08123",77,74,14.6081818181818,0.96
"08125",2,2,0,1
"09001",210,210,8.72414285714286,1
"09003",224,223,8.80955357142857,1
"09005",51,50,13.9190196078431,0.98
"09007",36,29,16.3286111111111,0.81
"09009",189,187,9.26063492063492,0.99
"09011",66,65,12.7713636363636,0.98
"09013",29,29,11.9893103448276,1
"09015",25,24,14.9328,0.96
"10001",33,33,12.5030303030303,1
"10003",131,131,8.39175572519084,1
"10005",53,47,18.3341509433962,0.89
"11001",179,179,4.07519553072626,1
"12001",56,56,11.7119642857143,1
"12003",4,3,11.38,0.75
"12005",43,40,14.1046511627907,0.93
"12007",4,4,10.455,1
"12009",113,113,11.4373451327434,1
"12011",361,360,6.79819944598338,1
"12013",3,3,18.1366666666667,1
"12015",38,33,15.7081578947368,0.87
"12017",27,26,18.6637037037037,0.96
"12019",30,25,16.6296666666667,0.83
"12021",73,67,13.5260273972603,0.92
"12023",12,10,14.3275,0.83
"12027",9,9,11.8877777777778,1
"12029",3,0,66.8266666666667,0
"12031",173,173,11.6135838150289,1
"12033",71,69,10.3843661971831,0.97
"12035",20,20,15.9405,1
"12037",4,3,15.3975,0.75
"12039",9,9,13.05,1
"12041",5,0,47.048,0
"12043",4,1,34.9025,0.25
"12045",3,2,20.2566666666667,0.67
"12047",3,1,33.6166666666667,0.33
"12049",6,5,17.7683333333333,0.83
"12051",7,3,28.8757142857143,0.43
"12053",45,44,13.0762222222222,0.98
"12055",27,24,18.4992592592593,0.89
"12057",320,320,10.2226875,1
"12059",4,3,18.075,0.75
"12061",30,30,12.1776666666667,1
"12063",11,11,16.5072727272727,1
"12065",3,1,30.96,0.33
"12067",2,0,39.59,0
"12069",56,54,13.4282142857143,0.96
"12071",167,158,15.2623952095808,0.95
"12073",68,67,13.0651470588235,0.99
"12075",9,5,31.2911111111111,0.56
"12077",2,1,28.355,0.5
"12079",5,5,14.524,1
"12081",78,77,10.8188461538462,0.99
"12083",63,47,20.0533333333333,0.75
"12085",35,32,12.5371428571429,0.91
"12086",518,516,6.58905405405405,1
"12087",31,26,13.7635483870968,0.84
"12089",12,10,20.5158333333333,0.83
"12091",42,41,11.0592857142857,0.98
"12093",12,11,15.21,0.92
"12095",207,207,9.04816425120773,1
"12097",41,40,11.0065853658537,0.98
"12099",337,335,9.95670623145401,0.99
"12101",133,133,9.44526315789474,1
"12103",245,245,7.13697959183673,1
"12105",154,150,14.7252597402597,0.97
"12107",17,11,26.0047058823529,0.65
"12109",40,38,16.3625,0.95
"12111",44,44,10.0597727272727,1
"12113",25,24,11.7696,0.96
"12115",94,94,10.5402127659574,1
"12117",86,86,9.21593023255814,1
"12119",19,11,23.2810526315789,0.58
"12121",7,6,18.9428571428571,0.86
"12123",4,3,15.2775,0.75
"12125",3,3,5.28333333333333,1
"12127",113,112,10.4311504424779,0.99
"12129",4,0,43.5525,0
"12131",11,4,29.6836363636364,0.36
"12133",7,5,23.1942857142857,0.71
"13001",5,5,14.872,1
"13003",3,1,34.54,0.33
"13005",3,3,12.9733333333333,1
"13007",2,1,27.965,0.5
"13009",9,9,8.77,1
"13011",4,3,19.3525,0.75
"13013",18,18,12.7244444444444,1
"13015",15,13,18.212,0.87
"13017",5,5,8.236,1
"13019",6,6,18.325,1
"13021",44,44,8.44727272727273,1
"13023",3,3,6.96333333333333,1
"13025",3,1,32.8066666666667,0.33
"13027",5,4,14.398,0.8
"13029",7,3,32.4557142857143,0.43
"13031",12,11,14.1816666666667,0.92
"13033",6,4,22.3033333333333,0.67
"13035",3,3,8.23333333333333,1
"13037",2,0,39.325,0
"13039",10,8,16.136,0.8
"13043",3,3,8.47666666666667,1
"13045",17,16,13.9288235294118,0.94
"13047",11,11,13.5418181818182,1
"13049",2,0,41.37,0
"13051",71,71,8.77591549295775,1
"13053",5,5,14.33,1
"13055",6,0,37.7766666666667,0
"13057",26,24,20.88,0.92
"13059",30,30,8.595,1
"13061",1,0,33.74,0
"13063",50,49,13.1628,0.98
"13065",2,2,13.83,1
"13067",120,120,13.272,1
"13069",9,8,16.3555555555556,0.89
"13071",10,10,13.274,1
"13073",20,19,18.3495,0.95
"13075",4,4,11.9825,1
"13077",20,20,13.589,1
"13079",3,2,30.2566666666667,0.67
"13081",6,6,11.555,1
"13083",4,3,16.1,0.75
"13085",3,0,34.17,0
"13087",7,7,15.0157142857143,1
"13089",145,145,8.87331034482759,1
"13091",6,5,18.935,0.83
"13093",3,3,24.1733333333333,1
"13095",27,27,10.8751851851852,1
"13097",20,20,12.476,1
"13099",5,5,14.978,1
"13101",2,0,42.7,0
"13103",10,7,25.956,0.7
"13105",5,5,11.368,1
"13107",6,6,15.945,1
"13109",3,3,10.0466666666667,1
"13111",5,4,18.14,0.8
"13113",20,17,21.3565,0.85
"13115",20,19,11.0175,0.95
"13117",45,45,19.1704444444444,1
"13119",5,5,16.576,1
"13121",204,204,8.69112745098039,1
"13123",5,3,34.946,0.6
"13125",1,0,39.15,0
"13127",15,15,8.866,1
"13129",9,9,11.1944444444444,1
"13131",6,6,16.0333333333333,1
"13133",7,7,18.5228571428571,1
"13135",113,113,12.3997345132743,1
"13137",8,8,11.90625,1
"13139",36,35,17.375,0.97
"13141",2,1,33.92,0.5
"13143",5,5,15.406,1
"13145",5,4,24.05,0.8
"13147",5,3,26.186,0.6
"13149",3,0,36.8266666666667,0
"13151",25,24,17.924,0.96
"13153",23,23,9.65652173913043,1
"13155",2,2,8.59,1
"13157",11,11,16.2572727272727,1
"13159",3,3,14.4466666666667,1
"13161",3,2,15.2533333333333,0.67
"13163",4,4,18.115,1
"13165",2,2,7.955,1
"13167",3,0,37.5166666666667,0
"13169",6,6,18.6666666666667,1
"13171",3,3,22.5933333333333,1
"13173",2,0,31.285,0
"13175",13,12,15.5484615384615,0.92
"13177",5,4,15.52,0.8
"13179",15,13,16.2153333333333,0.87
"13181",2,0,37.175,0
"13183",3,1,30.8566666666667,0.33
"13185",25,25,11.154,1
"13187",4,2,21.93,0.5
"13189",5,5,14.936,1
"13191",5,1,42.702,0.2
"13193",4,3,21.0975,0.75
"13195",6,5,24.6716666666667,0.83
"13197",2,0,42.36,0
"13199",4,3,19.715,0.75
"13201",3,3,12.6033333333333,1
"13205",5,5,15.444,1
"13207",5,5,14.812,1
"13209",3,3,21.0433333333333,1
"13211",5,5,12.564,1
"13213",8,8,13.8825,1
"13215",53,53,7.14452830188679,1
"13217",13,13,13.0615384615385,1
"13219",6,6,21.05,1
"13221",4,1,35.75,0.25
"13223",19,19,17.0426315789474,1
"13225",6,6,13.6266666666667,1
"13227",6,6,15.94,1
"13229",4,2,27.3925,0.5
"13231",4,3,21.255,0.75
"13233",7,7,12.3957142857143,1
"13235",3,3,8.88,1
"13237",5,4,17.364,0.8
"13239",1,1,12.58,1
"13241",5,4,21.176,0.8
"13243",2,2,9.08,1
"13245",47,47,7.71574468085106,1
"13247",15,15,10.3693333333333,1
"13249",2,2,21.95,1
"13251",5,4,16.974,0.8
"13253",3,3,15.0566666666667,1
"13255",12,12,12.5383333333333,1
"13257",5,5,9.5,1
"13259",2,0,38.96,0
"13261",8,8,14.01625,1
"13263",3,2,32.1133333333333,0.67
"13265",1,0,39.49,0
"13267",5,3,18.792,0.6
"13269",3,3,13.97,1
"13271",3,1,42.93,0.33
"13273",4,3,28.5075,0.75
"13275",11,11,14.2163636363636,1
"13277",9,9,10.8922222222222,1
"13279",6,6,14.0666666666667,1
"13281",3,3,11.1933333333333,1
"13283",2,0,31.705,0
"13285",14,13,16.2421428571429,0.93
"13287",2,2,28.195,1
"13289",2,1,30.99,0.5
"13291",6,5,17.24,0.83
"13293",7,7,10.5,1
"13295",13,9,22.5669230769231,0.69
"13297",15,15,16.5133333333333,1
"13299",9,9,12.3355555555556,1
"13301",2,0,33.83,0
"13303",5,5,14.096,1
"13305",6,6,17.7233333333333,1
"13307",2,0,41.5,0
"13309",2,2,6.85,1
"13311",5,2,33.212,0.4
"13313",18,18,13.0044444444444,1
"13315",4,1,32.075,0.25
"13317",4,4,15.0925,1
"13319",3,3,24.3766666666667,1
"13321",5,4,21.704,0.8
"15001",34,25,20.6870588235294,0.74
"15003",244,NA,NA,NA
"15005",1,1,0,1
"15007",16,11,25.630625,0.69
"15009",36,36,7.76888888888889,1
"16001",59,59,7.34372881355932,1
"16003",2,0,52.795,0
"16005",22,21,13.7427272727273,0.95
"16007",2,2,8.375,1
"16009",2,1,27,0.5
"16011",8,6,16.6425,0.75
"16013",4,2,26.395,0.5
"16015",1,0,88.2,0
"16017",9,6,24.6088888888889,0.67
"16019",21,20,9.92714285714286,0.95
"16021",2,1,16.06,0.5
"16023",1,1,0,1
"16025",1,0,68.63,0
"16027",29,29,9.26275862068966,1
"16029",2,1,18.77,0.5
"16031",6,4,21.2216666666667,0.67
"16033",1,0,70.57,0
"16035",2,1,43.48,0.5
"16037",1,0,132.11,0
"16039",5,4,19.884,0.8
"16041",2,2,8.425,1
"16043",3,1,45.6633333333333,0.33
"16045",3,3,10.5133333333333,1
"16047",2,2,10.78,1
"16049",5,2,60.754,0.4
"16051",4,2,32.14,0.5
"16053",5,4,12.01,0.8
"16055",25,23,13.6844,0.92
"16057",7,4,18.2214285714286,0.57
"16059",3,1,39.1033333333333,0.33
"16061",3,1,50.74,0.33
"16063",1,0,95.28,0
"16065",6,6,11.78,1
"16067",5,5,11.642,1
"16069",10,8,16.319,0.8
"16071",1,1,0,1
"16073",3,2,42.0066666666667,0.67
"16075",4,4,15.69,1
"16077",2,1,23.96,0.5
"16079",3,2,17.0933333333333,0.67
"16081",1,1,0,1
"16083",14,12,15.0185714285714,0.86
"16085",3,3,5.75666666666667,1
"16087",3,2,16.4566666666667,0.67
"17001",18,16,11.6655555555556,0.89
"17003",4,0,36.47,0
"17005",4,3,15.64,0.75
"17007",7,7,9.49428571428571,1
"17009",2,1,28.45,0.5
"17011",10,9,13.374,0.9
"17013",2,0,48.47,0
"17015",6,1,31.9333333333333,0.17
"17017",5,3,28.73,0.6
"17019",43,41,10.6653488372093,0.95
"17021",10,9,11.72,0.9
"17023",4,1,37.92,0.25
"17025",4,4,9.7325,1
"17027",8,7,18.24375,0.88
"17029",12,10,15.2483333333333,0.83
"17031",1318,1318,5.24939301972686,1
"17033",6,5,13.2033333333333,0.83
"17035",3,0,36.13,0
"17037",21,21,9.9,1
"17039",5,4,14.428,0.8
"17041",5,1,40.604,0.2
"17043",216,216,9.2325,1
"17045",5,4,18.28,0.8
"17047",3,1,34.28,0.33
"17049",8,7,16.21125,0.88
"17051",7,6,20.7285714285714,0.86
"17053",5,3,25.704,0.6
"17055",12,12,16.3766666666667,1
"17057",12,9,21.1491666666667,0.75
"17059",2,1,32.06,0.5
"17061",5,5,18.508,1
"17063",10,8,17.736,0.8
"17065",3,3,12.4566666666667,1
"17067",7,5,22.97,0.71
"17069",2,2,8.45,1
"17071",3,2,29.2333333333333,0.67
"17073",13,11,15.2415384615385,0.85
"17075",9,4,26.55,0.44
"17077",14,14,11.4528571428571,1
"17079",3,1,36.21,0.33
"17081",11,10,11.8227272727273,0.91
"17083",6,5,19.5333333333333,0.83
"17085",6,3,23.6033333333333,0.5
"17087",4,2,32.0325,0.5
"17089",82,82,9.4,1
"17091",29,27,12.068275862069,0.93
"17093",10,10,15.055,1
"17095",16,14,12.278125,0.88
"17097",153,151,11.0696732026144,0.99
"17099",28,27,15.7814285714286,0.96
"17101",5,5,8.716,1
"17103",9,9,12.7133333333333,1
"17105",10,7,21.022,0.7
"17107",8,8,11.03375,1
"17109",10,9,13.221,0.9
"17111",52,52,14.6136538461538,1
"17113",41,38,11.8207317073171,0.93
"17115",34,34,7.89617647058824,1
"17117",13,10,19.4153846153846,0.77
"17119",61,60,9.85606557377049,0.98
"17121",12,11,12.8283333333333,0.92
"17123",5,0,39.198,0
"17125",6,2,27.6133333333333,0.33
"17127",4,4,7.775,1
"17129",3,1,37.6933333333333,0.33
"17131",4,4,16.5975,1
"17133",6,5,24.7216666666667,0.83
"17135",8,7,12.53125,0.88
"17137",10,9,13.16,0.9
"17139",4,2,32.615,0.5
"17141",11,8,21.6154545454545,0.73
"17143",48,46,9.594375,0.96
"17145",6,5,10.9266666666667,0.83
"17147",4,4,19.2625,1
"17149",5,3,22.872,0.6
"17151",2,0,37.485,0
"17153",2,0,37.775,0
"17155",2,2,22.65,1
"17157",9,9,9.80222222222222,1
"17159",5,5,9.11,1
"17161",40,40,7.703,1
"17163",60,59,10.0753333333333,0.98
"17165",9,8,8.62888888888889,0.89
"17167",53,52,10.0356603773585,0.98
"17169",3,3,13.27,1
"17171",2,0,33.97,0
"17173",6,4,22.26,0.67
"17175",2,1,29.51,0.5
"17177",13,13,10.9507692307692,1
"17179",30,28,12.8953333333333,0.93
"17181",5,5,13.59,1
"17183",24,23,14.1820833333333,0.96
"17185",4,4,5.795,1
"17187",5,5,10.162,1
"17189",4,4,14.5775,1
"17191",5,4,17.624,0.8
"17193",5,0,34.762,0
"17195",18,17,9.94333333333333,0.94
"17197",152,147,13.0102631578947,0.97
"17199",15,15,8.526,1
"17201",77,77,8.04311688311688,1
"17203",9,6,23.9555555555556,0.67
"18001",7,7,13.1128571428571,1
"18003",96,96,8.1665625,1
"18005",15,15,10.178,1
"18007",3,1,37.7866666666667,0.33
"18009",4,3,12.6,0.75
"18011",10,10,12.322,1
"18013",4,0,35.4325,0
"18015",7,4,28.3085714285714,0.57
"18017",11,11,10.7572727272727,1
"18019",26,25,9.86692307692308,0.96
"18021",6,5,11.1033333333333,0.83
"18023",8,8,10.70625,1
"18025",3,0,38.71,0
"18027",7,6,12.5157142857143,0.86
"18029",10,8,19.965,0.8
"18031",6,6,11.035,1
"18033",9,9,12.2988888888889,1
"18035",30,30,10.3086666666667,1
"18037",7,7,11.4557142857143,1
"18039",36,36,9.57027777777778,1
"18041",7,7,10.9657142857143,1
"18043",20,20,8.5275,1
"18045",5,4,23.836,0.8
"18047",5,1,34.478,0.2
"18049",6,6,15.9433333333333,1
"18051",7,7,12.8671428571429,1
"18053",16,16,9.279375,1
"18055",9,9,19.2355555555556,1
"18057",39,39,9.15769230769231,1
"18059",10,10,12.28,1
"18061",6,4,19.6,0.67
"18063",21,20,12.5528571428571,0.95
"18065",13,13,10.3915384615385,1
"18067",20,20,6.6025,1
"18069",9,9,10.1177777777778,1
"18071",10,10,10.973,1
"18073",8,4,25.96625,0.5
"18075",7,6,16.6457142857143,0.86
"18077",7,7,9.47428571428571,1
"18079",6,6,12.8416666666667,1
"18081",22,22,10.7968181818182,1
"18083",10,9,15.055,0.9
"18085",19,18,18.7673684210526,0.95
"18087",8,8,15.5675,1
"18089",117,117,7.9917094017094,1
"18091",28,26,9.58392857142857,0.93
"18093",10,10,12.065,1
"18095",37,37,9.46675675675676,1
"18097",224,224,6.92348214285714,1
"18099",12,12,11.3566666666667,1
"18101",3,1,36.7833333333333,0.33
"18103",10,10,12.989,1
"18105",31,31,9.01,1
"18107",9,9,13.4055555555556,1
"18109",13,13,10.5438461538462,1
"18111",4,2,33.2875,0.5
"18113",10,9,17.65,0.9
"18115",2,1,30.27,0.5
"18117",6,5,22.25,0.83
"18119",5,2,35.746,0.4
"18121",4,2,26.665,0.5
"18123",5,4,12.286,0.8
"18125",4,2,29.5725,0.5
"18127",32,32,13.4084375,1
"18129",7,5,27.7885714285714,0.71
"18131",4,4,15.3025,1
"18133",7,6,16.1642857142857,0.86
"18135",8,7,18.09625,0.88
"18137",6,3,29.0133333333333,0.5
"18139",5,4,14.828,0.8
"18141",75,75,8.18426666666667,1
"18143",5,5,8.644,1
"18145",10,8,27.48,0.8
"18147",5,4,25.8,0.8
"18149",7,7,15.5114285714286,1
"18151",9,9,14.3733333333333,1
"18153",5,5,13.5,1
"18155",3,0,47.5,0
"18157",37,37,6.66648648648649,1
"18159",4,4,9.6125,1
"18161",2,2,20.875,1
"18163",49,49,5.64591836734694,1
"18165",5,5,14.5,1
"18167",28,28,8.39142857142857,1
"18169",8,8,13.99,1
"18171",2,2,11.735,1
"18173",11,11,9.27909090909091,1
"18175",6,6,17.5283333333333,1
"18177",17,17,11.8382352941176,1
"18179",7,7,11.4585714285714,1
"18181",8,7,18.92,0.88
"18183",7,7,12.8871428571429,1
"19001",3,3,13.73,1
"19003",2,2,10.29,1
"19005",5,5,19.624,1
"19007",5,4,21.916,0.8
"19009",3,3,8.85,1
"19011",7,6,18.2685714285714,0.86
"19013",38,38,7.11947368421053,1
"19015",7,7,11.6571428571429,1
"19017",8,8,11.5775,1
"19019",6,6,13.3333333333333,1
"19021",6,4,18.1733333333333,0.67
"19023",5,4,26.04,0.8
"19025",4,3,22.87,0.75
"19027",6,5,9.68833333333333,0.83
"19029",5,5,14.774,1
"19031",5,3,30.538,0.6
"19033",11,11,9.92636363636364,1
"19035",4,4,14.075,1
"19037",4,4,14.5,1
"19039",3,3,9.38,1
"19041",4,4,12.2675,1
"19043",6,5,18.35,0.83
"19045",12,12,7.8225,1
"19047",5,5,17.762,1
"19049",15,14,12.5086666666667,0.93
"19051",2,2,12.755,1
"19053",3,3,8.40666666666667,1
"19055",4,4,14.9375,1
"19057",11,11,10.4581818181818,1
"19059",5,5,10.92,1
"19061",26,26,8.49769230769231,1
"19063",4,3,12.7575,0.75
"19065",7,7,8.67,1
"19067",5,4,15.978,0.8
"19069",3,3,8.07,1
"19071",3,3,13.74,1
"19073",4,4,11.4375,1
"19075",4,4,15.9125,1
"19077",3,1,22.5233333333333,0.33
"19079",5,4,15.35,0.8
"19081",4,4,14.5275,1
"19083",6,5,19.0533333333333,0.83
"19085",5,3,23.024,0.6
"19087",5,5,8.934,1
"19089",3,2,13.6833333333333,0.67
"19091",4,4,11.3475,1
"19093",3,3,10.6833333333333,1
"19095",4,3,20.63,0.75
"19097",6,4,20.5366666666667,0.67
"19099",9,9,14.7788888888889,1
"19101",4,4,13.805,1
"19103",24,24,7.66375,1
"19105",5,4,17.02,0.8
"19107",4,3,21.3775,0.75
"19109",6,5,17.1233333333333,0.83
"19111",11,11,9.14181818181818,1
"19113",45,44,10.1306666666667,0.98
"19115",3,2,28.59,0.67
"19117",4,4,6.8975,1
"19119",3,3,19.4133333333333,1
"19121",3,3,8.54333333333333,1
"19123",7,7,10.4628571428571,1
"19125",8,8,9.8075,1
"19127",10,10,11.492,1
"19129",5,5,11.262,1
"19131",3,3,15.7633333333333,1
"19133",4,3,17.645,0.75
"19135",3,3,11.6966666666667,1
"19137",4,4,12.155,1
"19139",10,9,11.306,0.9
"19141",4,4,12.2325,1
"19143",2,2,11.97,1
"19145",6,6,8.20666666666667,1
"19147",4,4,11.5025,1
"19149",6,4,17.1216666666667,0.67
"19151",3,3,19.0333333333333,1
"19153",98,98,8.695,1
"19155",30,28,10.995,0.93
"19157",5,4,17.386,0.8
"19159",2,2,11.925,1
"19161",4,3,18.49,0.75
"19163",47,47,7.65191489361702,1
"19165",4,4,10.2575,1
"19167",7,7,6.38285714285714,1
"19169",20,20,8.824,1
"19171",6,2,33.9833333333333,0.33
"19173",3,1,32.3633333333333,0.33
"19175",4,3,14.1825,0.75
"19177",2,2,11.115,1
"19179",11,11,9.28727272727273,1
"19181",12,10,24.8075,0.83
"19183",5,5,12.408,1
"19185",3,3,13.8433333333333,1
"19187",12,11,12.0391666666667,0.92
"19189",3,0,36.6666666666667,0
"19191",5,5,12.372,1
"19193",26,23,12.3642307692308,0.88
"19195",3,1,31.3366666666667,0.33
"19197",5,5,13.308,1
"20001",5,5,12.886,1
"20003",2,2,13.19,1
"20005",4,4,7.985,1
"20007",2,2,0,1
"20009",8,8,5.00375,1
"20011",5,3,17.632,0.6
"20013",3,3,4.36333333333333,1
"20015",13,13,15.6361538461538,1
"20017",1,0,40.1,0
"20019",1,1,0,1
"20021",6,6,11.5166666666667,1
"20023",1,1,0,1
"20025",1,1,0,1
"20027",2,2,3.72,1
"20029",4,3,15.8275,0.75
"20031",3,2,10.3066666666667,0.67
"20033",1,1,0,1
"20035",11,11,10.6154545454545,1
"20037",11,11,9.77090909090909,1
"20039",2,2,11.555,1
"20041",6,6,12.2116666666667,1
"20043",3,3,21.8733333333333,1
"20045",22,21,11.0340909090909,0.95
"20047",2,2,7.42,1
"20049",1,0,47.11,0
"20051",6,5,12.4316666666667,0.83
"20053",2,2,13.545,1
"20055",12,12,4.82,1
"20057",7,6,15.4614285714286,0.86
"20059",5,5,8.598,1
"20061",8,8,6.16,1
"20063",2,1,25.11,0.5
"20065",2,2,4.16,1
"20067",2,2,3.3,1
"20069",2,0,37.335,0
"20071",1,1,0,1
"20073",3,2,23.13,0.67
"20075",1,1,0,1
"20077",3,3,9.28,1
"20079",6,6,9.63833333333333,1
"20081",1,1,0,1
"20083",1,1,0,1
"20085",3,3,14.0566666666667,1
"20087",4,2,23.025,0.5
"20089",2,1,18.22,0.5
"20091",130,130,7.11638461538462,1
"20093",1,1,0,1
"20095",3,1,24.41,0.33
"20097",1,1,0,1
"20099",8,7,10.70625,0.88
"20101",1,1,0,1
"20103",16,16,11.603125,1
"20105",1,1,0,1
"20107",2,0,41.53,0
"20109",1,1,0,1
"20111",8,8,9.585,1
"20113",7,7,8.58571428571429,1
"20115",4,3,15.4625,0.75
"20117",4,3,19.52,0.75
"20119",2,2,3.72,1
"20121",8,6,17.98375,0.75
"20123",2,1,21,0.5
"20125",13,6,21.8030769230769,0.46
"20127",2,1,16.58,0.5
"20129",1,1,0,1
"20131",3,3,9.11666666666667,1
"20133",5,3,16.226,0.6
"20135",2,2,0,1
"20137",1,1,0,1
"20139",5,0,38.914,0
"20141",1,1,0,1
"20143",2,1,16.37,0.5
"20145",2,2,14.58,1
"20147",3,3,13.8733333333333,1
"20149",4,4,3.2675,1
"20151",3,3,3.15666666666667,1
"20153",1,1,0,1
"20155",17,15,13.59,0.88
"20157",3,3,9.86,1
"20159",3,3,8.41,1
"20161",14,13,10.8435714285714,0.93
"20163",2,2,10.66,1
"20165",2,2,6.94,1
"20167",2,2,14.55,1
"20169",12,12,8.01,1
"20171",1,1,0,1
"20173",124,121,8.06153225806452,0.98
"20175",5,4,12.124,0.8
"20177",43,43,8.55302325581395,1
"20179",2,2,2.855,1
"20181",2,2,6.915,1
"20183",2,2,1.93,1
"20185",2,1,17.935,0.5
"20187",1,1,0,1
"20189",2,2,7.98,1
"20191",6,3,20.3883333333333,0.5
"20193",2,2,11.07,1
"20195",1,1,0,1
"20197",2,1,36.065,0.5
"20199",1,0,56.65,0
"20201",2,2,12.64,1
"20203",1,1,0,1
"20205",4,4,11.14,1
"20207",2,2,27.855,1
"20209",70,70,10.137,1
"21001",7,7,14.6228571428571,1
"21003",6,6,12.3533333333333,1
"21005",5,5,19.88,1
"21007",3,2,30.58,0.67
"21009",10,10,12.889,1
"21011",3,3,21.91,1
"21013",9,8,12.5533333333333,0.89
"21015",22,21,14.6122727272727,0.95
"21017",6,5,12.91,0.83
"21019",13,13,9.01923076923077,1
"21021",7,7,6.63142857142857,1
"21023",3,2,23.8733333333333,0.67
"21025",7,5,22.71,0.71
"21027",6,6,17.6,1
"21029",18,13,28.1555555555556,0.72
"21031",5,1,37.054,0.2
"21033",3,3,10.0133333333333,1
"21035",9,9,10.13,1
"21037",25,25,10.3244,1
"21039",3,1,32.0733333333333,0.33
"21041",3,3,11.7366666666667,1
"21043",7,1,34.7842857142857,0.14
"21045",5,4,19.044,0.8
"21047",19,19,10.0073684210526,1
"21049",10,10,9.61,1
"21051",6,5,18.52,0.83
"21053",3,3,7.82666666666667,1
"21055",4,4,11.6375,1
"21057",2,2,9.49,1
"21059",23,23,9.78695652173913,1
"21061",4,2,35.5725,0.5
"21063",2,0,45.295,0
"21065",4,4,13.5175,1
"21067",82,82,6.74756097560976,1
"21069",4,4,13.9275,1
"21071",10,10,11.637,1
"21073",11,11,8.11272727272727,1
"21075",2,2,25.465,1
"21077",2,0,34.98,0
"21079",4,4,17.52,1
"21081",4,4,13.47,1
"21083",9,9,13.8277777777778,1
"21085",7,7,14.22,1
"21087",4,4,13.995,1
"21089",9,8,13.74,0.89
"21091",3,3,20.33,1
"21093",22,22,7.37636363636364,1
"21095",11,9,19.0018181818182,0.82
"21097",5,5,11.898,1
"21099",5,3,22.418,0.6
"21101",11,11,8.82272727272727,1
"21103",5,3,27.714,0.6
"21105",1,0,37.75,0
"21107",12,12,14.31,1
"21109",3,2,30.34,0.67
"21111",191,191,10.3564921465969,1
"21113",9,8,20.8811111111111,0.89
"21115",6,6,13.5866666666667,1
"21117",41,41,8.13560975609756,1
"21119",5,4,26.818,0.8
"21121",8,8,15.69875,1
"21123",4,2,29.49,0.5
"21125",13,13,15.2269230769231,1
"21127",5,4,20.382,0.8
"21129",3,1,36.1533333333333,0.33
"21131",3,3,16.2566666666667,1
"21133",7,7,17.2942857142857,1
"21135",4,2,37.1475,0.5
"21137",6,6,13.6666666666667,1
"21139",2,2,12.695,1
"21141",6,6,14.0716666666667,1
"21143",3,1,29.9133333333333,0.33
"21145",17,17,7.26588235294118,1
"21147",4,2,29.725,0.5
"21149",3,0,36.3633333333333,0
"21151",19,19,8.68263157894737,1
"21153",4,0,35.45,0
"21155",6,6,13.7816666666667,1
"21157",6,6,14.1733333333333,1
"21159",3,0,35.8633333333333,0
"21161",5,5,12.672,1
"21163",8,7,19.535,0.88
"21165",2,0,41.72,0
"21167",5,5,11.202,1
"21169",3,1,32.5966666666667,0.33
"21171",4,3,18.47,0.75
"21173",6,6,9.15833333333333,1
"21175",5,5,17.41,1
"21177",9,8,17.6722222222222,0.89
"21179",9,9,14.6666666666667,1
"21181",2,2,27.795,1
"21183",7,6,17.8685714285714,0.86
"21185",14,14,13.0978571428571,1
"21187",3,3,17.08,1
"21189",2,0,43.775,0
"21191",3,1,32.8533333333333,0.33
"21193",8,7,18.6375,0.88
"21195",19,10,27.0357894736842,0.53
"21197",2,1,31.91,0.5
"21199",14,13,14.8371428571429,0.93
"21201",1,0,31.29,0
"21203",4,4,12.05,1
"21205",4,4,9.59,1
"21207",5,5,10.858,1
"21209",14,14,12.5364285714286,1
"21211",9,9,12.5933333333333,1
"21213",4,4,8.59,1
"21215",4,2,25.5475,0.5
"21217",5,5,9.568,1
"21219",4,3,25.5875,0.75
"21221",5,4,20.116,0.8
"21223",2,2,22.96,1
"21225",4,4,13.7675,1
"21227",24,23,10.295,0.96
"21229",3,2,24.7366666666667,0.67
"21231",5,5,12.368,1
"21233",4,1,29.6125,0.25
"21235",8,7,15.5025,0.88
"21237",2,2,23.375,1
"21239",8,8,11.09875,1
"22001",12,12,13.075,1
"22003",5,4,12.986,0.8
"22005",14,14,12.1,1
"22007",6,6,15,1
"22009",9,7,17.5577777777778,0.78
"22011",7,6,15.0885714285714,0.86
"22013",5,2,25.5,0.4
"22015",22,20,11.5254545454545,0.91
"22017",64,64,8.3184375,1
"22019",44,43,8.68818181818182,0.98
"22021",3,3,5.96333333333333,1
"22023",2,1,26.915,0.5
"22025",3,2,32.86,0.67
"22027",5,5,17.698,1
"22029",5,4,13.272,0.8
"22031",7,6,17.4185714285714,0.86
"22033",92,92,7.29532608695652,1
"22035",3,3,10.6533333333333,1
"22037",5,5,8.702,1
"22039",8,8,11.7125,1
"22041",6,5,17.085,0.83
"22043",5,2,37.236,0.4
"22045",15,15,8.85,1
"22047",7,5,18.9485714285714,0.71
"22049",5,4,14.398,0.8
"22051",126,126,6.17873015873016,1
"22053",7,7,13.0157142857143,1
"22055",43,43,5.62813953488372,1
"22057",23,23,11.9491304347826,1
"22059",3,3,5.89666666666667,1
"22061",10,10,7.649,1
"22063",17,15,17.7817647058824,0.88
"22065",5,4,19.452,0.8
"22067",8,8,9.7275,1
"22069",9,8,17.1577777777778,0.89
"22071",177,177,5.66598870056497,1
"22073",40,39,8.349,0.98
"22075",9,2,57.8766666666667,0.22
"22077",6,5,17.5366666666667,0.83
"22079",33,32,10.2463636363636,0.97
"22081",2,2,9.07,1
"22083",6,6,8.29,1
"22085",7,4,22.5828571428571,0.57
"22087",17,16,10.0688235294118,0.94
"22089",13,13,16.5615384615385,1
"22091",2,1,17.54,0.5
"22093",7,6,17.5057142857143,0.86
"22095",11,11,22.8718181818182,1
"22097",19,18,11.4310526315789,0.95
"22099",11,11,14.3118181818182,1
"22101",16,16,8.395625,1
"22103",43,42,9.57069767441861,0.98
"22105",20,20,9.145,1
"22107",3,0,52.41,0
"22109",21,19,10.9166666666667,0.9
"22111",6,6,10.8283333333333,1
"22113",12,11,13.1516666666667,0.92
"22115",12,11,15.1641666666667,0.92
"22117",11,10,14.6472727272727,0.91
"22119",11,11,11.0981818181818,1
"22121",5,5,14.864,1
"22123",3,2,17.1433333333333,0.67
"22125",3,1,29.6233333333333,0.33
"22127",4,4,9.095,1
"23001",28,26,12.0142857142857,0.93
"23003",24,16,20.2416666666667,0.67
"23005",66,62,30.3609090909091,0.94
"23007",9,5,38.6411111111111,0.56
"23009",17,10,24.3076470588235,0.59
"23011",31,29,14.7951612903226,0.94
"23013",10,7,25.427,0.7
"23015",10,9,20.435,0.9
"23017",17,9,25.8252941176471,0.53
"23019",46,39,19.6682608695652,0.85
"23021",8,5,26.75625,0.62
"23023",9,7,20.4677777777778,0.78
"23025",17,10,29.3305882352941,0.59
"23027",8,6,24.71,0.75
"23029",14,5,34.9692857142857,0.36
"23031",41,35,20.4519512195122,0.85
"24001",23,22,13.3291304347826,0.96
"24003",104,102,13.5292307692308,0.98
"24005",214,212,10.8495794392523,0.99
"24009",18,18,19.8605555555556,1
"24011",9,2,31.3855555555556,0.22
"24013",38,38,15.4931578947368,1
"24015",19,18,12.7026315789474,0.95
"24017",31,29,19.4629032258065,0.94
"24019",9,8,15.0622222222222,0.89
"24021",61,61,15.1667213114754,1
"24023",7,6,22.3342857142857,0.86
"24025",57,56,13.6582456140351,0.98
"24027",55,55,10.7187272727273,1
"24029",5,5,14.18,1
"24031",215,215,8.48493023255814,1
"24033",218,218,10.0965137614679,1
"24035",12,6,28.4733333333333,0.5
"24037",17,15,23.1435294117647,0.88
"24039",7,6,22.3642857142857,0.86
"24041",10,9,13.67,0.9
"24043",32,31,11.1896875,0.97
"24045",19,19,10.0863157894737,1
"24047",16,13,19.7575,0.81
"24510",200,200,4.21185,1
"25001",57,46,18.6752631578947,0.81
"25003",39,30,19.1705128205128,0.77
"25005",126,126,6.89674603174603,1
"25007",4,4,10.745,1
"25009",163,163,6.1,1
"25011",18,15,15.5383333333333,0.83
"25013",103,102,7.34135922330097,0.99
"25015",36,35,13.9508333333333,0.97
"25017",318,318,6.53135220125786,1
"25019",5,5,7.788,1
"25021",130,130,7.32092307692308,1
"25023",100,100,11.4975,1
"25025",204,204,4.27485294117647,1
"25027",172,171,9.21145348837209,0.99
"26001",5,0,60.08,0
"26003",3,1,28.8666666666667,0.33
"26005",24,21,15.7954166666667,0.88
"26007",9,7,18.0033333333333,0.78
"26009",7,0,38.9371428571429,0
"26011",5,3,24.79,0.6
"26013",2,2,13.87,1
"26015",11,11,20.9090909090909,1
"26017",27,26,9.47074074074074,0.96
"26019",5,5,17.53,1
"26021",48,47,11.63375,0.98
"26023",12,11,14.8008333333333,0.92
"26025",39,37,12.9751282051282,0.95
"26027",11,8,20.7345454545455,0.73
"26029",13,6,33.8653846153846,0.46
"26031",8,1,39.745,0.12
"26033",14,9,31.9878571428571,0.64
"26035",11,7,26.6618181818182,0.64
"26037",22,20,16.51,0.91
"26039",5,4,23.94,0.8
"26041",11,9,20.0245454545455,0.82
"26043",7,5,14.3457142857143,0.71
"26045",28,25,13.195,0.89
"26047",8,6,18.3625,0.75
"26049",131,122,15.0321374045802,0.93
"26051",9,7,21.0922222222222,0.78
"26053",7,5,23.94,0.71
"26055",16,14,15.9075,0.88
"26057",10,10,14.428,1
"26059",12,10,18.6991666666667,0.83
"26061",10,8,16.077,0.8
"26063",12,11,15.9691666666667,0.92
"26065",81,78,10.3413580246914,0.96
"26067",13,13,16.7223076923077,1
"26069",9,5,27.7755555555556,0.56
"26071",5,3,21.586,0.6
"26073",15,14,13.4786666666667,0.93
"26075",38,36,12.7763157894737,0.95
"26077",57,56,12.3808771929825,0.98
"26079",5,4,19.704,0.8
"26081",128,126,10.73484375,0.98
"26083",2,1,45.22,0.5
"26085",4,1,41.425,0.25
"26087",24,18,22.7704166666667,0.75
"26089",6,3,32.85,0.5
"26091",23,21,14.5413043478261,0.91
"26093",61,52,20.2396721311475,0.85
"26095",3,1,22.28,0.33
"26097",5,2,31.434,0.4
"26099",216,214,10.1202314814815,0.99
"26101",9,5,28.2377777777778,0.56
"26103",24,21,12.4020833333333,0.88
"26105",8,6,17.61,0.75
"26107",11,7,21.5890909090909,0.64
"26109",7,4,27.1185714285714,0.57
"26111",19,17,15.4178947368421,0.89
"26113",4,2,35.74,0.5
"26115",39,39,13.5238461538462,1
"26117",13,12,15.9384615384615,0.92
"26119",5,0,58.414,0
"26121",42,38,13.4316666666667,0.9
"26123",11,4,29.5918181818182,0.36
"26125",338,336,10.8213905325444,0.99
"26127",7,6,25.2614285714286,0.86
"26129",7,4,22.22,0.57
"26131",4,2,30.4875,0.5
"26133",6,4,23.295,0.67
"26135",5,0,60.22,0
"26137",6,5,18.3666666666667,0.83
"26139",53,52,14.3664150943396,0.98
"26141",6,0,57.875,0
"26143",10,3,34.495,0.3
"26145",56,51,11.8267857142857,0.91
"26147",49,38,17.9016326530612,0.78
"26149",17,17,10.3470588235294,1
"26151",12,5,24.1033333333333,0.42
"26153",3,2,36.0166666666667,0.67
"26155",17,14,18.8447058823529,0.82
"26157",13,8,24.1138461538462,0.62
"26159",15,15,14.512,1
"26161",100,100,9.6924,1
"26163",611,611,8.26378068739771,1
"26165",8,6,16.5725,0.75
"27001",6,2,28.9883333333333,0.33
"27003",83,79,14.6160240963855,0.95
"27005",10,9,19.385,0.9
"27007",10,7,18.86,0.7
"27009",9,8,16.4455555555556,0.89
"27011",3,3,8.05666666666667,1
"27013",16,15,11.014375,0.94
"27015",8,8,8.665,1
"27017",7,6,14.45,0.86
"27019",19,19,16.9021052631579,1
"27021",10,2,48.226,0.2
"27023",4,4,17.055,1
"27025",10,7,22.426,0.7
"27027",13,10,14.1853846153846,0.77
"27029",3,3,15.2966666666667,1
"27031",3,3,12.0633333333333,1
"27033",4,4,11.1575,1
"27035",16,11,21.238125,0.69
"27037",95,95,11.9249473684211,1
"27039",5,2,30.128,0.4
"27041",9,8,15.8777777777778,0.89
"27043",6,4,22.5083333333333,0.67
"27045",6,0,42.0666666666667,0
"27047",10,10,13.509,1
"27049",10,10,12.047,1
"27051",2,1,15.85,0.5
"27053",299,298,9.01588628762542,1
"27055",5,2,30.67,0.4
"27057",7,5,20.9028571428571,0.71
"27059",8,8,16.17875,1
"27061",11,7,20.5745454545455,0.64
"27063",4,3,14.3975,0.75
"27065",4,4,15.2925,1
"27067",12,11,14.4883333333333,0.92
"27069",2,1,15.195,0.5
"27071",4,3,29.5725,0.75
"27073",3,3,7.32,1
"27075",3,1,31.31,0.33
"27077",2,2,13.225,1
"27079",6,5,17.7116666666667,0.83
"27081",2,2,0,1
"27083",7,7,9.26285714285714,1
"27085",7,6,11.06,0.86
"27087",2,1,19.99,0.5
"27089",4,1,42.6775,0.25
"27091",6,5,18.26,0.83
"27093",6,6,12.7833333333333,1
"27095",7,5,19.6457142857143,0.71
"27097",8,5,21.1575,0.62
"27099",11,10,11.39,0.91
"27101",3,3,13.67,1
"27103",7,7,10.6,1
"27105",6,6,11.0533333333333,1
"27107",3,2,19.7333333333333,0.67
"27109",33,33,8.27272727272727,1
"27111",17,9,27.7629411764706,0.53
"27113",5,5,10.79,1
"27115",8,6,17.28625,0.75
"27117",5,5,14.69,1
"27119",10,7,15.769,0.7
"27121",4,4,15.2725,1
"27123",137,137,7.40248175182482,1
"27125",2,0,37.02,0
"27127",6,5,17.71,0.83
"27129",6,4,21.1266666666667,0.67
"27131",13,13,10.0638461538462,1
"27133",3,3,8.75,1
"27135",5,3,31.054,0.6
"27137",66,60,13.2257575757576,0.91
"27139",21,21,12.0242857142857,1
"27141",11,11,17.2309090909091,1
"27143",4,3,21.1475,0.75
"27145",29,26,14.3093103448276,0.9
"27147",8,7,13.87625,0.88
"27149",3,3,8.63666666666667,1
"27151",4,4,10.04,1
"27153",8,6,19.43,0.75
"27155",2,1,16.015,0.5
"27157",6,4,21.3316666666667,0.67
"27159",3,1,22.5466666666667,0.33
"27161",5,4,11.56,0.8
"27163",50,50,11.6726,1
"27165",3,3,3.15333333333333,1
"27167",2,2,14.1,1
"27169",10,9,13.952,0.9
"27171",17,15,16.7223529411765,0.88
"27173",4,3,18.0275,0.75
"28001",9,9,11.4,1
"28003",7,7,14.0528571428571,1
"28005",3,1,28.35,0.33
"28007",6,6,13.3583333333333,1
"28009",2,0,32.52,0
"28011",8,7,14.58625,0.88
"28013",5,5,13.904,1
"28015",2,0,34.68,0
"28017",4,4,15.56,1
"28019",3,3,9.02333333333333,1
"28021",3,3,7.07666666666667,1
"28023",4,4,17.87,1
"28025",5,4,22.242,0.8
"28027",7,7,8.97428571428572,1
"28029",6,2,34.2233333333333,0.33
"28031",4,4,13.63,1
"28033",33,31,11.2215151515152,0.94
"28035",17,17,10.8464705882353,1
"28037",2,1,15.25,0.5
"28039",5,5,16.642,1
"28041",2,1,24.495,0.5
"28043",5,5,11.156,1
"28045",7,6,14.5771428571429,0.86
"28047",45,45,9.21577777777778,1
"28049",64,61,10.30921875,0.95
"28051",5,4,23.21,0.8
"28053",3,1,30.4333333333333,0.33
"28055",1,0,35.96,0
"28057",5,1,33.894,0.2
"28059",28,25,12.1710714285714,0.89
"28061",4,3,21.405,0.75
"28063",2,2,1.62,1
"28065",3,2,20.6266666666667,0.67
"28067",14,13,15.7492857142857,0.93
"28069",2,1,15.09,0.5
"28071",10,9,13.255,0.9
"28073",8,8,13.06,1
"28075",19,18,8.80473684210526,0.95
"28077",3,3,15.85,1
"28079",5,5,17.876,1
"28081",19,17,16.9415789473684,0.89
"28083",8,7,11.08375,0.88
"28085",6,6,15.89,1
"28087",14,14,14.4,1
"28089",21,20,16.1695238095238,0.95
"28091",6,6,14.6033333333333,1
"28093",6,6,18.2316666666667,1
"28095",9,9,12.1822222222222,1
"28097",3,3,15.82,1
"28099",7,7,9.71857142857143,1
"28101",5,2,27.968,0.4
"28103",3,3,12.9233333333333,1
"28105",8,8,9.31125,1
"28107",6,3,25.5116666666667,0.5
"28109",9,9,12.4533333333333,1
"28111",3,2,22.5033333333333,0.67
"28113",8,7,10.5075,0.88
"28115",6,6,15.7366666666667,1
"28117",5,4,17.726,0.8
"28119",3,1,30.9233333333333,0.33
"28121",27,26,14.5962962962963,0.96
"28123",6,5,10.5166666666667,0.83
"28125",2,2,5.265,1
"28127",5,5,10.954,1
"28129",3,2,23.5833333333333,0.67
"28131",3,2,16.0966666666667,0.67
"28133",7,7,6.33142857142857,1
"28135",4,3,20.0375,0.75
"28137",5,4,20.85,0.8
"28139",4,4,11.59,1
"28141",4,3,15.8325,0.75
"28143",3,0,45.7666666666667,0
"28145",6,6,17.05,1
"28147",3,3,13.6766666666667,1
"28149",12,12,10.1808333333333,1
"28151",19,16,11.9568421052632,0.84
"28153",4,3,18.27,0.75
"28155",3,2,15.6066666666667,0.67
"28157",2,0,47.46,0
"28159",5,5,14.646,1
"28161",3,2,20.2366666666667,0.67
"28163",6,5,16.9366666666667,0.83
"29001",7,7,9.03571428571428,1
"29003",4,3,25.1775,0.75
"29005",2,2,11.83,1
"29007",7,5,15.3957142857143,0.71
"29009",7,6,17.2542857142857,0.86
"29011",3,3,12.5233333333333,1
"29013",4,4,16.8475,1
"29015",6,0,48.405,0
"29017",3,0,46.3666666666667,0
"29019",29,29,10.0010344827586,1
"29021",25,25,9.5068,1
"29023",10,9,12.407,0.9
"29025",2,0,45.09,0
"29027",8,8,12.82125,1
"29029",11,6,30.1690909090909,0.55
"29031",16,16,11.07875,1
"29033",3,1,20.1966666666667,0.33
"29035",2,0,42.335,0
"29037",20,20,12.801,1
"29039",3,1,24.2633333333333,0.33
"29041",3,0,38.93,0
"29043",14,13,19.0385714285714,0.93
"29045",3,2,29.2966666666667,0.67
"29047",44,44,9.32636363636364,1
"29049",4,4,15.29,1
"29051",15,15,10.944,1
"29053",5,5,11.564,1
"29055",6,3,29.8233333333333,0.5
"29057",2,0,47.9,0
"29059",3,0,47.81,0
"29061",2,0,42.875,0
"29063",2,0,39.255,0
"29065",4,3,18.1325,0.75
"29067",3,0,72.3666666666667,0
"29069",10,10,17.831,1
"29071",17,13,20.9358823529412,0.76
"29073",5,2,28.088,0.4
"29075",2,1,15.84,0.5
"29077",62,61,7.99548387096774,0.98
"29079",4,4,9.1975,1
"29081",3,2,21.9833333333333,0.67
"29083",6,6,11.005,1
"29085",3,0,61.68,0
"29087",3,0,41.46,0
"29089",3,2,31.0333333333333,0.67
"29091",8,7,13.20125,0.88
"29093",4,2,19.6725,0.5
"29095",199,199,7.57708542713568,1
"29097",22,20,15.3313636363636,0.91
"29099",42,37,18.9783333333333,0.88
"29101",9,8,17.7622222222222,0.89
"29103",2,0,47.705,0
"29105",6,6,7.735,1
"29107",7,7,19.6271428571429,1
"29109",7,6,17.9014285714286,0.86
"29111",4,2,32.8675,0.5
"29113",7,6,17.13,0.86
"29115",5,5,15.388,1
"29117",5,5,7.876,1
"29119",4,1,34.9325,0.25
"29121",5,4,13.912,0.8
"29123",3,2,13.5866666666667,0.67
"29125",3,0,38.3866666666667,0
"29127",8,7,21.81125,0.88
"29129",2,0,44.71,0
"29131",5,0,39.472,0
"29133",4,2,27.47,0.5
"29135",4,0,37.655,0
"29137",3,1,37.1666666666667,0.33
"29139",4,1,36.3675,0.25
"29141",5,0,51.132,0
"29143",6,2,31.6783333333333,0.33
"29145",12,11,11.7208333333333,0.92
"29147",5,4,14.662,0.8
"29149",3,0,52.43,0
"29151",4,0,47.5625,0
"29153",2,0,55.37,0
"29155",6,6,16.5916666666667,1
"29157",5,5,8.77,1
"29159",11,11,11.6263636363636,1
"29161",10,9,12.659,0.9
"29163",5,5,18.62,1
"29165",20,20,11.6065,1
"29167",4,1,31.23,0.25
"29169",9,7,15.7866666666667,0.78
"29171",2,2,3.025,1
"29173",3,0,49.34,0
"29175",6,6,10.185,1
"29177",4,4,17.07,1
"29179",2,0,72.38,0
"29181",4,4,18.3025,1
"29183",79,79,9.30075949367089,1
"29185",3,3,18.0533333333333,1
"29186",4,3,18.2675,0.75
"29187",11,11,14.63,1
"29189",199,199,8.50628140703518,1
"29195",8,6,17.20375,0.75
"29197",2,0,32.49,0
"29199",2,2,5.015,1
"29201",10,10,14.744,1
"29203",2,1,40.595,0.5
"29205",3,1,36.52,0.33
"29207",8,6,18.9975,0.75
"29209",6,1,34.26,0.17
"29211",3,3,10.68,1
"29213",10,9,19.953,0.9
"29215",4,1,27.39,0.25
"29217",6,6,11.8716666666667,1
"29219",5,3,27.728,0.6
"29221",5,2,26.952,0.4
"29223",4,0,58.1675,0
"29225",8,1,35.6075,0.12
"29227",1,0,42.27,0
"29229",4,0,57.9975,0
"29510",106,106,4.76820754716981,1
"30001",3,2,27.03,0.67
"30003",5,2,47.272,0.4
"30005",4,1,35.815,0.25
"30007",2,2,8.405,1
"30009",5,2,33.166,0.4
"30011",1,1,0,1
"30013",22,19,13.33,0.86
"30015",2,2,0,1
"30017",6,6,7.92333333333333,1
"30019",1,1,0,1
"30021",3,2,20.15,0.67
"30023",3,3,1.59666666666667,1
"30025",1,1,0,1
"30027",2,2,12.05,1
"30029",19,17,14.2310526315789,0.89
"30031",22,18,17.69,0.82
"30033",1,1,0,1
"30035",4,3,20.065,0.75
"30037",1,0,66.26,0
"30039",1,1,0,1
"30041",6,4,29.315,0.67
"30043",3,1,29.7733333333333,0.33
"30045",1,0,52.52,0
"30047",8,5,25.64125,0.62
"30049",14,11,27.0435714285714,0.79
"30051",1,1,0,1
"30053",5,3,35.648,0.6
"30055",1,1,0,1
"30057",3,2,30.5733333333333,0.67
"30059",1,1,0,1
"30061",2,1,27.62,0.5
"30063",20,18,15.4565,0.9
"30065",2,2,12.895,1
"30067",6,3,44.4133333333333,0.5
"30069",1,0,63.88,0
"30071",1,1,0,1
"30073",2,1,24.745,0.5
"30075",1,0,143.7,0
"30077",2,1,31.37,0.5
"30079",1,1,0,1
"30081",10,8,28.12,0.8
"30083",4,3,20.4875,0.75
"30085",3,3,0,1
"30087",4,1,63.0575,0.25
"30089",3,1,44.23,0.33
"30091",2,1,21.27,0.5
"30093",8,8,5.055,1
"30095",3,1,33.94,0.33
"30097",1,1,0,1
"30099",3,2,22.1766666666667,0.67
"30101",3,2,18.51,0.67
"30103",1,0,52.37,0
"30105",3,2,20,0.67
"30107",1,1,0,1
"30109",1,0,39.62,0
"30111",32,31,10.7196875,0.97
"31001",9,9,6.61888888888889,1
"31003",3,3,9.33,1
"31005",1,0,44.99,0
"31007",1,0,30.88,0
"31009",1,0,58.84,0
"31011",2,2,5.075,1
"31013",3,3,7.76333333333333,1
"31015",1,1,0,1
"31017",1,1,0,1
"31019",11,10,7.95909090909091,0.91
"31021",3,3,13.9966666666667,1
"31023",3,3,9.85333333333333,1
"31025",6,4,25.9633333333333,0.67
"31027",2,1,28.095,0.5
"31029",1,1,0,1
"31031",2,1,36.815,0.5
"31033",3,3,5.06333333333333,1
"31035",2,1,28.605,0.5
"31037",3,3,11.5066666666667,1
"31039",3,3,13.3133333333333,1
"31041",4,4,12.55,1
"31043",4,4,9.4125,1
"31045",2,2,12.685,1
"31047",7,7,6.12571428571429,1
"31049",1,1,23.56,1
"31051",2,1,25.745,0.5
"31053",9,9,8.99444444444444,1
"31055",156,156,6.31653846153846,1
"31057",1,1,0,1
"31059",2,2,9.46,1
"31061",2,2,9.365,1
"31063",1,0,46.12,0
"31065",1,1,0,1
"31067",7,7,11.5485714285714,1
"31069",1,1,0,1
"31071",1,1,23.69,1
"31073",1,1,25.07,1
"31075",1,0,79.34,0
"31077",1,0,41.57,0
"31079",14,14,7.49428571428571,1
"31081",3,3,8.48333333333333,1
"31083",1,1,0,1
"31085",1,0,50.95,0
"31087",1,0,30.39,0
"31089",4,4,8.0625,1
"31091",1,0,85.98,0
"31093",2,2,9.455,1
"31095",3,3,3.31333333333333,1
"31097",2,2,7.745,1
"31099",2,2,3.91,1
"31101",3,3,2.96666666666667,1
"31103",1,0,36.11,0
"31105",1,1,0,1
"31107",3,2,20.5533333333333,0.67
"31109",74,74,7.60135135135135,1
"31111",8,8,11.8375,1
"31113",1,0,39.29,0
"31115",1,0,42.78,0
"31117",1,0,51.03,0
"31119",9,9,6.19444444444444,1
"31121",3,3,11.7533333333333,1
"31123",1,1,0,1
"31125",1,1,0,1
"31127",2,2,4.64,1
"31129",2,2,8.235,1
"31131",5,5,6.474,1
"31133",1,1,0,1
"31135",1,1,0,1
"31137",3,3,5.52333333333333,1
"31139",2,2,9.91,1
"31141",7,7,8.93142857142857,1
"31143",2,2,6.19,1
"31145",3,3,6.34333333333333,1
"31147",3,3,11.5166666666667,1
"31149",1,1,0,1
"31151",4,4,9.5825,1
"31153",43,43,9.58604651162791,1
"31155",5,4,18.228,0.8
"31157",11,11,11.1927272727273,1
"31159",4,4,5.935,1
"31161",2,1,18.455,0.5
"31163",1,0,35.75,0
"31165",1,0,55.12,0
"31167",2,2,18.895,1
"31169",2,2,7.88,1
"31171",1,0,78.38,0
"31173",2,2,0,1
"31175",2,2,4.295,1
"31177",5,5,9.12,1
"31179",2,2,6.28,1
"31181",2,2,10.615,1
"31183",1,0,45.03,0
"31185",4,4,2.985,1
"32001",7,7,10.6471428571429,1
"32003",487,482,7.39872689938398,0.99
"32005",17,16,15.5341176470588,0.94
"32007",14,3,43.5092857142857,0.21
"32009",1,0,131.06,0
"32011",1,0,122.04,0
"32013",4,3,28.765,0.75
"32015",1,1,0,1
"32017",2,1,38.29,0.5
"32019",10,5,30.985,0.5
"32021",2,2,14.37,1
"32023",10,6,69.223,0.6
"32027",1,1,0,1
"32029",1,0,32.77,0
"32031",112,108,11.425,0.96
"32033",3,2,27.2633333333333,0.67
"32510",14,14,6.77714285714286,1
"33001",15,13,16.4113333333333,0.87
"33003",11,8,24.0845454545455,0.73
"33005",16,13,19.805625,0.81
"33007",11,8,16.9063636363636,0.73
"33009",19,13,21.9910526315789,0.68
"33011",86,84,10.1802325581395,0.98
"33013",36,33,16.4469444444444,0.92
"33015",65,62,14.3478461538462,0.95
"33017",25,24,11.74,0.96
"33019",10,8,19.131,0.8
"34001",69,69,9.41884057971014,1
"34003",179,179,5.93150837988827,1
"34005",114,113,9.86456140350877,0.99
"34007",127,127,6.21070866141732,1
"34009",32,32,13.664375,1
"34011",34,33,12.7670588235294,0.97
"34013",210,210,4.26957142857143,1
"34015",63,63,9.75,1
"34017",166,166,4.29692771084337,1
"34019",26,25,17.4861538461538,0.96
"34021",77,77,6.41558441558442,1
"34023",175,175,9.36428571428571,1
"34025",144,144,9.50840277777778,1
"34027",100,100,8.9965,1
"34029",126,125,11.3361904761905,0.99
"34031",100,100,5.7294,1
"34033",24,24,12.2083333333333,1
"34035",68,68,10.6038235294118,1
"34037",41,39,18.77,0.95
"34039",108,108,6.30157407407407,1
"34041",23,23,11.1039130434783,1
"35001",153,149,9.07437908496732,0.97
"35003",1,0,111.61,0
"35005",16,14,10.483125,0.88
"35006",7,6,17.0342857142857,0.86
"35007",3,2,30.38,0.67
"35009",12,11,10.5366666666667,0.92
"35011",1,0,78.47,0
"35013",41,40,13.5336585365854,0.98
"35015",12,11,8.17083333333333,0.92
"35017",8,5,20.89625,0.62
"35019",1,1,0,1
"35021",1,0,116.97,0
"35023",2,0,77.13,0
"35025",18,16,12.7577777777778,0.89
"35027",5,3,36.986,0.6
"35028",4,4,8.09,1
"35029",6,5,10.27,0.83
"35031",17,9,27.7123529411765,0.53
"35033",1,0,51.58,0
"35035",16,13,13.380625,0.81
"35037",3,3,6.14666666666667,1
"35039",9,5,41.0022222222222,0.56
"35041",5,5,8.712,1
"35043",28,21,22.2507142857143,0.75
"35045",33,27,19.6354545454545,0.82
"35047",7,5,19.67,0.71
"35049",50,45,14.507,0.9
"35051",4,3,21.735,0.75
"35053",6,3,38.06,0.5
"35055",6,3,30.7583333333333,0.5
"35057",4,0,67.3825,0
"35059",1,1,0,1
"35061",18,7,36.2711111111111,0.39
"36001",75,72,9.72133333333333,0.96
"36003",13,9,23.2830769230769,0.69
"36005",339,339,3.75808259587021,1
"36007",55,51,11.8507272727273,0.93
"36009",21,14,23.1190476190476,0.67
"36011",19,15,16.2394736842105,0.79
"36013",35,33,10.1917142857143,0.94
"36015",22,22,8.59545454545455,1
"36017",12,9,21.3791666666667,0.75
"36019",19,15,16.6631578947368,0.79
"36021",21,19,20.2433333333333,0.9
"36023",12,10,11.1975,0.83
"36025",14,9,21.5114285714286,0.64
"36027",79,73,15.8254430379747,0.92
"36029",237,235,8.61016877637131,0.99
"36031",13,7,28.4684615384615,0.54
"36033",14,10,19.8057142857143,0.71
"36035",15,15,11.132,1
"36037",15,15,11.784,1
"36039",15,8,31.606,0.53
"36041",4,0,75.69,0
"36043",19,16,20.3789473684211,0.84
"36045",26,21,18.0153846153846,0.81
"36047",761,761,4.23409986859396,1
"36049",7,2,32.12,0.29
"36051",15,13,24.9646666666667,0.87
"36053",16,NA,NA,NA
"36055",192,192,8.88864583333333,1
"36057",16,13,12.34375,0.81
"36059",279,279,6.30637992831541,1
"36061",288,288,2.89340277777778,1
"36063",61,60,8.43508196721312,0.98
"36065",74,NA,NA,NA
"36067",140,138,11.5267857142857,0.99
"36069",25,23,10.8712,0.92
"36071",79,79,11.8813924050633,1
"36073",10,10,13.445,1
"36075",29,19,22.6779310344828,0.66
"36077",17,13,17.4011764705882,0.76
"36079",19,19,17.3115789473684,1
"36081",669,669,5.03756352765321,1
"36083",42,40,13.9942857142857,0.95
"36085",109,109,7.20100917431193,1
"36087",65,65,9.21846153846154,1
"36089",28,26,15.1589285714286,0.93
"36091",50,48,16.782,0.96
"36093",43,43,7.85651162790698,1
"36095",8,4,23.9075,0.5
"36097",5,4,17.56,0.8
"36099",10,8,21.264,0.8
"36101",30,26,15.6453333333333,0.87
"36103",323,322,10.5694427244582,1
"36105",24,20,22.2545833333333,0.83
"36107",10,7,26.613,0.7
"36109",23,23,14.1113043478261,1
"36111",47,44,16.0976595744681,0.94
"36113",19,14,19.5621052631579,0.74
"36115",17,10,30.9029411764706,0.59
"36117",23,15,25.6873913043478,0.65
"36119",223,223,6.14816143497758,1
"36121",11,10,20.5954545454545,0.91
"36123",5,5,15.762,1
"37001",36,30,22.1991666666667,0.83
"37003",7,4,28.2885714285714,0.57
"37005",3,3,12.2466666666667,1
"37007",6,6,13.53,1
"37009",6,4,19.41,0.67
"37011",5,5,14.522,1
"37013",11,7,20.6436363636364,0.64
"37015",4,4,19.195,1
"37017",6,5,20.8883333333333,0.83
"37019",33,23,22.3312121212121,0.7
"37021",56,54,13.7408928571429,0.96
"37023",18,16,16.8122222222222,0.89
"37025",37,37,14.2175675675676,1
"37027",17,17,15.0847058823529,1
"37029",2,2,25.01,1
"37031",38,27,19.6665789473684,0.71
"37033",6,3,27.32,0.5
"37035",31,31,12.8306451612903,1
"37037",13,13,17.4676923076923,1
"37039",7,4,24.4671428571429,0.57
"37041",3,3,8.21666666666667,1
"37043",2,2,27.995,1
"37045",22,21,13.7236363636364,0.95
"37047",13,10,21.3876923076923,0.77
"37049",21,18,13.4633333333333,0.86
"37051",68,68,10.0327941176471,1
"37053",8,2,43.18625,0.25
"37055",11,9,27.2218181818182,0.82
"37057",34,32,14.79,0.94
"37059",7,7,18.7585714285714,1
"37061",11,10,21.8409090909091,0.91
"37063",60,60,10.2906666666667,1
"37065",14,13,14.41,0.93
"37067",93,93,11.4734408602151,1
"37069",12,3,33.79,0.25
"37071",65,65,12.3775384615385,1
"37073",3,1,35.1933333333333,0.33
"37075",3,0,52.2166666666667,0
"37077",13,9,22.3023076923077,0.69
"37079",4,4,26.1225,1
"37081",119,119,10.3339495798319,1
"37083",12,11,13.745,0.92
"37085",27,23,20.8607407407407,0.85
"37087",16,15,16.614375,0.94
"37089",27,26,11.7740740740741,0.96
"37091",5,5,12.104,1
"37093",9,7,18.6455555555556,0.78
"37095",2,0,128.055,0
"37097",44,43,14.2997727272727,0.98
"37099",9,7,19.5966666666667,0.78
"37101",25,25,15.2792,1
"37103",3,0,36.2366666666667,0
"37105",13,13,10.9707692307692,1
"37107",15,15,11.7153333333333,1
"37109",18,16,18.0211111111111,0.89
"37111",10,10,14.111,1
"37113",9,8,15.7788888888889,0.89
"37115",6,1,44.015,0.17
"37117",6,6,13.7633333333333,1
"37119",233,233,10.7802575107296,1
"37121",4,3,16.4975,0.75
"37123",6,6,21.28,1
"37125",18,15,17.7827777777778,0.83
"37127",18,17,13.2961111111111,0.94
"37129",45,45,11.1673333333333,1
"37131",5,3,26.2,0.6
"37133",32,29,14.6034375,0.91
"37135",28,27,12.9632142857143,0.96
"37137",4,1,38.545,0.25
"37139",10,10,12.721,1
"37141",16,3,37.84375,0.19
"37143",3,2,27.14,0.67
"37145",7,7,14.4642857142857,1
"37147",32,32,14.348125,1
"37149",7,7,14.0714285714286,1
"37151",28,26,16.6396428571429,0.93
"37153",11,11,9.88181818181818,1
"37155",31,29,18.391935483871,0.94
"37157",21,18,15.6971428571429,0.86
"37159",30,29,16.5603333333333,0.97
"37161",13,11,19.1038461538462,0.85
"37163",11,9,18.7190909090909,0.82
"37165",7,7,8.99285714285714,1
"37167",13,12,16.7715384615385,0.92
"37169",9,9,21.4144444444444,1
"37171",22,22,13.0827272727273,1
"37173",5,3,24.14,0.6
"37175",7,7,14.6614285714286,1
"37177",1,0,40.73,0
"37179",41,41,16.1653658536585,1
"37181",10,10,13.815,1
"37183",187,187,12.4408021390374,1
"37185",6,1,40.335,0.17
"37187",3,2,16.7133333333333,0.67
"37189",13,12,15.7953846153846,0.92
"37191",26,26,14.2676923076923,1
"37193",14,14,15.3928571428571,1
"37195",19,19,9.81263157894737,1
"37197",7,7,14.1714285714286,1
"37199",5,2,30.254,0.4
"38001",1,1,0,1
"38003",4,4,9.125,1
"38005",4,2,41.3325,0.5
"38007",1,0,64.9,0
"38009",3,2,19.9466666666667,0.67
"38011",2,2,2.935,1
"38013",1,0,79.59,0
"38015",19,17,11.2821052631579,0.89
"38017",33,30,8.96151515151515,0.91
"38019",2,2,3.925,1
"38021",3,1,31.2066666666667,0.33
"38023",1,1,0,1
"38025",1,0,67,0
"38027",1,0,41.12,0
"38029",1,1,0,1
"38031",1,1,0,1
"38033",1,0,58.47,0
"38035",18,17,9.91944444444444,0.94
"38037",1,1,0,1
"38039",1,1,0,1
"38041",2,0,54.49,0
"38043",1,0,65.82,0
"38045",2,0,50.74,0
"38047",1,0,75.55,0
"38049",2,0,59.725,0
"38051",1,1,0,1
"38053",4,2,35.0025,0.5
"38055",2,1,20.585,0.5
"38057",3,3,10.6333333333333,1
"38059",5,3,20.878,0.6
"38061",3,1,35.8666666666667,0.33
"38063",1,1,0,1
"38065",1,0,34.56,0
"38067",5,2,30.134,0.4
"38069",2,2,14.47,1
"38071",3,2,18.9433333333333,0.67
"38073",3,2,17.9033333333333,0.67
"38075",1,0,67.26,0
"38077",6,0,42.5366666666667,0
"38079",4,4,13.665,1
"38081",2,0,36.54,0
"38083",1,0,83.38,0
"38085",2,1,18.175,0.5
"38087",1,0,40.24,0
"38089",8,7,12.71625,0.88
"38091",1,0,41.12,0
"38093",6,5,11.52,0.83
"38095",1,1,0,1
"38097",4,4,11.405,1
"38099",6,6,9.755,1
"38101",13,12,9.27384615384615,0.92
"38103",2,1,18.35,0.5
"38105",7,5,12.2942857142857,0.71
"39001",6,5,21.295,0.83
"39003",33,33,8.09484848484849,1
"39005",11,11,11.8718181818182,1
"39007",25,22,10.8452,0.88
"39009",15,15,13.81,1
"39011",11,11,15.7027272727273,1
"39013",20,19,10.9775,0.95
"39015",9,3,30.4655555555556,0.33
"39017",80,80,9.64025,1
"39019",7,1,38.3471428571429,0.14
"39021",10,9,15.12,0.9
"39023",44,44,10.9436363636364,1
"39025",40,37,20.255,0.92
"39027",9,9,15.4188888888889,1
"39029",24,22,13.8475,0.92
"39031",10,8,16.548,0.8
"39033",13,13,8.56461538461538,1
"39035",446,446,7.11056053811659,1
"39037",12,12,14.9133333333333,1
"39039",9,9,7.45555555555556,1
"39041",35,35,10.4945714285714,1
"39043",19,18,12.03,0.95
"39045",28,27,12.4296428571429,0.96
"39047",7,7,10.2628571428571,1
"39049",284,284,7.36947183098592,1
"39051",9,9,17.5244444444444,1
"39053",7,4,21.7057142857143,0.57
"39055",21,21,15.7871428571429,1
"39057",35,35,11.384,1
"39059",10,8,16.228,0.8
"39061",222,222,8.07630630630631,1
"39063",13,13,9.48461538461538,1
"39065",7,7,15.4585714285714,1
"39067",5,5,15.72,1
"39069",7,6,15.3271428571429,0.86
"39071",9,9,13.0966666666667,1
"39073",7,6,15.4785714285714,0.86
"39075",8,8,15.71125,1
"39077",13,13,10.7815384615385,1
"39079",7,6,14.2242857142857,0.86
"39081",23,23,12.0691304347826,1
"39083",12,12,16.4691666666667,1
"39085",59,59,12.7815254237288,1
"39087",16,15,14.250625,0.94
"39089",32,32,14.5146875,1
"39091",11,11,13.64,1
"39093",73,72,9.84520547945205,0.99
"39095",127,127,6.05803149606299,1
"39097",12,12,15.3983333333333,1
"39099",70,70,8.61714285714286,1
"39101",18,18,8.92777777777778,1
"39103",37,37,13.1510810810811,1
"39105",6,2,34.4233333333333,0.33
"39107",9,9,15.0711111111111,1
"39109",21,21,13.3052380952381,1
"39111",4,2,30.51,0.5
"39113",153,153,7.46856209150327,1
"39115",4,0,54.2575,0
"39117",6,6,15.8933333333333,1
"39119",19,17,16.4815789473684,0.89
"39121",3,0,34.7633333333333,0
"39123",13,11,18.1384615384615,0.85
"39125",5,5,16.282,1
"39127",6,2,35.905,0.33
"39129",13,13,15.7592307692308,1
"39131",6,5,15.4083333333333,0.83
"39133",35,35,14.8102857142857,1
"39135",12,9,27.8941666666667,0.75
"39137",7,4,29.6842857142857,0.57
"39139",30,30,8.76766666666667,1
"39141",17,16,13.2958823529412,0.94
"39143",15,15,9.65333333333333,1
"39145",20,18,16.464,0.9
"39147",14,14,11.9114285714286,1
"39149",10,10,14.591,1
"39151",86,86,9.41383720930233,1
"39153",135,135,9.0237037037037,1
"39155",55,53,11.274,0.96
"39157",21,20,13.1885714285714,0.95
"39159",10,9,13.466,0.9
"39161",9,9,8.94111111111111,1
"39163",3,0,34.0866666666667,0
"39165",33,32,15.2660606060606,0.97
"39167",16,14,13.9,0.88
"39169",32,32,12.941875,1
"39171",9,9,9.52,1
"39173",28,28,12.1535714285714,1
"39175",6,6,12.1183333333333,1
"40001",5,4,18.486,0.8
"40003",3,0,40.55,0
"40005",4,4,13.1775,1
"40007",3,3,15.9666666666667,1
"40009",4,4,6.5125,1
"40011",5,5,9.592,1
"40013",11,9,19.3454545454545,0.82
"40015",8,7,18.32625,0.88
"40017",29,29,10.9824137931034,1
"40019",11,11,11.6118181818182,1
"40021",9,9,12.1044444444444,1
"40023",5,5,11.118,1
"40025",2,2,4.7,1
"40027",62,60,9.15951612903226,0.97
"40029",2,2,10.465,1
"40031",32,31,8.684375,0.97
"40033",2,0,42.26,0
"40035",5,5,10.462,1
"40037",21,21,10.312380952381,1
"40039",5,5,8.41,1
"40041",9,7,19.3066666666667,0.78
"40043",3,1,44.04,0.33
"40045",2,1,15.335,0.5
"40047",12,12,9.21,1
"40049",9,8,16.0644444444444,0.89
"40051",10,7,19.692,0.7
"40053",2,1,35.075,0.5
"40055",2,2,10.445,1
"40057",1,1,0,1
"40059",2,1,19.49,0.5
"40061",4,2,24.165,0.5
"40063",5,4,15.982,0.8
"40065",8,7,13.875,0.88
"40067",3,3,16.61,1
"40069",3,2,24.9833333333333,0.67
"40071",11,11,8.66272727272727,1
"40073",4,3,19.095,0.75
"40075",3,2,23.8233333333333,0.67
"40077",3,3,7.05666666666667,1
"40079",12,11,18.5325,0.92
"40081",7,5,17.7385714285714,0.71
"40083",8,8,13.02875,1
"40085",3,3,10.2166666666667,1
"40087",6,5,19.75,0.83
"40089",8,5,27.345,0.62
"40091",6,1,36.69,0.17
"40093",3,2,20.6633333333333,0.67
"40095",4,3,16.0975,0.75
"40097",9,7,16.3811111111111,0.78
"40099",3,3,5.60333333333333,1
"40101",16,15,11.088125,0.94
"40103",4,4,10.21,1
"40105",4,4,7.5575,1
"40107",4,4,14.4225,1
"40109",241,240,6.10240663900415,1
"40111",10,10,7.287,1
"40113",11,9,18.5418181818182,0.82
"40115",9,9,11.6266666666667,1
"40117",5,4,18.3,0.8
"40119",17,17,8.01176470588235,1
"40121",13,10,18.0123076923077,0.77
"40123",10,9,10.685,0.9
"40125",16,13,14.16875,0.81
"40127",3,1,32.8666666666667,0.33
"40129",1,1,0,1
"40131",28,28,11.7071428571429,1
"40133",9,7,17.33,0.78
"40135",9,7,16.6133333333333,0.78
"40137",11,10,11.0981818181818,0.91
"40139",5,3,15.83,0.6
"40141",5,0,47.702,0
"40143",175,175,7.1488,1
"40145",22,22,13.0331818181818,1
"40147",13,13,10.4130769230769,1
"40149",4,1,25.49,0.25
"40151",3,2,18.1166666666667,0.67
"40153",5,5,7.32,1
"41001",6,3,42.2566666666667,0.5
"41003",18,18,12.4027777777778,1
"41005",80,73,14.72775,0.91
"41007",11,10,15.62,0.91
"41009",10,2,34.211,0.2
"41011",13,13,10.65,1
"41013",4,3,17.2625,0.75
"41015",5,4,13.96,0.8
"41017",24,18,18.2670833333333,0.75
"41019",22,12,24.9340909090909,0.55
"41021",1,0,81.69,0
"41023",2,1,31.32,0.5
"41025",2,1,25.695,0.5
"41027",4,4,11.7175,1
"41029",41,35,14.8439024390244,0.85
"41031",6,3,19.9533333333333,0.5
"41033",16,13,18.85,0.81
"41035",20,14,27.2995,0.7
"41037",2,1,79.265,0.5
"41039",86,80,11.7540697674419,0.93
"41041",18,16,15.4605555555556,0.89
"41043",21,18,13.9652380952381,0.86
"41045",8,4,103.78625,0.5
"41047",58,57,11.5548275862069,0.98
"41049",2,1,15.025,0.5
"41051",171,171,7.78228070175439,1
"41053",12,11,12.9591666666667,0.92
"41055",1,0,56.7,0
"41057",8,4,21.62375,0.5
"41059",15,13,16.7246666666667,0.87
"41061",8,5,29.25875,0.62
"41063",3,2,22.14,0.67
"41065",8,7,17.39875,0.88
"41067",104,104,9.87076923076923,1
"41069",1,0,109.94,0
"41071",17,16,12.8494117647059,0.94
"42001",23,22,15.2321739130435,0.96
"42003",402,402,7.67490049751244,1
"42005",19,14,22.8810526315789,0.74
"42007",51,50,13.9711764705882,0.98
"42009",11,4,30.7045454545455,0.36
"42011",90,90,9.87577777777778,1
"42013",34,34,5.98647058823529,1
"42015",14,14,15.2057142857143,1
"42017",143,142,9.55083916083916,0.99
"42019",44,40,13.9202272727273,0.91
"42021",42,41,12.2254761904762,0.98
"42023",2,0,44.405,0
"42025",12,10,15.8225,0.83
"42027",31,30,13.2496774193548,0.97
"42029",116,116,10.8925862068966,1
"42031",10,4,29.238,0.4
"42033",20,13,18.462,0.65
"42035",9,9,8.08,1
"42037",15,14,10.6573333333333,0.93
"42039",23,20,17.375652173913,0.87
"42041",49,48,9.92020408163265,0.98
"42043",65,58,11.5863076923077,0.89
"42045",144,144,5.60972222222222,1
"42047",9,8,19.6211111111111,0.89
"42049",71,71,10.5378873239437,1
"42051",36,35,12.3480555555556,0.97
"42053",3,0,43.36,0
"42055",27,26,11.1462962962963,0.96
"42057",3,3,16.4133333333333,1
"42059",9,7,16.8355555555556,0.78
"42061",12,8,25.5375,0.67
"42063",23,21,16.9278260869565,0.91
"42065",13,13,11.28,1
"42067",5,1,42.38,0.2
"42069",59,58,10.7627118644068,0.98
"42071",98,93,12.555306122449,0.95
"42073",28,28,8.67607142857143,1
"42075",31,31,10.4548387096774,1
"42077",76,76,7.36802631578947,1
"42079",104,98,12.2254807692308,0.94
"42081",29,27,10.4624137931034,0.93
"42083",12,9,13.9475,0.75
"42085",30,30,8.133,1
"42087",12,11,15.8708333333333,0.92
"42089",33,21,23.5660606060606,0.64
"42091",211,211,7.78559241706161,1
"42093",4,4,7.3025,1
"42095",68,68,10.3727941176471,1
"42097",24,23,10.4708333333333,0.96
"42099",10,4,35.774,0.4
"42101",384,384,3.872421875,1
"42103",18,4,34.5205555555556,0.22
"42105",5,2,29.506,0.4
"42107",40,34,16.35675,0.85
"42109",8,5,26.4975,0.62
"42111",21,17,15.9409523809524,0.81
"42113",2,0,49.025,0
"42115",11,9,22.2536363636364,0.82
"42117",10,6,25.219,0.6
"42119",10,9,16.901,0.9
"42121",16,14,21.378125,0.88
"42123",13,11,15.5207692307692,0.85
"42125",59,57,12.7005084745763,0.97
"42127",14,10,23.5985714285714,0.71
"42129",100,98,13.6289,0.98
"42131",7,7,17.67,1
"42133",90,87,11.5651111111111,0.97
"44001",11,11,14.4009090909091,1
"44003",39,38,11.2302564102564,0.97
"44005",23,23,7.95782608695652,1
"44007",141,141,5.4990780141844,1
"44009",29,28,15.2513793103448,0.97
"45001",6,4,22.2033333333333,0.67
"45003",33,29,18.600303030303,0.88
"45005",3,3,11.4366666666667,1
"45007",39,39,13.5302564102564,1
"45009",4,0,34.98,0
"45011",6,0,44.2833333333333,0
"45013",41,37,23.2865853658537,0.9
"45015",45,37,19.1231111111111,0.82
"45017",3,3,25.3566666666667,1
"45019",86,79,11.9398837209302,0.92
"45021",13,13,12.3369230769231,1
"45023",11,9,19.4990909090909,0.82
"45025",10,9,19.976,0.9
"45027",12,12,15.7183333333333,1
"45029",10,5,31.479,0.5
"45031",16,16,14.284375,1
"45033",6,6,10.7683333333333,1
"45035",25,22,14.1156,0.88
"45037",6,6,18.3766666666667,1
"45039",5,4,19.28,0.8
"45041",33,31,12.3945454545455,0.94
"45043",15,13,17.286,0.87
"45045",111,108,11.2022522522523,0.97
"45047",14,13,15.3621428571429,0.93
"45049",5,3,22.006,0.6
"45051",72,70,13.3383333333333,0.97
"45053",5,2,28.68,0.4
"45055",15,12,18.7733333333333,0.8
"45057",14,14,10.9435714285714,1
"45059",17,13,23.6458823529412,0.76
"45061",7,6,18.9257142857143,0.86
"45063",74,59,19.1710810810811,0.8
"45065",3,1,33.6266666666667,0.33
"45067",8,7,15.28625,0.88
"45069",7,6,23.05,0.86
"45071",8,7,19.15375,0.88
"45073",15,13,19.2286666666667,0.87
"45075",20,14,20.4735,0.7
"45077",28,28,13.5867857142857,1
"45079",89,88,9.19505617977528,0.99
"45081",5,0,37.754,0
"45083",69,65,13.7305797101449,0.94
"45085",23,22,12.2460869565217,0.96
"45087",9,9,10.81,1
"45089",11,7,25.4554545454545,0.64
"45091",46,43,17.5176086956522,0.93
"46003",1,0,39.13,0
"46005",6,6,10.2933333333333,1
"46007",2,2,11.88,1
"46009",2,1,23.675,0.5
"46011",6,6,9.155,1
"46013",8,6,12.14,0.75
"46015",2,1,17.735,0.5
"46017",1,0,37.5,0
"46019",2,1,35.245,0.5
"46021",1,0,66.69,0
"46023",3,2,11.5866666666667,0.67
"46025",1,0,61.01,0
"46027",3,3,8.99333333333333,1
"46029",7,7,8.09428571428571,1
"46031",2,1,59.05,0.5
"46033",2,2,14.91,1
"46035",4,4,7.61,1
"46037",3,3,15.0766666666667,1
"46039",2,2,4.63,1
"46041",2,0,129.685,0
"46043",1,1,0,1
"46045",2,1,15.965,0.5
"46047",2,2,10.235,1
"46049",1,1,0,1
"46051",2,1,16.055,0.5
"46053",2,2,0,1
"46055",1,1,0,1
"46057",2,0,51.98,0
"46059",2,2,2.265,1
"46061",1,1,17.41,1
"46063",1,0,50.64,0
"46065",4,4,7.46,1
"46067",3,2,12.4066666666667,0.67
"46069",1,0,39.6,0
"46071",2,0,63.45,0
"46073",1,1,0,1
"46075",1,0,71.84,0
"46077",2,1,15.98,0.5
"46079",3,3,10.8266666666667,1
"46081",5,5,6.796,1
"46083",11,11,12.3727272727273,1
"46085",2,0,49.84,0
"46087",2,0,49.295,0
"46089",1,1,0,1
"46091",1,1,0,1
"46093",5,4,23.766,0.8
"46095",1,0,54.76,0
"46097",1,0,36.96,0
"46099",42,41,8.70071428571429,0.98
"46101",2,2,11.07,1
"46102",3,NA,NA,NA
"46103",23,21,11.4039130434783,0.91
"46105",1,0,80.77,0
"46107",1,1,0,1
"46109",4,3,20.75,0.75
"46111",1,0,37.33,0
"46115",3,2,20.7133333333333,0.67
"46117",1,1,10.57,1
"46119",1,0,54.73,0
"46121",2,1,20.445,0.5
"46123",2,2,7.48,1
"46125",2,1,15.46,0.5
"46127",3,3,15.54,1
"46129",2,1,18.425,0.5
"46135",5,5,6.1,1
"46137",1,0,176,0
"47001",18,17,17.7816666666667,0.94
"47003",9,7,22.8077777777778,0.78
"47005",5,5,14.86,1
"47007",3,3,10.2166666666667,1
"47009",28,26,15.55,0.93
"47011",19,18,11.5210526315789,0.95
"47013",11,11,12.66,1
"47015",3,1,21.73,0.33
"47017",8,8,14.9475,1
"47019",17,15,15.8952941176471,0.88
"47021",9,8,18.7655555555556,0.89
"47023",3,1,31.5166666666667,0.33
"47025",9,8,19.3244444444444,0.89
"47027",2,2,13.43,1
"47029",9,8,18.2677777777778,0.89
"47031",12,12,12.6316666666667,1
"47033",5,3,28.678,0.6
"47035",14,12,22.6542857142857,0.86
"47037",161,161,8.52416149068323,1
"47039",4,4,10.665,1
"47041",4,4,10.6425,1
"47043",10,9,16.18,0.9
"47045",8,8,11.625,1
"47047",11,3,31.2754545454545,0.27
"47049",4,4,11.3525,1
"47051",9,9,10.9844444444444,1
"47053",14,10,20.0714285714286,0.71
"47055",8,6,21.1025,0.75
"47057",5,3,28.684,0.6
"47059",15,14,17.4046666666667,0.93
"47061",4,1,38.29,0.25
"47063",12,12,11.2383333333333,1
"47065",82,78,10.8213414634146,0.95
"47067",2,1,16.315,0.5
"47069",6,5,16.985,0.83
"47071",6,6,15.64,1
"47073",13,12,15.8646153846154,0.92
"47075",6,1,33.0616666666667,0.17
"47077",6,5,16.8316666666667,0.83
"47079",9,8,13.54,0.89
"47081",6,4,27.79,0.67
"47083",3,3,8.69666666666667,1
"47085",5,5,14.072,1
"47087",4,1,35.145,0.25
"47089",9,9,13.4877777777778,1
"47091",5,5,13.826,1
"47093",112,112,11.2799107142857,1
"47095",2,1,34.795,0.5
"47097",9,8,12.1022222222222,0.89
"47099",11,9,19.57,0.82
"47101",2,1,33.635,0.5
"47103",9,7,21.5122222222222,0.78
"47105",10,9,15.867,0.9
"47107",10,10,8.955,1
"47109",7,5,27.2457142857143,0.71
"47111",4,4,12.51,1
"47113",27,26,11.1318518518519,0.96
"47115",6,4,24.3516666666667,0.67
"47117",6,4,16.98,0.67
"47119",17,16,15.3882352941176,0.94
"47121",3,1,27.3166666666667,0.33
"47123",7,4,25.4928571428571,0.57
"47125",39,38,12.46,0.97
"47127",2,2,22.88,1
"47129",5,1,37.05,0.2
"47131",10,9,15.074,0.9
"47133",7,6,17.8228571428571,0.86
"47135",2,2,13.135,1
"47137",1,1,19.46,1
"47139",5,5,22.04,1
"47141",15,15,11.0913333333333,1
"47143",6,6,17.0833333333333,1
"47145",11,10,16.8618181818182,0.91
"47147",14,13,16.4221428571429,0.93
"47149",49,47,13.5667346938776,0.96
"47151",5,5,16.97,1
"47153",3,0,45.88,0
"47155",18,13,23.2916666666667,0.72
"47157",221,221,7.83285067873303,1
"47159",5,5,14.392,1
"47161",5,1,42.638,0.2
"47163",39,39,10.8158974358974,1
"47165",42,42,14.8161904761905,1
"47167",13,12,17.9576923076923,0.92
"47169",2,2,3.43,1
"47171",4,4,8.6,1
"47173",4,1,36.8975,0.25
"47175",2,1,32.84,0.5
"47177",9,9,11.0755555555556,1
"47179",23,22,10.8504347826087,0.96
"47181",4,2,24.0775,0.5
"47183",11,10,13.8327272727273,0.91
"47185",6,6,12.3566666666667,1
"47187",37,31,21.4140540540541,0.84
"47189",21,21,13.4557142857143,1
"48001",11,9,15.05,0.82
"48003",4,4,9.0475,1
"48005",17,16,11.3188235294118,0.94
"48007",5,5,20.666,1
"48009",3,1,25.6366666666667,0.33
"48011",1,0,52.58,0
"48013",8,7,20.17625,0.88
"48015",6,4,23.3583333333333,0.67
"48017",1,1,0,1
"48019",5,0,41.562,0
"48021",10,7,25.056,0.7
"48023",1,1,0,1
"48025",7,7,9.33714285714286,1
"48027",65,64,8.66015384615385,0.98
"48029",366,365,8.6175956284153,1
"48031",2,0,37.405,0
"48033",1,0,58.88,0
"48035",7,6,20.3014285714286,0.86
"48037",18,14,15.5938888888889,0.78
"48039",51,50,15.9356862745098,0.98
"48041",42,41,7.5,0.98
"48043",3,1,35.23,0.33
"48045",1,0,47.23,0
"48047",2,0,54.515,0
"48049",12,11,15.09,0.92
"48051",5,4,15.9,0.8
"48053",8,7,17.325,0.88
"48055",8,7,20.33,0.88
"48057",5,4,13.658,0.8
"48059",3,2,31.3033333333333,0.67
"48061",86,84,10.3525581395349,0.98
"48063",3,3,9.68,1
"48065",2,0,38.78,0
"48067",7,5,19.6885714285714,0.71
"48069",3,3,14.93,1
"48071",6,6,11.4016666666667,1
"48073",12,12,10.29,1
"48075",2,2,5.825,1
"48077",3,3,15.5433333333333,1
"48079",1,1,0,1
"48081",2,0,51.63,0
"48083",3,3,15.4033333333333,1
"48085",152,151,7.34855263157895,0.99
"48087",1,1,0,1
"48089",5,4,9.944,0.8
"48091",24,19,16.66875,0.79
"48093",4,3,16.2475,0.75
"48095",1,1,0,1
"48097",8,8,10.08,1
"48099",19,19,14.4884210526316,1
"48101",1,0,50.04,0
"48103",1,1,0,1
"48105",1,0,42.74,0
"48107",3,3,14.4366666666667,1
"48109",1,1,0,1
"48111",2,1,38.495,0.5
"48113",529,529,7.04332703213611,1
"48115",4,4,2.6825,1
"48117",4,4,11.1075,1
"48119",2,0,30.89,0
"48121",137,136,8.14970802919708,0.99
"48123",5,4,16.81,0.8
"48125",1,0,36.77,0
"48127",2,2,14.315,1
"48129",2,0,60.525,0
"48131",3,1,34.5466666666667,0.33
"48133",5,3,23.32,0.6
"48135",28,28,6.35821428571429,1
"48137",1,0,82.4,0
"48139",31,31,14.3325806451613,1
"48141",161,159,9.03590062111801,0.99
"48143",8,8,11.57375,1
"48145",6,5,14.6966666666667,0.83
"48147",9,9,17.8822222222222,1
"48149",7,5,19.7042857142857,0.71
"48151",2,2,13.025,1
"48153",2,2,12.605,1
"48155",1,0,34.72,0
"48157",76,75,10.3601315789474,0.99
"48159",3,3,16.7666666666667,1
"48161",7,6,15.3371428571429,0.86
"48163",3,3,13.62,1
"48165",3,3,9.92666666666667,1
"48167",66,64,10.3156060606061,0.97
"48169",1,0,40.88,0
"48171",5,4,18.096,0.8
"48173",1,0,43.78,0
"48175",2,0,40.035,0
"48177",6,4,17.8233333333333,0.67
"48179",7,7,18.8028571428571,1
"48181",26,23,12.2638461538462,0.88
"48183",25,25,6.3412,1
"48185",6,3,26.4616666666667,0.5
"48187",29,29,10.1565517241379,1
"48189",9,8,13.49,0.89
"48191",1,0,54.21,0
"48193",3,3,13.3933333333333,1
"48195",2,2,13.84,1
"48197",1,1,0,1
"48199",11,7,30.2236363636364,0.64
"48201",786,785,7.54150127226463,1
"48203",14,13,14.8192857142857,0.93
"48205",1,1,0,1
"48207",2,2,14.285,1
"48209",25,21,16.2848,0.84
"48211",1,1,0,1
"48213",17,10,24.8558823529412,0.59
"48215",113,110,12.8158407079646,0.97
"48217",11,8,19.99,0.73
"48219",7,6,13.9257142857143,0.86
"48221",10,8,22.046,0.8
"48223",9,9,11.4111111111111,1
"48225",7,0,39.5871428571429,0
"48227",10,10,7.093,1
"48229",1,0,153.43,0
"48231",19,15,18.6984210526316,0.79
"48233",7,7,9.78,1
"48235",1,0,45.72,0
"48237",3,2,19.1633333333333,0.67
"48239",3,3,14.1366666666667,1
"48241",8,5,20.76875,0.62
"48243",1,0,103.2,0
"48245",72,72,7.14819444444444,1
"48247",2,0,86.665,0
"48249",7,6,15.1385714285714,0.86
"48251",28,27,14.0921428571429,0.96
"48253",6,6,9.77666666666667,1
"48255",4,4,14.5075,1
"48257",18,18,13.3533333333333,1
"48259",6,1,35.1366666666667,0.17
"48261",1,0,62.51,0
"48263",1,0,61.32,0
"48265",10,9,15.151,0.9
"48267",2,2,3.81,1
"48269",1,0,48.13,0
"48271",1,0,39.33,0
"48273",5,5,6.138,1
"48275",2,2,14.57,1
"48277",12,12,10.2875,1
"48279",5,3,20.748,0.6
"48281",5,4,14.344,0.8
"48283",1,0,54.76,0
"48285",6,5,16.87,0.83
"48287",4,3,29.5025,0.75
"48289",3,0,38.3966666666667,0
"48291",14,12,18.275,0.86
"48293",8,8,10.81375,1
"48295",2,0,37.18,0
"48297",4,0,39.0175,0
"48299",6,4,20.8133333333333,0.67
"48301",1,0,47.91,0
"48303",68,68,7.56573529411765,1
"48305",3,3,12.3766666666667,1
"48307",3,2,12.0333333333333,0.67
"48309",51,48,11.4937254901961,0.94
"48311",1,0,55.83,0
"48313",4,4,9.47,1
"48315",4,2,35.355,0.5
"48317",2,2,9.585,1
"48319",2,0,32.54,0
"48321",10,9,14.252,0.9
"48323",9,8,21.3377777777778,0.89
"48325",8,5,23.78625,0.62
"48327",1,0,44.89,0
"48329",27,27,4.71148148148148,1
"48331",7,7,11.6614285714286,1
"48333",2,0,47.49,0
"48335",2,2,3.63,1
"48337",6,6,10.5083333333333,1
"48339",59,57,13.1689830508475,0.97
"48341",4,3,11.85,0.75
"48343",3,1,28.1233333333333,0.33
"48345",1,0,75.37,0
"48347",13,12,12.5053846153846,0.92
"48349",10,9,16.977,0.9
"48351",4,1,35.4775,0.25
"48353",5,4,10.078,0.8
"48355",81,80,8.38123456790123,0.99
"48357",3,3,4.91333333333333,1
"48359",1,0,75.93,0
"48361",21,14,26.2742857142857,0.67
"48363",9,7,14.5977777777778,0.78
"48365",6,5,14.12,0.83
"48367",19,19,16.0794736842105,1
"48369",2,2,13.065,1
"48371",4,4,2.0325,1
"48373",10,6,24.002,0.6
"48375",34,34,11.205,1
"48377",2,0,130.32,0
"48379",2,0,33.935,0
"48381",29,29,11.1555172413793,1
"48383",1,1,0,1
"48385",1,0,77.79,0
"48387",4,0,44.2475,0
"48389",5,4,14.994,0.8
"48391",2,2,9.46,1
"48393",1,0,60.84,0
"48395",5,3,35.548,0.6
"48397",11,11,7.57454545454545,1
"48399",4,4,6.485,1
"48401",13,11,15.2515384615385,0.85
"48403",3,2,19.64,0.67
"48405",3,2,17.4133333333333,0.67
"48407",4,1,35.3625,0.25
"48409",16,12,19.961875,0.75
"48411",2,0,55.06,0
"48413",1,1,0,1
"48415",4,4,9.9025,1
"48417",1,0,36.22,0
"48419",6,3,33.1216666666667,0.5
"48421",1,0,47.74,0
"48423",41,40,9.69975609756098,0.98
"48425",2,2,0.92,1
"48427",15,14,16.43,0.93
"48429",3,3,3.21333333333333,1
"48431",1,0,50.39,0
"48433",1,1,0,1
"48435",1,1,0,1
"48437",3,3,11.9966666666667,1
"48439",357,357,7.19324929971989,1
"48441",38,38,7.28894736842105,1
"48443",1,0,126.56,0
"48445",3,3,4.38666666666667,1
"48447",1,1,0,1
"48449",8,8,10.0775,1
"48451",25,25,6.2156,1
"48453",218,216,8.08600917431193,0.99
"48455",5,3,19.826,0.6
"48457",5,4,15.41,0.8
"48459",7,4,28.5071428571429,0.57
"48461",2,2,0,1
"48463",5,4,12.26,0.8
"48465",10,10,7.411,1
"48467",10,8,22.406,0.8
"48469",23,22,9.03695652173913,0.96
"48471",10,9,19.639,0.9
"48473",6,3,28.255,0.5
"48475",3,3,10.3466666666667,1
"48477",6,6,11.7283333333333,1
"48479",61,58,11.4132786885246,0.95
"48481",11,8,22.2190909090909,0.73
"48483",2,2,0,1
"48485",37,37,7.07432432432432,1
"48487",4,4,5.665,1
"48489",5,3,26.91,0.6
"48491",89,88,10.2301123595506,0.99
"48493",11,9,20.3527272727273,0.82
"48495",3,3,2.70333333333333,1
"48497",11,10,20.29,0.91
"48499",10,10,14.995,1
"48501",2,2,13.27,1
"48503",4,4,3.0425,1
"48505",3,0,64.9266666666667,0
"48507",4,2,29.48,0.5
"49001",2,2,0,1
"49003",11,10,13.6,0.91
"49005",26,24,11.9184615384615,0.92
"49007",5,4,14.038,0.8
"49009",1,0,92.11,0
"49011",54,54,7.41018518518518,1
"49013",3,2,29.0033333333333,0.67
"49015",3,0,86.6466666666667,0
"49017",2,1,53.5,0.5
"49019",2,2,5.6,1
"49021",8,7,15.29625,0.88
"49023",2,1,28.785,0.5
"49025",2,1,36.105,0.5
"49027",3,2,11.8433333333333,0.67
"49029",2,0,32.61,0
"49031",1,0,48.67,0
"49033",1,0,83.85,0
"49035",212,212,6.68075471698113,1
"49037",4,2,41.4975,0.5
"49039",5,5,14.146,1
"49041",5,4,15.944,0.8
"49043",13,10,22.1576923076923,0.77
"49045",11,8,44.1409090909091,0.73
"49047",6,6,9.37833333333333,1
"49049",128,126,8.295078125,0.98
"49051",4,4,5.0325,1
"49053",21,19,16.6714285714286,0.9
"49055",1,0,116.68,0
"49057",50,49,12.8824,0.98
"50001",10,8,22.118,0.8
"50003",12,7,28.5141666666667,0.58
"50005",10,9,20.648,0.9
"50007",35,32,16.2885714285714,0.91
"50009",3,2,29.7633333333333,0.67
"50011",10,7,21.233,0.7
"50013",2,0,35.045,0
"50015",7,6,20.1285714285714,0.86
"50017",10,7,27.21,0.7
"50019",10,6,23.102,0.6
"50021",20,15,22.728,0.75
"50023",19,13,25.1331578947368,0.68
"50025",18,11,24.4416666666667,0.61
"50027",18,13,21.725,0.72
"51001",11,2,45.3763636363636,0.18
"51003",22,19,14.4159090909091,0.86
"51005",6,4,20.2966666666667,0.67
"51007",2,0,33.81,0
"51009",9,7,21.6644444444444,0.78
"51011",3,1,35.2233333333333,0.33
"51013",59,59,6.82372881355932,1
"51015",13,11,19.4684615384615,0.85
"51017",1,1,0,1
"51019",17,NA,NA,NA
"51021",2,0,42.915,0
"51023",8,6,26.14375,0.75
"51025",5,3,28.892,0.6
"51027",7,3,31.2014285714286,0.43
"51029",4,0,48.5675,0
"51031",12,7,30.9091666666667,0.58
"51033",7,2,35.9228571428571,0.29
"51035",7,5,22.6228571428571,0.71
"51036",3,1,30.4133333333333,0.33
"51037",3,0,50.26,0
"51041",71,70,13.0738028169014,0.99
"51043",3,2,27.0433333333333,0.67
"51045",1,0,41.42,0
"51047",8,8,13.97625,1
"51049",2,1,28.11,0.5
"51051",4,3,18.81,0.75
"51053",7,5,17.2528571428571,0.71
"51057",3,3,14.9333333333333,1
"51059",258,258,10.9753100775194,1
"51061",17,14,19.5241176470588,0.82
"51063",3,0,36.7866666666667,0
"51065",4,2,37.6025,0.5
"51067",10,8,21.284,0.8
"51069",14,14,15.4028571428571,1
"51071",4,4,13.36,1
"51073",8,8,13.54875,1
"51075",5,3,34.224,0.6
"51077",5,3,26.568,0.6
"51079",3,1,38.6733333333333,0.33
"51081",3,3,13.4366666666667,1
"51083",9,7,21.49,0.78
"51085",23,22,16.6326086956522,0.96
"51087",64,64,8.959375,1
"51089",14,14,20.1328571428571,1
"51091",1,0,55.58,0
"51093",8,8,22.88625,1
"51095",11,11,9.13909090909091,1
"51097",2,2,23.31,1
"51099",5,0,35.604,0
"51101",4,2,31.485,0.5
"51103",3,2,14.2633333333333,0.67
"51105",6,3,31.08,0.5
"51107",65,63,11.59,0.97
"51109",6,0,44.3316666666667,0
"51111",3,1,35.0033333333333,0.33
"51113",2,1,29.955,0.5
"51115",2,1,27.985,0.5
"51117",9,6,26.4055555555556,0.67
"51119",4,1,31.15,0.25
"51121",16,16,11.369375,1
"51125",3,0,42.1933333333333,0
"51127",3,3,14.33,1
"51131",4,3,21.385,0.75
"51133",3,1,31.13,0.33
"51135",4,3,17.0425,0.75
"51137",5,2,32.548,0.4
"51139",5,4,16.228,0.8
"51141",4,1,34.92,0.25
"51143",16,9,32.716875,0.56
"51145",5,3,28.91,0.6
"51147",5,5,10.978,1
"51149",7,7,14.9657142857143,1
"51153",83,82,13.235421686747,0.99
"51155",10,9,15.817,0.9
"51157",2,0,36.15,0
"51159",2,2,20.21,1
"51161",18,18,11.4377777777778,1
"51163",4,4,21.7925,1
"51165",19,15,24.4884210526316,0.79
"51167",7,4,23.8142857142857,0.57
"51169",6,3,27.355,0.5
"51171",9,7,25.6944444444444,0.78
"51173",9,8,14.5277777777778,0.89
"51175",5,3,27.428,0.6
"51177",30,25,18.9236666666667,0.83
"51179",27,26,17.3688888888889,0.96
"51181",2,0,45.815,0
"51183",5,2,31.97,0.4
"51185",11,10,14.1590909090909,0.91
"51187",8,8,12.93375,1
"51191",13,13,15,1
"51193",4,0,45.9925,0
"51195",11,10,16.7763636363636,0.91
"51197",6,5,19.21,0.83
"51199",14,14,11.4514285714286,1
"51510",38,38,8.74263157894737,1
"51520",4,4,6.6025,1
"51530",1,1,11.86,1
"51540",12,12,4.87083333333333,1
"51550",41,41,11.6748780487805,1
"51570",5,5,11.64,1
"51580",2,2,18.295,1
"51590",16,16,5.886875,1
"51595",2,2,2,1
"51600",5,5,12.328,1
"51610",3,3,7.44,1
"51620",2,2,3.03,1
"51630",6,6,5.21,1
"51640",2,2,2.045,1
"51650",33,33,7.18393939393939,1
"51660",11,11,13.5890909090909,1
"51670",7,7,4.43428571428571,1
"51678",1,1,0,1
"51680",19,19,8.97,1
"51683",7,7,6.54,1
"51685",2,2,12.195,1
"51690",5,5,6.426,1
"51700",44,44,7.25477272727273,1
"51710",81,81,6.26604938271605,1
"51720",1,1,0,1
"51730",11,11,7.16727272727273,1
"51735",4,4,13.635,1
"51740",31,31,6.24032258064516,1
"51750",3,3,17.6266666666667,1
"51760",66,66,4.795,1
"51770",23,23,6.46217391304348,1
"51775",5,5,4.082,1
"51790",6,6,4.37,1
"51800",28,28,11.2853571428571,1
"51810",100,99,10.9551,0.99
"51820",5,5,13.148,1
"51830",3,3,4.23,1
"51840",5,5,2.958,1
"53001",5,4,7.902,0.8
"53003",6,6,5.365,1
"53005",37,36,10.4335135135135,0.97
"53007",14,13,12.1764285714286,0.93
"53009",22,13,26.87,0.59
"53011",104,100,12.8510576923077,0.96
"53013",1,1,0,1
"53015",24,22,13.1470833333333,0.92
"53017",8,6,18.835,0.75
"53019",3,1,64.6766666666667,0.33
"53021",13,11,15.6069230769231,0.85
"53023",1,1,0,1
"53025",16,12,18.12375,0.75
"53027",16,11,23.470625,0.69
"53029",22,14,22.315,0.64
"53031",7,4,34.6528571428571,0.57
"53033",397,393,8.96002518891688,0.99
"53035",55,49,14.9683636363636,0.89
"53037",8,6,16.9675,0.75
"53039",3,2,13.0166666666667,0.67
"53041",20,14,20.656,0.7
"53043",4,3,17.8025,0.75
"53045",14,9,20.7571428571429,0.64
"53047",10,6,29.82,0.6
"53049",8,6,19.12875,0.75
"53051",5,3,31.656,0.6
"53053",172,167,11.4256395348837,0.97
"53055",5,2,38.61,0.4
"53057",30,29,10.7496666666667,0.97
"53059",5,0,53.18,0
"53061",150,145,14.0637333333333,0.97
"53063",105,100,10.24,0.95
"53065",12,9,23.3641666666667,0.75
"53067",50,45,15.49,0.9
"53069",1,0,54.22,0
"53071",12,11,6.8225,0.92
"53073",34,30,16.8755882352941,0.88
"53075",10,7,16.203,0.7
"53077",45,43,10.5786666666667,0.96
"54001",4,4,10.8525,1
"54003",14,13,14.2435714285714,0.93
"54005",8,4,26.2925,0.5
"54007",3,1,26.6233333333333,0.33
"54009",6,6,14.3833333333333,1
"54011",29,29,6.80551724137931,1
"54013",2,2,12.555,1
"54015",3,0,57.09,0
"54017",2,1,28.69,0.5
"54019",12,9,18.28,0.75
"54021",2,0,42.755,0
"54023",3,2,18.3966666666667,0.67
"54025",7,5,24.6528571428571,0.71
"54027",5,2,31.744,0.4
"54029",8,8,14.2,1
"54031",3,0,45.65,0
"54033",22,22,12.7218181818182,1
"54035",6,6,16.0116666666667,1
"54037",15,15,12.4106666666667,1
"54039",53,50,13.5452830188679,0.94
"54041",5,5,11.85,1
"54043",5,1,42.332,0.2
"54045",9,4,29.69,0.44
"54047",8,1,37.5025,0.12
"54049",18,17,11.8877777777778,0.94
"54051",9,9,9.92888888888889,1
"54053",6,4,24.26,0.67
"54055",16,15,10.21875,0.94
"54057",7,7,15,1
"54059",7,4,24.7957142857143,0.57
"54061",24,23,10.99875,0.96
"54063",3,1,38.41,0.33
"54065",4,4,19.1975,1
"54067",7,5,26.9328571428571,0.71
"54069",18,18,6.18722222222222,1
"54071",3,0,51.8166666666667,0
"54073",2,0,38.78,0
"54075",4,1,40.485,0.25
"54077",8,5,22.7825,0.62
"54079",10,8,15.728,0.8
"54081",17,16,13.8135294117647,0.94
"54083",7,5,16.4514285714286,0.71
"54085",3,0,46.96,0
"54087",4,3,18.2925,0.75
"54089",4,2,23.3675,0.5
"54091",4,4,14.515,1
"54093",3,1,49.09,0.33
"54095",3,2,19.0833333333333,0.67
"54097",6,6,9.79666666666667,1
"54099",11,8,19.0863636363636,0.73
"54101",3,2,24.5766666666667,0.67
"54103",5,3,24.06,0.6
"54105",2,0,39.51,0
"54107",26,25,9.72730769230769,0.96
"54109",6,0,45.9766666666667,0
"55001",7,6,21.32,0.86
"55003",7,5,18.7914285714286,0.71
"55005",10,8,15.068,0.8
"55007",5,1,36.988,0.2
"55009",54,53,9.00444444444445,0.98
"55011",5,2,32.82,0.4
"55013",6,4,25.52,0.67
"55015",11,11,11.0054545454545,1
"55017",11,10,15.3290909090909,0.91
"55019",8,6,18.3475,0.75
"55021",12,12,17.3341666666667,1
"55023",6,5,19.7016666666667,0.83
"55025",107,107,10.9831775700935,1
"55027",20,19,14.653,0.95
"55029",9,6,27.9522222222222,0.67
"55031",12,10,15.02,0.83
"55033",8,7,18.59125,0.88
"55035",20,20,9.0485,1
"55037",2,2,23.505,1
"55039",20,20,9.479,1
"55041",4,0,52.1175,0
"55043",12,10,16.5391666666667,0.83
"55045",8,7,14.565,0.88
"55047",6,4,19.4833333333333,0.67
"55049",6,4,20.055,0.67
"55051",3,1,33.37,0.33
"55053",5,5,17.964,1
"55055",20,20,13.132,1
"55057",7,6,19.9285714285714,0.86
"55059",35,35,8.92314285714286,1
"55061",4,2,31.995,0.5
"55063",25,24,11.3084,0.96
"55065",5,3,22.98,0.6
"55067",6,4,19.315,0.67
"55069",10,10,10.256,1
"55071",19,19,10.0268421052632,1
"55073",27,23,14.6796296296296,0.85
"55075",12,7,26.9291666666667,0.58
"55077",5,1,33.084,0.2
"55078",2,0,36.79,0
"55079",297,297,5.27286195286195,1
"55081",9,9,11.3888888888889,1
"55083",10,7,23.567,0.7
"55085",14,11,17.6092857142857,0.79
"55087",40,39,10.14825,0.98
"55089",19,19,10.3042105263158,1
"55091",2,1,17.4,0.5
"55093",8,7,19.71625,0.88
"55095",10,8,18.166,0.8
"55097",14,14,13.1807142857143,1
"55099",6,2,34.6466666666667,0.33
"55101",44,44,8.08159090909091,1
"55103",5,5,12.5,1
"55105",38,38,9.43763157894737,1
"55107",5,4,18.1,0.8
"55109",14,14,9.44357142857143,1
"55111",13,12,11.8723076923077,0.92
"55113",6,2,31.065,0.33
"55115",11,7,28.3736363636364,0.64
"55117",26,25,13.0476923076923,0.96
"55119",6,4,22.56,0.67
"55121",8,5,21.13625,0.62
"55123",7,5,17.1414285714286,0.71
"55125",5,3,22.298,0.6
"55127",22,22,15.1804545454545,1
"55129",5,5,14.444,1
"55131",28,28,13.0103571428571,1
"55133",86,86,9.34709302325581,1
"55135",12,9,20.4366666666667,0.75
"55137",7,6,20.6514285714286,0.86
"55139",41,41,7.57487804878049,1
"55141",17,16,10.1205882352941,0.94
"56001",10,10,7.474,1
"56003",3,2,21.12,0.67
"56005",7,6,15.7171428571429,0.86
"56007",5,2,33.372,0.4
"56009",4,2,18.16,0.5
"56011",2,1,20.83,0.5
"56013",10,6,28.765,0.6
"56015",4,3,23.1075,0.75
"56017",2,2,4.97,1
"56019",2,1,17.945,0.5
"56021",21,19,8.33904761904762,0.9
"56023",4,3,16.7275,0.75
"56025",18,17,8.89611111111111,0.94
"56027",1,1,0,1
"56029",5,5,4.342,1
"56031",2,1,32.665,0.5
"56033",6,6,6.31833333333333,1
"56035",2,0,101.675,0
"56037",12,10,20.9341666666667,0.83
"56039",4,4,10.4225,1
"56041",3,2,17.8666666666667,0.67
"56043",3,3,9.41333333333333,1
"56045",2,1,15.555,0.5
