COUNTYFP,SVIth1,SVIth2,SVIth3,SVIth4,SVIS
35039,,0.88,0.93,0.54,
01001,0.36,0.58,0.59,0.37,0.44
01009,0.61,0.32,0.59,0.17,0.42
01013,0.85,0.91,0.64,0.63,0.87
01015,0.79,0.83,0.65,0.65,0.83
01017,0.69,0.66,0.46,0.79,0.74
01031,0.54,0.81,0.73,0.19,0.54
01033,0.65,0.69,0.4,0.1,0.43
01039,0.82,0.91,0.39,0.47,0.77
01043,0.69,0.44,0.33,0.39,0.52
01045,0.78,0.75,0.68,0.46,0.76
01051,0.49,0.54,0.58,0.52,0.54
01055,0.72,0.76,0.64,0.29,0.66
01067,0.7,0.64,0.47,0.27,0.55
01069,0.69,0.85,0.59,0.35,0.68
01071,0.79,0.56,0.31,0.32,0.57
01077,0.49,0.25,0.45,0.56,0.45
01079,0.74,0.52,0.37,0.2,0.5
01083,0.58,0.3,0.62,0.45,0.53
01089,0.29,0.12,0.72,0.38,0.31
01095,0.74,0.77,0.77,0.31,0.73
01097,0.68,0.59,0.68,0.72,0.75
01103,0.58,0.67,0.75,0.58,0.69
01111,0.73,0.48,0.43,0.82,0.72
01113,0.84,0.88,0.79,0.78,0.91
01115,0.55,0.31,0.4,0.25,0.37
01117,0.08,0.07,0.69,0.18,0.12
01121,0.87,0.78,0.59,0.8,0.87
02261,0.15,0.06,0.47,0.85,0.27
04021,0.7,0.7,0.9,0.83,0.86
05009,0.52,0.81,0.06,0.46,0.44
05011,0.88,0.97,0.89,0.89,0.98
05033,0.61,0.87,0.58,0.3,0.61
05037,0.68,0.97,0.35,0.44,0.7
05045,0.43,0.19,0.52,0.76,0.48
05047,0.7,0.66,0.27,0.55,0.59
05051,0.64,0.92,0.6,0.83,0.83
05053,0.51,0.74,0.13,0.26,0.35
05063,0.63,0.91,0.56,0.63,0.75
05083,0.85,0.94,0.41,0.48,0.8
05085,0.36,0.56,0.46,0.23,0.33
05087,0.76,0.64,0.53,0.38,0.65
05115,0.75,0.59,0.67,0.74,0.79
05117,0.71,0.76,0.22,0.7,0.65
05121,0.69,0.98,0.27,0.49,0.72
05125,0.18,0.74,0.55,0.33,0.33
05131,0.67,0.85,0.84,0.7,0.83
05145,0.67,0.59,0.5,0.85,0.74
06007,0.66,0.31,0.8,0.95,0.81
06017,0.17,0.1,0.69,0.22,0.18
06023,0.64,0.32,0.75,0.9,0.76
06027,0.28,0.26,0.85,0.89,0.57
06061,0.07,0.12,0.74,0.2,0.15
06079,0.23,0.05,0.84,0.78,0.37
06089,0.49,0.75,0.62,0.82,0.7
06093,0.6,0.72,0.69,0.67,0.72
08019,0.0,0.03,0.48,0.14,0.02
08039,0.0,0.02,0.2,0.0,0.0
08047,0.0,0.0,0.28,0.15,0.0
08051,0.26,0.01,0.34,0.53,0.14
08057,0.41,0.04,0.68,0.01,0.11
08065,0.55,0.01,0.87,0.64,0.45
08067,0.05,0.01,0.48,0.68,0.11
08071,0.7,0.62,0.85,0.84,0.84
08075,0.42,0.13,0.78,0.96,0.63
08077,0.53,0.48,0.6,0.6,0.58
08083,0.5,0.7,0.55,0.28,0.49
08085,0.62,0.53,0.8,0.64,0.72
08093,0.08,0.03,0.2,0.0,0.0
08099,0.84,0.94,0.9,0.74,0.94
08101,0.71,0.9,0.76,0.79,0.87
08103,0.29,0.09,0.6,0.65,0.34
08119,0.15,0.13,0.35,0.08,0.07
08121,0.19,0.42,0.51,0.37,0.28
09005,0.11,0.05,0.54,0.16,0.08
09007,0.05,0.05,0.58,0.35,0.12
09011,0.23,0.2,0.76,0.54,0.36
09015,0.35,0.21,0.7,0.54,0.42
10001,0.48,0.66,0.78,0.84,0.73
12019,0.37,0.43,0.74,0.22,0.38
12033,0.47,0.09,0.73,0.69,0.49
12089,0.16,0.54,0.41,0.3,0.25
12101,0.48,0.6,0.74,0.66,0.63
12109,0.08,0.11,0.47,0.11,0.08
12113,0.24,0.36,0.51,0.42,0.31
13015,0.57,0.55,0.72,0.42,0.59
13039,0.42,0.44,0.54,0.68,0.52
13045,0.79,0.53,0.73,0.63,0.78
13047,0.32,0.21,0.31,0.07,0.13
13057,0.11,0.09,0.75,0.1,0.12
13073,0.16,0.22,0.75,0.04,0.13
13077,0.27,0.25,0.76,0.12,0.24
13085,0.24,0.15,0.34,0.09,0.1
13113,0.06,0.1,0.76,0.02,0.06
13115,0.75,0.64,0.81,0.94,0.89
13123,0.64,0.5,0.7,0.27,0.56
13127,0.48,0.81,0.79,0.69,0.72
13143,0.63,0.9,0.29,0.29,0.54
13145,0.26,0.39,0.32,0.05,0.13
13147,0.72,0.84,0.62,0.39,0.72
13153,0.49,0.59,0.79,0.4,0.57
13157,0.44,0.33,0.68,0.17,0.35
13169,0.62,0.59,0.32,0.13,0.38
13187,0.61,0.12,0.49,0.44,0.43
13207,0.52,0.08,0.56,0.68,0.46
13211,0.37,0.31,0.68,0.05,0.24
13227,0.4,0.25,0.3,0.32,0.28
13231,0.53,0.07,0.23,0.07,0.15
13233,0.77,0.81,0.82,0.45,0.8
13295,0.76,0.72,0.29,0.5,0.64
13297,0.5,0.53,0.57,0.03,0.29
13299,0.72,0.89,0.46,0.9,0.84
13311,0.48,0.27,0.38,0.09,0.24
16001,0.09,0.1,0.59,0.24,0.14
16017,0.32,0.38,0.16,0.35,0.24
16021,0.4,0.4,0.39,0.26,0.31
16023,0.42,0.46,0.01,0.34,0.25
16025,0.3,0.65,0.28,0.01,0.13
16039,0.59,0.44,0.8,0.37,0.59
16045,0.64,0.97,0.53,0.25,0.66
16055,0.27,0.53,0.26,0.26,0.23
16069,0.33,0.81,0.35,0.71,0.51
16085,0.12,0.37,0.01,0.24,0.09
17001,0.24,0.56,0.19,0.38,0.25
17007,0.44,0.54,0.82,0.22,0.47
17011,0.3,0.64,0.55,0.13,0.29
17013,0.35,0.5,0.01,0.24,0.19
17015,0.37,0.21,0.24,0.13,0.17
17021,0.34,0.31,0.1,0.41,0.24
17023,0.36,0.83,0.06,0.09,0.21
17027,0.16,0.13,0.24,0.54,0.18
17029,0.55,0.22,0.32,0.76,0.5
17035,0.36,0.53,0.03,0.11,0.16
17039,0.29,0.19,0.23,0.13,0.13
17045,0.42,0.82,0.17,0.26,0.34
17047,0.35,0.7,0.14,0.19,0.24
17049,0.18,0.29,0.28,0.39,0.2
17053,0.44,0.8,0.19,0.16,0.31
17055,0.76,0.94,0.04,0.41,0.61
17057,0.62,0.63,0.41,0.51,0.58
17061,0.47,0.5,0.01,0.12,0.2
17063,0.14,0.14,0.5,0.06,0.08
17065,0.25,0.71,0.07,0.11,0.15
17067,0.35,0.29,0.07,0.09,0.12
17073,0.32,0.3,0.41,0.13,0.2
17075,0.45,0.53,0.5,0.16,0.34
17079,0.39,0.57,0.2,0.16,0.24
17081,0.71,0.87,0.33,0.93,0.81
17083,0.18,0.1,0.23,0.26,0.1
17091,0.52,0.52,0.7,0.76,0.67
17099,0.47,0.37,0.55,0.37,0.43
17105,0.41,0.7,0.28,0.67,0.48
17111,0.07,0.08,0.72,0.04,0.07
17115,0.53,0.75,0.42,0.64,0.6
17117,0.44,0.4,0.07,0.15,0.2
17119,0.36,0.25,0.37,0.37,0.3
17123,0.28,0.19,0.11,0.03,0.05
17125,0.58,0.82,0.01,0.1,0.29
17127,0.66,0.93,0.25,0.81,0.75
17129,0.13,0.47,0.02,0.05,0.05
17131,0.3,0.32,0.05,0.12,0.11
17133,0.01,0.05,0.18,0.01,0.0
17141,0.3,0.36,0.64,0.19,0.29
17147,0.06,0.16,0.04,0.0,0.0
17149,0.52,0.78,0.08,0.26,0.35
17155,0.08,0.24,0.44,0.0,0.03
17159,0.54,0.64,0.21,0.35,0.41
17161,0.49,0.65,0.8,0.78,0.71
17163,0.48,0.47,0.65,0.45,0.52
17167,0.33,0.51,0.42,0.64,0.44
17171,0.4,0.32,0.06,0.08,0.14
17173,0.31,0.19,0.02,0.11,0.08
17175,0.29,0.39,0.04,0.01,0.06
17179,0.11,0.24,0.18,0.26,0.11
17181,0.66,0.77,0.32,0.76,0.68
17185,0.4,0.49,0.28,0.32,0.32
17187,0.53,0.46,0.64,0.68,0.61
17189,0.12,0.15,0.15,0.17,0.07
17191,0.38,0.76,0.27,0.53,0.43
17193,0.5,0.92,0.14,0.58,0.54
17195,0.3,0.59,0.55,0.24,0.33
17197,0.16,0.14,0.86,0.15,0.2
17199,0.45,0.69,0.4,0.47,0.48
17203,0.05,0.15,0.05,0.09,0.02
18003,0.43,0.58,0.76,0.39,0.52
18005,0.28,0.33,0.66,0.41,0.36
18007,0.5,0.93,0.26,0.05,0.33
18009,0.52,0.85,0.04,0.28,0.37
18013,0.16,0.14,0.16,0.1,0.06
18015,0.27,0.31,0.28,0.05,0.12
18019,0.32,0.2,0.52,0.25,0.25
18021,0.42,0.8,0.18,0.25,0.33
18023,0.49,0.55,0.75,0.45,0.57
18025,0.64,0.65,0.07,0.27,0.39
18029,0.25,0.23,0.04,0.12,0.08
18031,0.33,0.59,0.15,0.17,0.21
18033,0.31,0.72,0.14,0.2,0.23
18035,0.69,0.25,0.35,0.7,0.57
18037,0.19,0.21,0.5,0.3,0.21
18041,0.69,0.86,0.12,0.59,0.61
18043,0.2,0.28,0.33,0.2,0.17
18045,0.43,0.45,0.21,0.08,0.2
18047,0.27,0.57,0.12,0.1,0.15
18049,0.48,0.52,0.41,0.19,0.35
18051,0.22,0.62,0.13,0.67,0.32
18055,0.54,0.62,0.21,0.44,0.44
18059,0.03,0.19,0.25,0.03,0.02
18061,0.41,0.4,0.09,0.14,0.19
18063,0.04,0.21,0.54,0.08,0.08
18065,0.57,0.57,0.11,0.35,0.38
18067,0.51,0.86,0.4,0.25,0.48
18069,0.26,0.12,0.15,0.25,0.12
18071,0.55,0.65,0.55,0.37,0.54
18073,0.32,0.5,0.37,0.22,0.27
18079,0.54,0.57,0.14,0.37,0.38
18081,0.12,0.29,0.38,0.19,0.14
18083,0.57,0.8,0.17,0.76,0.59
18085,0.33,0.42,0.6,0.62,0.46
18089,0.62,0.67,0.87,0.5,0.73
18091,0.65,0.39,0.53,0.91,0.72
18093,0.42,0.76,0.08,0.19,0.28
18095,0.63,0.82,0.47,0.59,0.67
18099,0.52,0.34,0.64,0.69,0.58
18101,0.4,0.73,0.01,0.22,0.24
18103,0.71,0.59,0.28,0.54,0.59
18107,0.31,0.52,0.48,0.42,0.37
18109,0.41,0.37,0.11,0.21,0.22
18111,0.6,0.57,0.47,0.04,0.34
18113,0.4,0.52,0.63,0.44,0.47
18115,0.17,0.07,0.01,0.12,0.03
18117,0.62,0.95,0.09,0.7,0.65
18119,0.64,0.45,0.11,0.24,0.35
18125,0.37,0.45,0.03,0.16,0.17
18127,0.15,0.16,0.47,0.23,0.15
18129,0.14,0.08,0.02,0.04,0.01
18131,0.53,0.62,0.05,0.09,0.23
18135,0.59,0.86,0.35,0.11,0.43
18137,0.38,0.38,0.2,0.69,0.38
18139,0.62,0.37,0.16,0.08,0.26
18141,0.48,0.47,0.71,0.72,0.62
18143,0.67,0.51,0.05,0.39,0.42
18145,0.31,0.3,0.38,0.19,0.22
18147,0.2,0.22,0.19,0.11,0.09
18149,0.7,0.35,0.3,0.1,0.34
18151,0.25,0.26,0.37,0.47,0.27
18155,0.75,0.87,0.16,0.45,0.63
18159,0.19,0.29,0.22,0.05,0.07
18161,0.3,0.3,0.2,0.19,0.17
18165,0.47,0.9,0.06,0.48,0.45
18169,0.41,0.4,0.16,0.35,0.29
18171,0.19,0.75,0.07,0.02,0.08
18173,0.04,0.23,0.26,0.16,0.07
18175,0.61,0.78,0.03,0.25,0.38
18177,0.59,0.89,0.45,0.69,0.71
18179,0.18,0.45,0.2,0.18,0.14
18181,0.28,0.63,0.57,0.07,0.24
18183,0.1,0.44,0.05,0.03,0.03
19001,0.09,0.59,0.03,0.06,0.05
19003,0.15,0.17,0.05,0.08,0.04
19005,0.24,0.23,0.56,0.53,0.32
19007,0.43,0.65,0.13,0.49,0.38
19011,0.05,0.19,0.11,0.03,0.01
19015,0.07,0.2,0.24,0.36,0.12
19017,0.03,0.1,0.18,0.17,0.03
19023,0.12,0.24,0.06,0.04,0.02
19027,0.06,0.37,0.05,0.12,0.05
19029,0.27,0.43,0.3,0.18,0.2
19031,0.02,0.1,0.16,0.03,0.01
19033,0.15,0.47,0.32,0.45,0.25
19035,0.06,0.61,0.23,0.31,0.17
19037,0.07,0.24,0.36,0.05,0.06
19039,0.35,0.45,0.65,0.58,0.48
19041,0.2,0.71,0.45,0.44,0.34
19043,0.13,0.35,0.25,0.39,0.18
19045,0.29,0.61,0.2,0.32,0.26
19055,0.09,0.24,0.03,0.1,0.03
19061,0.18,0.24,0.32,0.54,0.23
19065,0.23,0.71,0.26,0.22,0.23
19067,0.33,0.75,0.36,0.32,0.36
19069,0.29,0.63,0.53,0.03,0.2
19071,0.14,0.29,0.07,0.08,0.06
19073,0.21,0.73,0.26,0.14,0.2
19075,0.01,0.24,0.06,0.01,0.0
19077,0.16,0.66,0.25,0.06,0.12
19079,0.12,0.18,0.5,0.13,0.12
19081,0.06,0.22,0.32,0.12,0.07
19083,0.11,0.13,0.36,0.29,0.12
19085,0.11,0.34,0.03,0.14,0.06
19087,0.28,0.63,0.45,0.25,0.31
19089,0.21,0.59,0.06,0.21,0.16
19091,0.19,0.41,0.41,0.08,0.14
19093,0.12,0.5,0.02,0.16,0.09
19095,0.04,0.17,0.13,0.13,0.03
19097,0.23,0.52,0.02,0.16,0.13
19099,0.22,0.44,0.14,0.56,0.25
19101,0.45,0.1,0.74,0.69,0.49
19105,0.19,0.11,0.34,0.5,0.19
19107,0.24,0.4,0.03,0.01,0.04
19109,0.09,0.66,0.18,0.1,0.1
19111,0.51,0.78,0.21,0.56,0.5
19117,0.25,0.74,0.3,0.25,0.28
19121,0.05,0.24,0.2,0.02,0.02
19123,0.4,0.68,0.32,0.6,0.46
19125,0.11,0.32,0.16,0.59,0.19
19129,0.08,0.45,0.21,0.18,0.11
19131,0.18,0.4,0.1,0.09,0.09
19133,0.28,0.57,0.07,0.2,0.18
19135,0.46,0.37,0.15,0.22,0.25
19139,0.25,0.48,0.77,0.36,0.39
19141,0.1,0.39,0.34,0.54,0.23
19143,0.24,0.42,0.61,0.19,0.26
19145,0.3,0.42,0.44,0.43,0.33
19147,0.05,0.35,0.42,0.33,0.17
19149,0.05,0.59,0.44,0.09,0.13
19151,0.23,0.34,0.39,0.08,0.15
19155,0.27,0.63,0.55,0.64,0.46
19159,0.19,0.66,0.05,0.14,0.13
19161,0.12,0.48,0.33,0.02,0.07
19163,0.17,0.27,0.62,0.36,0.27
19165,0.1,0.64,0.26,0.11,0.13
19171,0.28,0.51,0.72,0.2,0.33
19173,0.25,0.58,0.61,0.14,0.28
19175,0.43,0.73,0.4,0.38,0.45
19177,0.35,0.43,0.21,0.25,0.25
19179,0.6,0.58,0.74,0.78,0.74
19181,0.02,0.25,0.12,0.28,0.07
19183,0.19,0.48,0.52,0.19,0.22
19185,0.37,0.85,0.24,0.54,0.46
19187,0.42,0.49,0.37,0.6,0.46
19189,0.23,0.49,0.36,0.18,0.21
19195,0.18,0.56,0.17,0.02,0.07
19197,0.33,0.89,0.67,0.26,0.48
20001,0.47,0.75,0.13,0.42,0.4
20007,0.24,0.73,0.37,0.24,0.28
20009,0.43,0.85,0.7,0.31,0.54
20011,0.42,0.97,0.18,0.72,0.58
20013,0.32,0.83,0.31,0.12,0.27
20015,0.2,0.24,0.32,0.62,0.26
20017,0.39,0.77,0.28,0.41,0.41
20025,0.12,0.91,0.43,0.28,0.31
20027,0.04,0.66,0.06,0.05,0.05
20029,0.32,0.88,0.16,0.17,0.27
20031,0.17,0.8,0.11,0.26,0.2
20035,0.5,0.88,0.67,0.72,0.73
20037,0.57,0.29,0.53,0.96,0.7
20041,0.41,0.74,0.12,0.32,0.33
20051,0.22,0.04,0.45,0.36,0.16
20059,0.25,0.28,0.29,0.34,0.21
20071,0.3,0.88,0.8,0.49,0.58
20077,0.37,0.74,0.49,0.12,0.32
20079,0.23,0.58,0.6,0.33,0.34
20083,0.22,0.17,0.48,0.06,0.11
20085,0.25,0.89,0.39,0.1,0.27
20087,0.2,0.46,0.11,0.02,0.05
20095,0.12,0.42,0.15,0.03,0.05
20097,0.23,0.31,0.32,0.47,0.26
20099,0.55,0.93,0.33,0.6,0.64
20101,0.14,0.53,0.19,0.0,0.03
20103,0.12,0.43,0.51,0.33,0.24
20105,0.25,0.61,0.05,0.11,0.13
20107,0.56,0.97,0.07,0.21,0.45
20109,0.11,0.48,0.36,0.1,0.13
20111,0.56,0.2,0.82,0.94,0.73
20113,0.12,0.34,0.15,0.21,0.11
20115,0.28,0.37,0.12,0.23,0.18
20117,0.2,0.56,0.11,0.12,0.13
20119,0.39,0.68,0.79,0.09,0.37
20121,0.03,0.28,0.12,0.06,0.03
20123,0.31,0.71,0.1,0.37,0.28
20125,0.61,0.96,0.66,0.66,0.8
20127,0.22,0.72,0.36,0.18,0.24
20131,0.09,0.44,0.1,0.2,0.1
20133,0.45,0.98,0.36,0.67,0.66
20139,0.36,0.77,0.15,0.12,0.23
20141,0.19,0.66,0.05,0.03,0.07
20143,0.13,0.21,0.18,0.02,0.03
20147,0.15,0.74,0.23,0.35,0.24
20151,0.24,0.22,0.62,0.71,0.39
20155,0.43,0.58,0.53,0.79,0.59
20159,0.53,0.32,0.56,0.3,0.43
20163,0.28,0.69,0.06,0.07,0.14
20165,0.3,0.39,0.08,0.03,0.08
20167,0.36,0.51,0.32,0.13,0.24
20169,0.27,0.45,0.69,0.49,0.42
20173,0.39,0.55,0.81,0.46,0.54
20179,0.02,0.89,0.22,0.02,0.07
20181,0.47,0.92,0.3,0.36,0.5
20185,0.35,0.5,0.67,0.06,0.28
20191,0.27,0.62,0.19,0.24,0.22
20193,0.13,0.11,0.36,0.1,0.07
20195,0.02,0.53,0.05,0.08,0.04
20197,0.07,0.47,0.18,0.04,0.05
20199,0.13,0.76,0.51,0.02,0.14
20201,0.26,0.36,0.35,0.07,0.15
21003,0.78,0.93,0.27,0.37,0.68
21005,0.56,0.61,0.18,0.06,0.26
21007,0.62,0.73,0.09,0.36,0.45
21009,0.88,0.91,0.26,0.52,0.78
21017,0.64,0.74,0.68,0.17,0.56
21023,0.7,0.16,0.08,0.49,0.39
21029,0.35,0.35,0.16,0.06,0.14
21039,0.72,0.28,0.14,0.18,0.34
21049,0.57,0.83,0.46,0.48,0.61
21055,0.59,0.64,0.22,0.44,0.48
21059,0.46,0.82,0.48,0.71,0.62
21073,0.39,0.47,0.62,0.73,0.55
21079,0.7,0.82,0.13,0.15,0.43
21083,0.77,0.72,0.64,0.58,0.78
21089,0.62,0.74,0.02,0.15,0.32
21091,0.59,0.75,0.28,0.13,0.38
21093,0.42,0.77,0.5,0.66,0.57
21097,0.66,0.54,0.11,0.56,0.51
21101,0.58,0.93,0.32,0.77,0.71
21103,0.68,0.91,0.2,0.24,0.53
21107,0.65,0.83,0.21,0.43,0.55
21117,0.29,0.41,0.47,0.43,0.34
21123,0.71,0.87,0.34,0.15,0.53
21125,0.91,0.78,0.04,0.74,0.75
21141,0.7,0.7,0.36,0.25,0.53
21145,0.32,0.64,0.39,0.55,0.42
21149,0.68,0.85,0.02,0.23,0.42
21151,0.69,0.16,0.31,0.59,0.5
21157,0.4,0.49,0.01,0.43,0.27
21161,0.63,0.64,0.46,0.72,0.67
21163,0.48,0.26,0.19,0.43,0.32
21179,0.32,0.73,0.22,0.27,0.29
21185,0.01,0.1,0.33,0.16,0.04
21191,0.65,0.65,0.07,0.32,0.42
21199,0.89,0.86,0.18,0.52,0.74
21209,0.22,0.38,0.53,0.51,0.33
21211,0.37,0.31,0.74,0.38,0.43
21213,0.5,0.33,0.53,0.08,0.29
21215,0.2,0.17,0.17,0.03,0.04
21227,0.52,0.4,0.76,0.88,0.71
21229,0.63,0.48,0.47,0.35,0.51
21239,0.27,0.38,0.61,0.06,0.2
22015,0.49,0.47,0.65,0.66,0.59
22019,0.56,0.79,0.61,0.78,0.74
22055,0.43,0.3,0.79,0.84,0.62
22063,0.39,0.51,0.43,0.52,0.43
22093,0.66,0.54,0.49,0.6,0.63
22101,0.87,0.77,0.87,0.79,0.92
22103,0.27,0.5,0.69,0.18,0.31
22105,0.84,0.9,0.7,0.72,0.89
22109,0.8,0.8,0.77,0.85,0.9
22113,0.81,0.72,0.7,0.62,0.82
22115,0.75,0.61,0.58,0.65,0.74
23001,0.35,0.61,0.43,0.88,0.56
23005,0.04,0.04,0.48,0.59,0.14
23007,0.36,0.21,0.12,0.37,0.22
23009,0.15,0.35,0.11,0.54,0.19
23011,0.3,0.42,0.2,0.81,0.38
23013,0.14,0.27,0.06,0.47,0.15
23017,0.54,0.51,0.09,0.41,0.37
23019,0.42,0.4,0.14,0.86,0.45
23023,0.04,0.17,0.24,0.15,0.05
23025,0.76,0.73,0.16,0.56,0.62
23027,0.33,0.51,0.05,0.3,0.22
23029,0.68,0.82,0.34,0.52,0.64
23031,0.07,0.15,0.25,0.28,0.09
24009,0.13,0.17,0.44,0.01,0.05
24013,0.04,0.05,0.34,0.18,0.04
24015,0.27,0.22,0.5,0.45,0.29
24021,0.08,0.1,0.77,0.21,0.16
24023,0.26,0.33,0.07,0.36,0.18
24025,0.09,0.08,0.56,0.14,0.09
24035,0.03,0.06,0.53,0.03,0.02
24037,0.11,0.24,0.57,0.33,0.21
24043,0.46,0.53,0.58,0.8,0.61
25003,0.27,0.44,0.55,0.6,0.41
25007,0.02,0.07,0.49,0.01,0.01
25011,0.16,0.19,0.49,0.37,0.21
25019,0.01,0.04,0.59,0.07,0.03
25023,0.12,0.17,0.72,0.35,0.23
26005,0.21,0.17,0.42,0.25,0.18
26007,0.47,0.67,0.12,0.32,0.34
26015,0.21,0.21,0.17,0.11,0.09
26017,0.56,0.67,0.27,0.32,0.44
26021,0.49,0.62,0.65,0.74,0.65
26023,0.49,0.63,0.52,0.79,0.63
26027,0.44,0.72,0.32,0.16,0.33
26029,0.14,0.26,0.19,0.17,0.1
26037,0.08,0.08,0.33,0.08,0.04
26041,0.32,0.82,0.12,0.48,0.35
26043,0.24,0.6,0.1,0.38,0.23
26047,0.14,0.24,0.21,0.3,0.14
26055,0.12,0.15,0.29,0.54,0.18
26059,0.53,0.41,0.23,0.75,0.5
26061,0.63,0.03,0.36,0.93,0.5
26063,0.42,0.44,0.13,0.29,0.27
26067,0.45,0.28,0.29,0.83,0.48
26075,0.48,0.56,0.38,0.76,0.55
26079,0.72,0.74,0.13,0.31,0.51
26087,0.35,0.14,0.39,0.3,0.24
26091,0.34,0.55,0.52,0.42,0.41
26093,0.03,0.04,0.17,0.05,0.01
26099,0.32,0.2,0.74,0.31,0.33
26103,0.43,0.07,0.33,0.58,0.31
26105,0.39,0.66,0.24,0.33,0.34
26107,0.72,0.19,0.16,0.93,0.6
26109,0.28,0.58,0.16,0.42,0.28
26111,0.2,0.16,0.2,0.4,0.16
26113,0.63,0.79,0.22,0.28,0.48
26115,0.24,0.22,0.25,0.22,0.15
26117,0.6,0.74,0.28,0.72,0.61
26121,0.63,0.73,0.42,0.79,0.7
26123,0.67,0.75,0.41,0.5,0.63
26127,0.74,0.89,0.73,0.73,0.86
26133,0.74,0.9,0.16,0.77,0.74
26137,0.41,0.78,0.08,0.45,0.37
26139,0.12,0.08,0.65,0.49,0.22
26145,0.62,0.75,0.61,0.64,0.7
26147,0.41,0.46,0.25,0.23,0.28
26149,0.55,0.8,0.59,0.58,0.65
26151,0.63,0.68,0.28,0.3,0.48
26155,0.28,0.35,0.09,0.14,0.13
26157,0.57,0.46,0.2,0.38,0.4
26159,0.56,0.53,0.68,0.68,0.66
26165,0.62,0.84,0.12,0.39,0.5
27003,0.03,0.17,0.67,0.21,0.14
27005,0.19,0.68,0.32,0.44,0.3
27015,0.06,0.27,0.27,0.32,0.13
27017,0.21,0.3,0.22,0.66,0.27
27023,0.14,0.65,0.61,0.46,0.35
27025,0.04,0.12,0.11,0.29,0.06
27029,0.69,0.86,0.41,0.83,0.79
27033,0.31,0.74,0.63,0.44,0.47
27035,0.09,0.57,0.07,0.25,0.12
27041,0.03,0.22,0.08,0.21,0.04
27043,0.18,0.38,0.28,0.19,0.16
27045,0.16,0.35,0.31,0.42,0.22
27047,0.3,0.73,0.64,0.33,0.43
27049,0.08,0.2,0.38,0.43,0.17
27051,0.12,0.56,0.1,0.12,0.09
27055,0.03,0.16,0.11,0.09,0.02
27059,0.14,0.36,0.1,0.2,0.1
27061,0.28,0.41,0.19,0.69,0.33
27063,0.05,0.17,0.34,0.04,0.03
27065,0.3,0.67,0.07,0.45,0.28
27067,0.21,0.45,0.74,0.51,0.41
27069,0.1,0.18,0.02,0.46,0.1
27071,0.45,0.67,0.24,0.51,0.44
27079,0.09,0.19,0.47,0.18,0.11
27085,0.06,0.4,0.42,0.15,0.13
27089,0.16,0.25,0.32,0.2,0.14
27091,0.18,0.67,0.21,0.23,0.19
27093,0.06,0.35,0.36,0.44,0.19
27097,0.26,0.42,0.19,0.49,0.27
27107,0.19,0.32,0.5,0.61,0.32
27111,0.11,0.26,0.39,0.48,0.21
27115,0.43,0.37,0.31,0.74,0.46
27121,0.03,0.23,0.07,0.13,0.03
27125,0.11,0.39,0.18,0.32,0.15
27127,0.2,0.62,0.27,0.28,0.23
27129,0.18,0.24,0.42,0.3,0.2
27133,0.1,0.42,0.23,0.3,0.15
27135,0.13,0.27,0.38,0.57,0.25
27137,0.27,0.15,0.25,0.82,0.31
27143,0.1,0.18,0.63,0.13,0.13
27147,0.17,0.32,0.48,0.57,0.3
27151,0.24,0.7,0.46,0.3,0.32
27153,0.39,0.48,0.56,0.57,0.48
27157,0.05,0.2,0.28,0.12,0.06
27161,0.15,0.33,0.46,0.43,0.25
27163,0.01,0.15,0.56,0.13,0.07
27167,0.04,0.55,0.07,0.68,0.19
27173,0.22,0.77,0.43,0.35,0.33
28003,0.86,0.74,0.55,0.25,0.7
28033,0.31,0.41,0.73,0.14,0.3
28045,0.69,0.9,0.3,0.31,0.59
28057,0.69,0.73,0.18,0.46,0.55
28059,0.64,0.76,0.67,0.14,0.54
28081,0.66,0.81,0.65,0.77,0.8
28089,0.17,0.33,0.8,0.27,0.29
28093,0.82,0.32,0.58,0.54,0.69
28095,0.78,0.7,0.44,0.35,0.64
28109,0.77,0.8,0.37,0.52,0.71
28121,0.21,0.22,0.55,0.58,0.31
28129,0.61,0.76,0.39,0.19,0.47
28159,0.86,0.97,0.72,0.79,0.93
28161,0.66,0.81,0.4,0.77,0.73
29003,0.15,0.27,0.04,0.04,0.03
29007,0.73,0.5,0.44,0.47,0.62
29011,0.65,0.95,0.13,0.46,0.6
29013,0.4,0.88,0.08,0.4,0.39
29021,0.55,0.63,0.61,0.86,0.72
29025,0.37,0.74,0.2,0.69,0.45
29031,0.46,0.12,0.39,0.73,0.41
29033,0.7,0.78,0.15,0.37,0.53
29037,0.15,0.4,0.4,0.07,0.12
29039,0.83,0.99,0.04,0.2,0.64
29041,0.33,0.64,0.03,0.18,0.19
29043,0.25,0.4,0.24,0.12,0.15
29045,0.38,0.75,0.25,0.3,0.34
29047,0.07,0.25,0.58,0.14,0.14
29049,0.28,0.7,0.14,0.08,0.16
29051,0.2,0.27,0.38,0.51,0.26
29057,0.85,0.79,0.19,0.43,0.66
29059,0.67,0.98,0.23,0.54,0.7
29061,0.46,0.62,0.22,0.65,0.47
29071,0.31,0.31,0.1,0.17,0.15
29073,0.27,0.43,0.08,0.04,0.09
29075,0.55,0.67,0.11,0.46,0.44
29079,0.51,0.81,0.43,0.68,0.62
29081,0.66,1.0,0.39,0.4,0.74
29083,0.69,0.81,0.19,0.54,0.6
29087,0.34,0.51,0.02,0.26,0.2
29089,0.5,0.53,0.26,0.41,0.4
29091,0.69,0.91,0.12,0.69,0.67
29097,0.62,0.6,0.63,0.58,0.66
29099,0.35,0.35,0.21,0.15,0.19
29103,0.74,0.99,0.02,0.22,0.56
29105,0.75,0.74,0.11,0.63,0.62
29107,0.31,0.74,0.23,0.58,0.39
29109,0.75,0.9,0.58,0.53,0.79
29113,0.4,0.62,0.16,0.28,0.29
29115,0.41,0.91,0.07,0.1,0.27
29121,0.59,0.96,0.19,0.45,0.59
29125,0.69,0.65,0.16,0.41,0.51
29127,0.62,0.72,0.18,0.6,0.55
29129,0.34,0.62,0.09,0.44,0.3
29131,0.68,0.71,0.04,0.49,0.5
29137,0.41,0.87,0.21,0.31,0.39
29139,0.61,0.93,0.09,0.4,0.53
29141,0.75,0.78,0.17,0.55,0.63
29145,0.41,0.41,0.54,0.44,0.43
29151,0.2,0.09,0.02,0.17,0.05
29157,0.33,0.67,0.05,0.25,0.23
29159,0.71,0.88,0.67,0.64,0.8
29161,0.7,0.3,0.42,0.83,0.66
29167,0.56,0.79,0.14,0.82,0.6
29171,0.59,0.99,0.24,0.25,0.58
29173,0.39,0.27,0.09,0.04,0.1
29177,0.46,0.54,0.1,0.19,0.26
29183,0.02,0.08,0.38,0.12,0.04
29186,0.37,0.66,0.09,0.1,0.19
29189,0.13,0.26,0.74,0.33,0.26
29195,0.6,0.79,0.75,0.87,0.82
29205,0.42,0.85,0.17,0.37,0.4
29217,0.42,0.8,0.14,0.62,0.45
29219,0.46,0.68,0.27,0.32,0.38
29227,0.49,0.47,0.01,0.19,0.22
30001,0.24,0.12,0.45,0.51,0.25
30007,0.16,0.33,0.14,0.02,0.04
30009,0.09,0.28,0.32,0.02,0.04
30013,0.25,0.47,0.29,0.86,0.41
30015,0.43,0.27,0.6,0.62,0.48
30017,0.09,0.67,0.27,0.66,0.29
30021,0.04,0.07,0.1,0.53,0.08
30025,0.03,0.12,0.08,0.15,0.02
30027,0.17,0.32,0.09,0.73,0.24
30029,0.15,0.08,0.17,0.31,0.09
30031,0.08,0.01,0.24,0.45,0.04
30033,0.05,0.06,0.0,0.11,0.01
30043,0.11,0.18,0.09,0.13,0.05
30045,0.16,0.18,0.03,0.02,0.02
30047,0.59,0.86,0.57,0.43,0.65
30049,0.08,0.19,0.15,0.45,0.13
30059,0.28,0.18,0.17,0.01,0.05
30063,0.22,0.03,0.31,0.67,0.18
30067,0.1,0.06,0.27,0.26,0.07
30069,0.03,0.06,0.0,0.04,0.0
30071,0.61,0.54,0.23,0.29,0.41
30073,0.6,0.95,0.54,0.88,0.83
30075,0.05,0.24,0.09,0.12,0.04
30081,0.41,0.48,0.09,0.11,0.19
30083,0.04,0.21,0.55,0.52,0.21
30091,0.1,0.13,0.16,0.34,0.09
30095,0.05,0.16,0.22,0.09,0.04
30099,0.21,0.55,0.07,0.74,0.3
30103,0.25,0.22,0.02,0.07,0.06
30105,0.22,0.29,0.26,0.1,0.12
30107,0.67,0.59,0.43,0.34,0.54
30111,0.08,0.28,0.31,0.75,0.25
31001,0.27,0.33,0.63,0.46,0.36
31003,0.22,0.6,0.31,0.01,0.1
31007,0.02,0.23,0.3,0.0,0.0
31011,0.03,0.26,0.11,0.09,0.03
31019,0.19,0.08,0.59,0.62,0.27
31021,0.22,0.76,0.24,0.28,0.25
31023,0.12,0.41,0.38,0.09,0.12
31025,0.02,0.13,0.14,0.05,0.01
31027,0.08,0.32,0.03,0.02,0.01
31031,0.17,0.23,0.6,0.29,0.23
31033,0.07,0.39,0.19,0.27,0.12
31035,0.26,0.52,0.56,0.02,0.16
31039,0.22,0.45,0.54,0.09,0.19
31041,0.09,0.83,0.33,0.14,0.18
31051,0.33,0.68,0.7,0.19,0.38
31053,0.38,0.69,0.74,0.57,0.57
31059,0.08,0.29,0.26,0.07,0.06
31065,0.26,0.64,0.14,0.16,0.18
31067,0.22,0.36,0.12,0.13,0.11
31075,0.46,0.16,0.01,0.14,0.13
31081,0.02,0.29,0.07,0.02,0.01
31085,0.3,0.14,0.5,0.0,0.04
31089,0.06,0.41,0.34,0.11,0.1
31093,0.2,0.5,0.2,0.03,0.08
31095,0.23,0.75,0.44,0.08,0.22
31099,0.08,0.25,0.29,0.18,0.09
31103,0.01,0.16,0.0,0.0,0.0
31107,0.22,0.5,0.46,0.47,0.33
31111,0.13,0.7,0.33,0.75,0.37
31121,0.11,0.31,0.22,0.56,0.2
31123,0.41,0.81,0.7,0.12,0.42
31125,0.18,0.62,0.07,0.05,0.08
31127,0.25,0.32,0.18,0.22,0.17
31131,0.17,0.62,0.55,0.15,0.23
31135,0.07,0.42,0.22,0.04,0.05
31137,0.04,0.24,0.4,0.27,0.12
31139,0.04,0.25,0.17,0.04,0.02
31143,0.2,0.29,0.4,0.25,0.19
31145,0.22,0.38,0.23,0.44,0.24
31147,0.2,0.74,0.13,0.03,0.1
31155,0.05,0.43,0.24,0.03,0.04
31157,0.42,0.91,0.74,0.29,0.57
31165,0.14,0.11,0.12,0.03,0.02
31167,0.07,0.44,0.49,0.01,0.06
31171,0.13,0.14,0.01,0.0,0.0
31177,0.02,0.26,0.2,0.1,0.04
31181,0.19,0.67,0.11,0.06,0.11
31183,0.07,0.17,0.0,0.01,0.0
31185,0.08,0.27,0.45,0.36,0.18
32001,0.47,0.41,0.82,0.64,0.6
32019,0.56,0.61,0.74,0.34,0.58
33001,0.12,0.22,0.1,0.24,0.08
33005,0.09,0.11,0.22,0.56,0.14
33007,0.45,0.68,0.33,0.7,0.53
33009,0.07,0.1,0.38,0.69,0.19
33013,0.04,0.07,0.43,0.54,0.15
33015,0.01,0.03,0.28,0.11,0.01
33017,0.12,0.02,0.36,0.8,0.17
33019,0.17,0.35,0.1,0.33,0.15
34005,0.14,0.07,0.78,0.32,0.21
34015,0.16,0.08,0.63,0.23,0.17
34019,0.02,0.02,0.54,0.14,0.03
34029,0.23,0.44,0.62,0.38,0.34
34033,0.45,0.5,0.79,0.59,0.59
34037,0.09,0.02,0.5,0.05,0.02
34041,0.21,0.06,0.72,0.34,0.22
35028,0.01,0.05,0.59,0.06,0.02
36017,0.49,0.8,0.23,0.76,0.56
36021,0.23,0.38,0.57,0.63,0.39
36023,0.39,0.11,0.26,0.8,0.35
36025,0.5,0.5,0.44,0.9,0.63
36027,0.22,0.05,0.78,0.93,0.42
36031,0.27,0.49,0.33,0.72,0.39
36035,0.55,0.68,0.28,0.48,0.5
36037,0.24,0.24,0.32,0.28,0.19
36039,0.42,0.08,0.52,0.77,0.42
36045,0.48,0.5,0.49,0.92,0.65
36049,0.53,0.43,0.19,0.19,0.29
36053,0.24,0.06,0.21,0.53,0.17
36063,0.32,0.28,0.47,0.46,0.33
36069,0.09,0.18,0.47,0.63,0.23
36073,0.52,0.49,0.52,0.85,0.64
36075,0.65,0.46,0.18,0.94,0.65
36079,0.09,0.02,0.75,0.18,0.08
36083,0.23,0.17,0.52,0.75,0.34
36091,0.02,0.05,0.33,0.26,0.05
36095,0.4,0.53,0.24,0.6,0.4
36097,0.45,0.42,0.14,0.57,0.37
36101,0.45,0.61,0.29,0.61,0.47
36103,0.13,0.04,0.85,0.43,0.21
36107,0.3,0.36,0.14,0.27,0.2
36111,0.34,0.14,0.67,0.8,0.47
36113,0.16,0.25,0.26,0.37,0.17
36115,0.44,0.23,0.35,0.64,0.4
36117,0.36,0.4,0.37,0.42,0.34
36121,0.39,0.16,0.38,0.47,0.31
37001,0.61,0.55,0.86,0.8,0.78
37009,0.64,0.37,0.39,0.42,0.5
37021,0.21,0.07,0.66,0.88,0.38
37023,0.84,0.64,0.65,0.79,0.85
37025,0.32,0.36,0.81,0.36,0.42
37027,0.78,0.51,0.57,0.37,0.65
37031,0.32,0.59,0.49,0.52,0.43
37035,0.58,0.34,0.79,0.66,0.65
37037,0.28,0.41,0.83,0.28,0.38
37049,0.58,0.65,0.82,0.91,0.81
37053,0.27,0.26,0.3,0.06,0.12
37055,0.13,0.11,0.62,0.19,0.14
37057,0.7,0.51,0.7,0.5,0.68
37059,0.44,0.38,0.67,0.34,0.44
37069,0.56,0.36,0.81,0.61,0.64
37071,0.65,0.53,0.68,0.57,0.67
37077,0.58,0.52,0.81,0.52,0.66
37087,0.37,0.54,0.34,0.19,0.28
37097,0.34,0.33,0.71,0.31,0.37
37101,0.52,0.63,0.82,0.24,0.54
37109,0.53,0.28,0.54,0.19,0.36
37115,0.64,0.27,0.25,0.52,0.46
37121,0.54,0.45,0.4,0.32,0.42
37123,0.75,0.69,0.88,0.82,0.87
37125,0.28,0.44,0.67,0.34,0.36
37127,0.59,0.77,0.83,0.87,0.83
37139,0.68,0.44,0.73,0.83,0.77
37141,0.58,0.23,0.7,0.53,0.55
37145,0.72,0.8,0.62,0.62,0.77
37151,0.66,0.61,0.76,0.48,0.7
37157,0.74,0.59,0.67,0.74,0.79
37159,0.71,0.59,0.77,0.81,0.81
37161,0.83,0.77,0.47,0.5,0.76
37167,0.62,0.58,0.59,0.55,0.63
37169,0.63,0.37,0.16,0.16,0.31
37171,0.67,0.54,0.66,0.7,0.73
37197,0.67,0.54,0.7,0.42,0.64
38001,0.01,0.11,0.12,0.22,0.03
38003,0.1,0.12,0.09,0.58,0.12
38007,0.13,0.05,0.1,0.17,0.03
38009,0.13,0.24,0.11,0.14,0.07
38011,0.07,0.24,0.33,0.48,0.18
38021,0.08,0.16,0.15,0.44,0.12
38025,0.1,0.15,0.64,0.44,0.22
38027,0.17,0.94,0.26,0.26,0.29
38031,0.03,0.13,0.05,0.12,0.02
38033,0.03,0.32,0.05,0.38,0.09
38041,0.18,0.29,0.13,0.04,0.06
38043,0.11,0.16,0.06,0.08,0.03
38049,0.07,0.39,0.06,0.04,0.03
38055,0.04,0.15,0.34,0.23,0.08
38057,0.01,0.06,0.45,0.44,0.1
38059,0.05,0.03,0.42,0.48,0.1
38065,0.18,0.6,0.52,0.12,0.21
38067,0.1,0.12,0.12,0.14,0.04
38069,0.28,0.25,0.1,0.41,0.19
38073,0.02,0.55,0.04,0.28,0.09
38075,0.01,0.22,0.32,0.05,0.03
38081,0.02,0.1,0.1,0.19,0.02
38091,0.0,0.13,0.05,0.01,0.0
38095,0.15,0.33,0.59,0.17,0.19
38097,0.04,0.14,0.23,0.35,0.09
38099,0.22,0.65,0.55,0.43,0.37
39003,0.52,0.78,0.42,0.6,0.58
39005,0.41,0.33,0.31,0.74,0.43
39007,0.79,0.7,0.34,0.84,0.79
39011,0.1,0.36,0.08,0.08,0.05
39013,0.46,0.38,0.13,0.57,0.36
39015,0.56,0.73,0.07,0.37,0.4
39017,0.31,0.28,0.61,0.45,0.36
39019,0.36,0.28,0.07,0.17,0.15
39021,0.39,0.63,0.2,0.27,0.3
39023,0.63,0.9,0.53,0.58,0.73
39025,0.17,0.18,0.19,0.21,0.1
39027,0.48,0.73,0.15,0.52,0.44
39029,0.58,0.41,0.14,0.7,0.49
39033,0.49,0.84,0.09,0.16,0.32
39037,0.31,0.58,0.04,0.08,0.13
39039,0.24,0.44,0.39,0.2,0.22
39043,0.26,0.57,0.43,0.28,0.29
39045,0.15,0.47,0.45,0.3,0.24
39051,0.24,0.5,0.41,0.07,0.18
39053,0.77,0.64,0.11,0.78,0.66
39055,0.05,0.12,0.24,0.35,0.09
39057,0.21,0.11,0.49,0.38,0.21
39059,0.76,0.87,0.13,0.61,0.67
39063,0.2,0.17,0.35,0.47,0.21
39065,0.63,0.21,0.18,0.71,0.47
39067,0.65,0.58,0.26,0.48,0.52
39069,0.18,0.68,0.23,0.11,0.16
39071,0.79,0.89,0.21,0.49,0.69
39073,0.51,0.8,0.07,0.59,0.47
39077,0.47,0.6,0.46,0.32,0.43
39081,0.64,0.61,0.27,0.56,0.55
39083,0.44,0.3,0.2,0.37,0.29
39085,0.12,0.18,0.52,0.15,0.13
39089,0.25,0.48,0.3,0.26,0.23
39091,0.33,0.47,0.37,0.33,0.32
39093,0.41,0.66,0.61,0.45,0.51
39099,0.58,0.61,0.62,0.44,0.59
39103,0.02,0.08,0.18,0.06,0.01
39107,0.11,0.27,0.13,0.08,0.05
39109,0.24,0.35,0.29,0.07,0.12
39111,0.62,0.84,0.02,0.33,0.44
39113,0.54,0.7,0.69,0.64,0.67
39117,0.32,0.25,0.08,0.36,0.19
39119,0.66,0.77,0.2,0.63,0.6
39123,0.17,0.35,0.18,0.27,0.15
39125,0.34,0.66,0.3,0.22,0.29
39127,0.79,0.82,0.03,0.38,0.55
39133,0.35,0.05,0.38,0.54,0.25
39135,0.36,0.49,0.14,0.08,0.17
39137,0.06,0.17,0.27,0.01,0.02
39139,0.61,0.57,0.37,0.73,0.62
39141,0.74,0.71,0.23,0.84,0.73
39143,0.41,0.79,0.45,0.23,0.4
39147,0.41,0.58,0.3,0.39,0.38
39149,0.24,0.54,0.25,0.19,0.19
39151,0.39,0.49,0.39,0.38,0.37
39153,0.29,0.22,0.66,0.4,0.33
39155,0.53,0.61,0.34,0.39,0.46
39157,0.44,0.44,0.33,0.32,0.34
39159,0.03,0.13,0.27,0.29,0.08
39161,0.29,0.78,0.22,0.04,0.17
39165,0.02,0.09,0.42,0.13,0.05
39167,0.33,0.73,0.1,0.56,0.35
39169,0.4,0.25,0.43,0.83,0.48
39171,0.41,0.53,0.17,0.24,0.27
39175,0.23,0.66,0.4,0.15,0.23
40013,0.65,0.83,0.62,0.85,0.81
40015,0.81,0.95,0.9,0.84,0.95
40017,0.15,0.32,0.68,0.31,0.26
40019,0.59,0.91,0.67,0.73,0.79
40021,0.84,0.58,0.79,0.98,0.93
40027,0.22,0.16,0.67,0.64,0.34
40031,0.58,0.82,0.78,0.92,0.84
40033,0.76,0.89,0.29,0.41,0.67
40035,0.73,0.96,0.61,0.72,0.85
40037,0.47,0.62,0.46,0.44,0.49
40045,0.56,0.63,0.35,0.05,0.3
40047,0.48,0.73,0.79,0.39,0.59
40049,0.55,0.71,0.61,0.23,0.51
40051,0.27,0.49,0.51,0.29,0.31
40053,0.18,0.94,0.25,0.03,0.16
40065,0.68,0.79,0.85,0.69,0.82
40071,0.69,0.98,0.59,0.7,0.84
40075,0.75,0.88,0.6,0.18,0.65
40081,0.56,0.75,0.36,0.28,0.48
40083,0.32,0.23,0.49,0.38,0.3
40085,0.58,0.84,0.82,0.23,0.63
40087,0.18,0.34,0.6,0.07,0.16
40093,0.27,0.66,0.62,0.18,0.32
40103,0.31,0.79,0.29,0.32,0.34
40105,0.71,0.74,0.52,0.25,0.59
40113,0.65,0.7,0.41,0.56,0.62
40117,0.5,0.89,0.37,0.41,0.54
40123,0.52,0.75,0.63,0.64,0.65
40125,0.66,0.84,0.55,0.78,0.78
40129,0.59,0.89,0.35,0.05,0.4
40131,0.19,0.5,0.59,0.28,0.28
40133,0.86,0.98,0.61,0.78,0.93
40137,0.59,0.93,0.61,0.21,0.61
40145,0.34,0.76,0.66,0.25,0.42
40147,0.31,0.81,0.58,0.33,0.44
40149,0.38,0.56,0.52,0.35,0.4
40153,0.38,0.61,0.74,0.65,0.57
41007,0.31,0.48,0.63,0.76,0.52
41009,0.4,0.52,0.44,0.4,0.4
41017,0.17,0.15,0.52,0.22,0.16
41029,0.5,0.73,0.68,0.85,0.74
41035,0.76,0.8,0.7,0.86,0.87
41037,0.68,0.76,0.41,0.86,0.76
41043,0.57,0.78,0.58,0.64,0.68
41053,0.5,0.39,0.77,0.57,0.58
41061,0.45,0.74,0.41,0.93,0.67
41065,0.46,0.85,0.8,0.97,0.84
41071,0.41,0.43,0.78,0.89,0.66
42001,0.24,0.15,0.52,0.28,0.21
42005,0.45,0.42,0.06,0.26,0.25
42007,0.21,0.37,0.31,0.42,0.25
42009,0.46,0.37,0.1,0.31,0.27
42013,0.4,0.62,0.16,0.62,0.4
42015,0.36,0.68,0.12,0.51,0.35
42017,0.04,0.05,0.63,0.2,0.08
42019,0.05,0.06,0.11,0.54,0.08
42025,0.48,0.32,0.33,0.22,0.3
42029,0.05,0.05,0.73,0.34,0.14
42031,0.6,0.2,0.19,0.77,0.48
42033,0.66,0.39,0.36,0.73,0.61
42035,0.61,0.2,0.25,0.73,0.49
42037,0.43,0.09,0.24,0.52,0.28
42039,0.5,0.64,0.15,0.74,0.51
42041,0.06,0.06,0.57,0.47,0.16
42047,0.18,0.43,0.06,0.2,0.12
42051,0.65,0.67,0.24,0.75,0.62
42055,0.34,0.55,0.49,0.26,0.34
42057,0.46,0.47,0.02,0.21,0.22
42063,0.62,0.07,0.38,0.92,0.55
42065,0.41,0.51,0.13,0.46,0.33
42067,0.47,0.36,0.43,0.53,0.45
42073,0.45,0.71,0.3,0.53,0.47
42075,0.37,0.52,0.69,0.61,0.53
42077,0.4,0.51,0.87,0.72,0.64
42081,0.42,0.41,0.26,0.67,0.42
42083,0.56,0.68,0.2,0.7,0.55
42085,0.44,0.56,0.3,0.84,0.54
42089,0.46,0.15,0.78,0.12,0.31
42095,0.21,0.13,0.73,0.45,0.29
42099,0.24,0.2,0.16,0.16,0.11
42103,0.27,0.33,0.64,0.0,0.13
42105,0.6,0.69,0.23,0.29,0.44
42107,0.49,0.57,0.31,0.47,0.45
42109,0.33,0.07,0.25,0.57,0.23
42111,0.47,0.26,0.21,0.76,0.42
42115,0.39,0.46,0.14,0.15,0.21
42117,0.48,0.43,0.04,0.43,0.32
42121,0.52,0.7,0.08,0.49,0.42
42123,0.31,0.42,0.13,0.29,0.21
42125,0.14,0.16,0.23,0.49,0.17
42127,0.42,0.3,0.29,0.23,0.26
42129,0.11,0.22,0.19,0.4,0.14
42131,0.27,0.26,0.05,0.17,0.11
42133,0.26,0.33,0.61,0.39,0.33
44001,0.09,0.05,0.46,0.39,0.12
44005,0.07,0.1,0.51,0.49,0.18
44009,0.15,0.04,0.35,0.27,0.09
45003,0.62,0.53,0.77,0.52,0.67
45007,0.6,0.72,0.57,0.7,0.7
45015,0.37,0.46,0.79,0.51,0.51
45023,0.86,0.69,0.53,0.38,0.74
45035,0.36,0.42,0.71,0.34,0.42
45045,0.33,0.19,0.82,0.73,0.5
45055,0.67,0.79,0.58,0.07,0.5
45057,0.53,0.48,0.69,0.32,0.51
45063,0.35,0.34,0.71,0.47,0.44
45073,0.65,0.79,0.6,0.63,0.73
45077,0.66,0.09,0.43,0.92,0.6
45083,0.57,0.57,0.79,0.85,0.76
45091,0.33,0.32,0.67,0.35,0.37
46015,0.39,0.89,0.22,0.83,0.57
46019,0.29,0.91,0.12,0.45,0.36
46025,0.23,0.48,0.26,0.16,0.17
46029,0.16,0.36,0.21,0.62,0.24
46039,0.14,0.29,0.27,0.07,0.08
46043,0.16,0.28,0.08,0.4,0.15
46045,0.08,0.21,0.06,0.1,0.03
46051,0.07,0.3,0.22,0.07,0.06
46053,0.28,0.85,0.17,0.26,0.28
46055,0.33,0.9,0.07,0.45,0.36
46059,0.02,0.3,0.01,0.17,0.03
46063,0.06,0.05,0.41,0.3,0.08
46067,0.3,0.65,0.16,0.26,0.25
46077,0.07,0.23,0.03,0.07,0.02
46079,0.2,0.06,0.37,0.59,0.2
46081,0.1,0.15,0.32,0.86,0.26
46093,0.05,0.11,0.22,0.38,0.09
46097,0.24,0.42,0.1,0.09,0.11
46101,0.33,0.56,0.62,0.32,0.39
46105,0.1,0.27,0.03,0.4,0.11
46111,0.12,0.13,0.3,0.04,0.04
46115,0.09,0.61,0.26,0.28,0.18
46117,0.01,0.62,0.23,0.24,0.11
46119,0.0,0.26,0.03,0.06,0.01
46123,0.44,0.6,0.29,0.27,0.34
46125,0.11,0.52,0.24,0.11,0.11
46129,0.15,0.45,0.51,0.81,0.39
47001,0.55,0.79,0.46,0.57,0.61
47003,0.66,0.84,0.79,0.55,0.78
47009,0.33,0.22,0.35,0.31,0.25
47011,0.64,0.58,0.61,0.69,0.69
47015,0.6,0.39,0.13,0.36,0.37
47019,0.79,0.69,0.11,0.59,0.62
47021,0.43,0.25,0.25,0.22,0.24
47025,0.92,0.49,0.21,0.61,0.71
47031,0.54,0.76,0.36,0.34,0.49
47033,0.75,0.87,0.73,0.41,0.78
47039,0.81,0.69,0.11,0.24,0.51
47041,0.67,0.37,0.21,0.35,0.43
47043,0.5,0.33,0.4,0.47,0.43
47047,0.48,0.26,0.48,0.09,0.26
47051,0.46,0.52,0.48,0.24,0.38
47053,0.74,0.96,0.41,0.39,0.74
47055,0.64,0.64,0.38,0.59,0.6
47063,0.86,0.71,0.73,0.5,0.81
47065,0.36,0.14,0.71,0.59,0.41
47071,0.86,0.76,0.3,0.44,0.71
47077,0.86,0.57,0.44,0.43,0.7
47079,0.76,0.92,0.3,0.27,0.63
47081,0.74,0.41,0.27,0.56,0.57
47089,0.6,0.46,0.4,0.63,0.56
47099,0.87,0.93,0.44,0.54,0.83
47101,0.67,0.92,0.11,0.62,0.64
47103,0.6,0.91,0.41,0.56,0.68
47107,0.76,0.64,0.41,0.47,0.66
47111,0.72,0.91,0.47,0.36,0.69
47113,0.58,0.6,0.76,0.7,0.71
47115,0.69,0.81,0.15,0.29,0.51
47117,0.63,0.82,0.59,0.3,0.61
47119,0.38,0.41,0.56,0.38,0.39
47127,0.3,0.18,0.09,0.11,0.09
47131,0.8,0.9,0.52,0.43,0.77
47133,0.71,0.46,0.07,0.42,0.46
47139,0.78,0.51,0.06,0.36,0.49
47141,0.71,0.3,0.57,0.55,0.62
47143,0.89,0.84,0.53,0.5,0.82
47145,0.55,0.37,0.21,0.41,0.38
47147,0.43,0.55,0.62,0.27,0.43
47149,0.28,0.24,0.79,0.28,0.33
47155,0.65,0.51,0.57,0.51,0.61
47159,0.46,0.67,0.09,0.16,0.26
47161,0.74,0.63,0.14,0.14,0.41
47163,0.59,0.72,0.2,0.6,0.54
47165,0.17,0.38,0.55,0.18,0.21
47167,0.58,0.76,0.47,0.14,0.45
47177,0.84,0.92,0.63,0.44,0.83
47179,0.43,0.36,0.32,0.73,0.46
47183,0.78,0.37,0.35,0.7,0.66
47185,0.84,0.75,0.11,0.38,0.6
47189,0.12,0.23,0.55,0.16,0.15
48009,0.13,0.33,0.48,0.03,0.09
48011,0.12,0.18,0.45,0.27,0.16
48023,0.3,0.72,0.22,0.03,0.16
48031,0.23,0.34,0.74,0.21,0.28
48043,0.42,0.49,0.88,0.74,0.66
48049,0.48,0.46,0.77,0.69,0.63
48053,0.29,0.81,0.78,0.45,0.53
48059,0.42,0.62,0.43,0.1,0.3
48065,0.02,0.42,0.4,0.01,0.03
48067,0.79,0.79,0.46,0.68,0.78
48077,0.46,0.45,0.53,0.11,0.32
48083,0.54,0.49,0.72,0.11,0.42
48091,0.06,0.24,0.79,0.33,0.24
48097,0.44,0.63,0.81,0.59,0.62
48119,0.69,0.8,0.38,0.29,0.57
48143,0.56,0.04,0.78,0.96,0.63
48149,0.27,0.3,0.77,0.59,0.44
48151,0.58,0.43,0.85,0.06,0.43
48159,0.47,0.84,0.74,0.2,0.53
48175,0.5,0.55,0.76,0.46,0.58
48179,0.7,0.67,0.87,0.81,0.84
48181,0.44,0.78,0.77,0.64,0.66
48183,0.61,0.77,0.91,0.95,0.88
48187,0.22,0.48,0.9,0.4,0.43
48203,0.61,0.43,0.84,0.72,0.73
48221,0.16,0.19,0.66,0.39,0.26
48223,0.58,0.84,0.8,0.45,0.71
48233,0.62,0.92,0.79,0.2,0.66
48235,0.36,0.5,0.32,0.07,0.2
48241,0.74,0.92,0.57,0.67,0.82
48251,0.38,0.32,0.81,0.54,0.51
48259,0.04,0.43,0.77,0.25,0.23
48277,0.68,0.96,0.65,0.69,0.84
48281,0.41,0.82,0.63,0.41,0.54
48307,0.55,0.99,0.76,0.31,0.74
48337,0.49,0.87,0.67,0.33,0.58
48343,0.71,0.78,0.74,0.4,0.73
48361,0.42,0.82,0.55,0.61,0.58
48363,0.75,0.9,0.81,0.75,0.88
48367,0.21,0.16,0.64,0.36,0.26
48373,0.76,0.81,0.82,0.93,0.91
48381,0.08,0.17,0.7,0.39,0.22
48387,0.81,0.45,0.35,0.3,0.56
48395,0.6,0.57,0.85,0.71,0.75
48399,0.56,0.88,0.75,0.11,0.54
48441,0.45,0.69,0.83,0.74,0.69
48459,0.66,0.47,0.61,0.4,0.59
48467,0.55,0.72,0.61,0.34,0.56
48477,0.48,0.44,0.85,0.89,0.73
48503,0.42,0.92,0.67,0.3,0.55
49017,0.44,0.61,0.51,0.37,0.46
49025,0.25,0.37,0.24,0.05,0.11
49055,0.3,0.34,0.59,0.23,0.29
50003,0.19,0.77,0.08,0.6,0.29
50005,0.26,0.32,0.19,0.58,0.27
50011,0.16,0.18,0.19,0.26,0.11
50013,0.06,0.03,0.17,0.01,0.0
50015,0.21,0.11,0.08,0.43,0.13
50017,0.2,0.32,0.09,0.39,0.17
50019,0.44,0.73,0.17,0.53,0.43
50023,0.1,0.24,0.17,0.57,0.18
50025,0.26,0.42,0.16,0.68,0.31
50027,0.1,0.35,0.16,0.3,0.13
51005,0.63,0.46,0.15,0.44,0.45
51007,0.36,0.26,0.58,0.27,0.32
51009,0.61,0.22,0.54,0.38,0.47
51011,0.44,0.71,0.42,0.18,0.36
51015,0.25,0.08,0.31,0.29,0.15
51017,0.51,0.12,0.19,0.3,0.25
51019,0.18,0.14,0.37,0.12,0.1
51023,0.08,0.17,0.31,0.05,0.04
51031,0.35,0.28,0.5,0.19,0.26
51033,0.32,0.3,0.59,0.4,0.35
51035,0.54,0.52,0.33,0.15,0.34
51041,0.11,0.24,0.85,0.09,0.18
51043,0.16,0.18,0.45,0.1,0.11
51045,0.09,0.23,0.02,0.28,0.07
51047,0.33,0.31,0.82,0.57,0.49
51049,0.77,0.71,0.46,0.2,0.58
51053,0.59,0.16,0.69,0.24,0.42
51057,0.54,0.7,0.73,0.3,0.56
51061,0.03,0.09,0.64,0.01,0.03
51063,0.34,0.14,0.3,0.05,0.11
51065,0.13,0.08,0.48,0.05,0.06
51067,0.48,0.27,0.42,0.47,0.4
51069,0.14,0.16,0.64,0.23,0.18
51071,0.38,0.83,0.19,0.13,0.27
51073,0.13,0.16,0.26,0.03,0.04
51075,0.04,0.06,0.41,0.15,0.05
51077,0.84,0.38,0.38,0.51,0.65
51079,0.26,0.19,0.48,0.12,0.16
51083,0.61,0.68,0.61,0.6,0.67
51085,0.02,0.05,0.42,0.05,0.02
51089,0.9,0.73,0.63,0.8,0.89
51093,0.39,0.3,0.62,0.24,0.34
51095,0.03,0.21,0.63,0.14,0.12
51097,0.58,0.23,0.65,0.06,0.32
51099,0.04,0.1,0.44,0.01,0.02
51101,0.15,0.17,0.37,0.01,0.04
51109,0.47,0.26,0.6,0.19,0.33
51113,0.32,0.12,0.38,0.16,0.16
51127,0.07,0.02,0.27,0.03,0.01
51137,0.3,0.84,0.68,0.31,0.46
51139,0.74,0.56,0.18,0.13,0.39
51143,0.69,0.62,0.6,0.42,0.64
51155,0.53,0.39,0.36,0.58,0.48
51165,0.3,0.18,0.58,0.43,0.32
51171,0.37,0.44,0.61,0.26,0.36
51177,0.19,0.22,0.78,0.15,0.22
51181,0.52,0.32,0.43,0.26,0.37
51187,0.39,0.24,0.41,0.21,0.26
51191,0.59,0.46,0.1,0.34,0.36
51193,0.47,0.17,0.78,0.08,0.29
51197,0.61,0.57,0.1,0.34,0.4
51199,0.11,0.33,0.74,0.15,0.2
51550,0.16,0.31,0.73,0.25,0.26
51580,0.54,0.65,0.26,0.42,0.46
51735,0.06,0.23,0.27,0.01,0.01
51800,0.33,0.42,0.65,0.26,0.35
51810,0.1,0.16,0.77,0.23,0.19
51820,0.55,0.83,0.66,0.33,0.6
53003,0.45,0.84,0.26,0.31,0.42
53011,0.18,0.22,0.75,0.37,0.29
53015,0.6,0.93,0.59,0.76,0.79
53023,0.39,0.75,0.23,0.02,0.18
53027,0.65,0.81,0.71,0.9,0.84
53029,0.15,0.23,0.53,0.24,0.19
53035,0.12,0.21,0.52,0.65,0.28
53037,0.48,0.02,0.51,0.51,0.28
53041,0.62,0.76,0.67,0.83,0.79
53045,0.59,0.68,0.73,0.42,0.64
53059,0.28,0.11,0.37,0.41,0.22
53065,0.55,0.64,0.35,0.32,0.46
53067,0.25,0.2,0.69,0.45,0.33
54003,0.46,0.61,0.49,0.33,0.44
54009,0.31,0.52,0.05,0.72,0.33
54023,0.62,0.37,0.29,0.22,0.37
54025,0.73,0.6,0.18,0.5,0.56
54029,0.53,0.6,0.19,0.38,0.41
54031,0.43,0.37,0.65,0.07,0.28
54033,0.54,0.51,0.09,0.54,0.41
54035,0.51,0.33,0.03,0.28,0.25
54037,0.32,0.12,0.47,0.28,0.23
54041,0.73,0.73,0.07,0.85,0.68
54049,0.55,0.4,0.29,0.63,0.49
54051,0.44,0.37,0.03,0.24,0.22
54053,0.73,0.5,0.03,0.72,0.55
54057,0.54,0.89,0.4,0.47,0.59
54065,0.51,0.17,0.09,0.13,0.18
54067,0.75,0.66,0.01,0.58,0.54
54073,0.59,0.6,0.05,0.55,0.45
54079,0.1,0.18,0.09,0.12,0.04
54083,0.75,0.36,0.02,0.85,0.58
54085,0.77,0.6,0.05,0.11,0.36
54091,0.7,0.47,0.04,0.59,0.49
54095,0.62,0.33,0.02,0.1,0.22
54097,0.86,0.5,0.02,0.87,0.69
54103,0.8,0.76,0.01,0.24,0.48
54107,0.47,0.76,0.06,0.41,0.37
55003,0.48,0.63,0.28,0.79,0.55
55005,0.25,0.58,0.3,0.53,0.33
55009,0.14,0.28,0.73,0.55,0.33
55011,0.11,0.15,0.29,0.08,0.06
55015,0.01,0.11,0.38,0.04,0.02
55017,0.18,0.29,0.26,0.45,0.21
55021,0.06,0.14,0.36,0.33,0.12
55023,0.3,0.46,0.29,0.75,0.4
55027,0.21,0.11,0.37,0.47,0.2
55031,0.21,0.34,0.2,0.67,0.27
55035,0.22,0.04,0.51,0.59,0.22
55039,0.14,0.1,0.45,0.54,0.2
55041,0.62,0.8,0.39,0.41,0.58
55043,0.32,0.04,0.14,0.66,0.19
55045,0.05,0.27,0.27,0.08,0.05
55047,0.25,0.35,0.41,0.43,0.29
55049,0.03,0.17,0.17,0.04,0.01
55053,0.42,0.44,0.43,0.73,0.5
55055,0.14,0.1,0.47,0.43,0.19
55057,0.41,0.34,0.24,0.64,0.38
55061,0.08,0.13,0.29,0.12,0.06
55065,0.2,0.46,0.34,0.11,0.16
55067,0.51,0.53,0.26,0.27,0.35
55069,0.16,0.19,0.05,0.31,0.1
55071,0.18,0.13,0.48,0.24,0.16
55073,0.12,0.09,0.54,0.27,0.14
55075,0.34,0.62,0.09,0.42,0.3
55077,0.42,0.36,0.27,0.22,0.26
55081,0.28,0.7,0.47,0.64,0.46
55083,0.19,0.14,0.22,0.08,0.06
55087,0.05,0.1,0.5,0.22,0.1
55089,0.01,0.06,0.28,0.11,0.01
55091,0.2,0.23,0.17,0.16,0.1
55093,0.04,0.03,0.37,0.47,0.08
55095,0.14,0.39,0.14,0.11,0.09
55097,0.18,0.03,0.4,0.58,0.17
55101,0.29,0.54,0.71,0.48,0.46
55103,0.31,0.43,0.28,0.45,0.31
55105,0.38,0.62,0.6,0.38,0.46
55107,0.46,0.65,0.2,0.3,0.35
55109,0.0,0.15,0.25,0.06,0.01
55111,0.18,0.3,0.4,0.4,0.23
55115,0.16,0.22,0.31,0.22,0.14
55117,0.1,0.14,0.56,0.55,0.22
55119,0.29,0.4,0.25,0.21,0.2
55121,0.2,0.38,0.57,0.33,0.28
55123,0.4,0.29,0.27,0.7,0.38
55127,0.23,0.11,0.65,0.43,0.27
55131,0.01,0.08,0.28,0.04,0.01
55135,0.14,0.33,0.3,0.34,0.18
55137,0.36,0.25,0.5,0.5,0.37
55141,0.14,0.34,0.35,0.19,0.15
56003,0.45,0.7,0.46,0.23,0.4
56007,0.23,0.33,0.77,0.82,0.5
56009,0.2,0.3,0.24,0.42,0.2
56011,0.06,0.13,0.08,0.17,0.03
56013,0.4,0.8,0.42,0.71,0.56
56015,0.37,0.32,0.54,0.27,0.33
56019,0.09,0.56,0.12,0.41,0.18
56021,0.17,0.29,0.56,0.4,0.27
56025,0.14,0.54,0.44,0.48,0.3
56029,0.03,0.14,0.36,0.17,0.07
56031,0.11,0.44,0.45,0.04,0.1
56033,0.01,0.19,0.24,0.37,0.09
56035,0.04,0.27,0.35,0.02,0.03
56043,0.43,0.65,0.37,0.28,0.37
56045,0.3,0.23,0.43,0.66,0.35
01003,0.22,0.2,0.44,0.34,0.22
01019,0.69,0.45,0.28,0.27,0.45
01021,0.77,0.85,0.7,0.36,0.76
01027,0.82,0.67,0.42,0.16,0.56
01041,0.73,0.86,0.7,0.24,0.69
01049,0.8,0.74,0.76,0.48,0.8
01057,0.83,0.81,0.22,0.55,0.7
01061,0.94,0.92,0.46,0.27,0.8
01073,0.52,0.58,0.81,0.62,0.66
01075,0.87,0.72,0.2,0.33,0.63
01081,0.55,0.15,0.72,0.92,0.66
01093,0.78,0.85,0.3,0.42,0.67
01109,0.91,0.28,0.82,0.92,0.9
01123,0.88,0.88,0.42,0.87,0.89
01125,0.6,0.13,0.71,0.81,0.63
02068,0.16,0.0,0.45,0.55,0.1
02090,0.19,0.19,0.57,0.75,0.34
02110,0.1,0.02,0.74,0.93,0.3
02122,0.32,0.26,0.46,0.74,0.41
02195,0.16,0.89,0.77,0.93,0.66
02220,0.06,0.19,0.73,0.94,0.4
02230,0.15,0.01,0.39,0.81,0.17
02275,0.28,0.63,0.68,0.81,0.56
04003,0.67,0.8,0.92,0.94,0.91
04019,0.61,0.57,0.93,0.98,0.88
04025,0.44,0.39,0.66,0.58,0.52
05003,0.83,0.93,0.74,0.49,0.86
05005,0.43,0.51,0.07,0.32,0.28
05007,0.17,0.17,0.81,0.31,0.27
05015,0.55,0.38,0.78,0.52,0.6
05019,0.54,0.56,0.64,0.98,0.79
05023,0.51,0.52,0.04,0.09,0.21
05025,0.64,0.95,0.38,0.2,0.56
05029,0.68,0.92,0.56,0.54,0.76
05031,0.57,0.87,0.61,0.91,0.8
05043,0.74,0.6,0.39,0.95,0.8
05055,0.7,0.91,0.15,0.38,0.58
05059,0.8,0.78,0.4,0.85,0.82
05061,0.74,0.98,0.86,0.66,0.9
05071,0.78,0.86,0.76,0.76,0.88
05073,0.73,0.9,0.53,0.64,0.79
05075,0.8,0.83,0.09,0.56,0.65
05081,0.66,0.88,0.35,0.42,0.63
05091,0.81,0.93,0.38,0.98,0.91
05103,0.84,0.95,0.51,0.68,0.87
05105,0.78,0.72,0.1,0.64,0.64
05109,0.65,0.91,0.59,0.46,0.71
05139,0.76,0.88,0.69,0.5,0.81
05143,0.51,0.2,0.83,0.88,0.67
06009,0.31,0.6,0.51,0.06,0.24
06033,0.8,0.89,0.83,0.84,0.92
06035,0.69,0.05,0.78,0.72,0.6
06041,0.03,0.08,0.84,0.7,0.27
06043,0.48,0.36,0.62,0.59,0.53
06049,0.75,0.45,0.78,0.58,0.75
06057,0.22,0.22,0.55,0.21,0.2
06063,0.26,0.37,0.55,0.24,0.27
06091,0.12,0.11,0.26,0.09,0.05
06105,0.66,0.87,0.53,0.63,0.74
06109,0.36,0.36,0.55,0.67,0.47
08003,0.87,0.3,0.93,0.99,0.95
08005,0.1,0.14,0.89,0.36,0.27
08007,0.26,0.13,0.62,0.34,0.26
08009,0.56,0.73,0.68,0.39,0.61
08013,0.13,0.01,0.72,0.57,0.17
08014,0.01,0.03,0.7,0.15,0.05
08015,0.12,0.29,0.44,0.49,0.24
08017,0.5,0.12,0.69,0.06,0.26
08027,0.44,0.34,0.56,0.04,0.24
08029,0.66,0.49,0.66,0.65,0.69
08035,0.0,0.07,0.5,0.04,0.02
08041,0.24,0.26,0.75,0.58,0.39
08043,0.58,0.4,0.68,0.7,0.65
08049,0.15,0.01,0.53,0.41,0.1
08059,0.02,0.02,0.67,0.2,0.06
08061,0.22,0.92,0.38,0.21,0.32
08063,0.34,0.69,0.81,0.4,0.52
08069,0.15,0.02,0.6,0.36,0.12
08079,0.04,0.29,0.27,0.02,0.03
08081,0.31,0.59,0.7,0.73,0.55
08091,0.1,0.1,0.33,0.03,0.02
08095,0.15,0.22,0.84,0.35,0.3
08097,0.03,0.04,0.49,0.26,0.07
08107,0.03,0.0,0.55,0.45,0.06
08113,0.01,0.01,0.57,0.27,0.03
08115,0.59,0.83,0.55,0.62,0.69
08123,0.28,0.15,0.86,0.53,0.4
09013,0.08,0.01,0.5,0.35,0.07
10003,0.27,0.11,0.85,0.56,0.38
10005,0.3,0.32,0.77,0.42,0.4
12001,0.51,0.01,0.76,0.89,0.47
12005,0.44,0.59,0.67,0.71,0.61
12009,0.32,0.33,0.7,0.35,0.37
12015,0.38,0.45,0.64,0.55,0.49
12017,0.67,0.5,0.48,0.53,0.6
12031,0.47,0.34,0.89,0.83,0.69
12035,0.32,0.3,0.78,0.1,0.28
12037,0.81,0.33,0.62,0.88,0.81
12041,0.74,0.83,0.59,0.53,0.76
12045,0.73,0.38,0.51,0.44,0.59
12053,0.64,0.67,0.65,0.21,0.55
12069,0.46,0.58,0.76,0.59,0.6
12073,0.5,0.03,0.69,0.85,0.49
12075,0.81,0.77,0.64,0.47,0.78
12083,0.71,0.63,0.7,0.63,0.75
12091,0.26,0.19,0.71,0.63,0.39
12103,0.29,0.26,0.77,0.81,0.52
12105,0.72,0.8,0.91,0.9,0.9
12111,0.61,0.61,0.9,0.49,0.72
12117,0.2,0.05,0.87,0.18,0.18
12119,0.15,0.34,0.54,0.31,0.24
12121,0.83,0.93,0.72,0.93,0.94
12127,0.45,0.44,0.7,0.52,0.53
12131,0.36,0.31,0.57,0.95,0.58
13013,0.57,0.55,0.8,0.05,0.42
13035,0.82,0.32,0.49,0.83,0.77
13051,0.51,0.36,0.84,0.82,0.69
13067,0.16,0.18,0.92,0.23,0.27
13083,0.61,0.13,0.19,0.91,0.52
13103,0.24,0.38,0.54,0.19,0.24
13105,0.85,0.72,0.8,0.52,0.83
13117,0.03,0.06,0.78,0.02,0.04
13131,0.86,0.98,0.9,0.52,0.93
13133,0.53,0.52,0.76,0.31,0.54
13137,0.64,0.33,0.81,0.72,0.71
13149,0.81,0.51,0.5,0.57,0.72
13159,0.85,0.5,0.58,0.35,0.69
13171,0.86,0.06,0.4,0.37,0.49
13177,0.46,0.36,0.4,0.31,0.35
13181,0.63,0.77,0.49,0.29,0.56
13185,0.83,0.31,0.75,0.94,0.87
13195,0.78,0.69,0.63,0.22,0.64
13201,0.77,0.65,0.34,0.88,0.78
13219,0.02,0.23,0.58,0.01,0.04
13221,0.66,0.38,0.74,0.2,0.52
13223,0.25,0.31,0.59,0.02,0.14
13237,0.48,0.26,0.76,0.27,0.43
13241,0.54,0.49,0.57,0.46,0.53
13255,0.84,0.9,0.57,0.72,0.87
13257,0.81,0.56,0.53,0.78,0.8
13275,0.8,0.94,0.73,0.81,0.91
13281,0.55,0.4,0.04,0.36,0.33
13285,0.85,0.85,0.76,0.78,0.9
13291,0.36,0.45,0.36,0.3,0.31
13293,0.91,0.57,0.59,0.76,0.85
13305,0.86,0.48,0.74,0.98,0.92
13317,0.74,0.86,0.88,0.25,0.76
16005,0.54,0.55,0.46,0.68,0.58
16007,0.34,0.64,0.2,0.12,0.21
16009,0.72,0.93,0.34,0.56,0.73
16011,0.51,0.63,0.79,0.2,0.51
16013,0.23,0.3,0.84,0.25,0.32
16015,0.31,0.16,0.12,0.04,0.07
16019,0.26,0.47,0.64,0.38,0.36
16027,0.74,0.57,0.85,0.41,0.74
16029,0.14,0.23,0.44,0.34,0.19
16041,0.31,0.29,0.31,0.06,0.14
16043,0.62,0.2,0.68,0.4,0.51
16051,0.38,0.12,0.64,0.17,0.25
16059,0.34,0.37,0.21,0.48,0.3
16061,0.55,0.87,0.46,0.37,0.57
16071,0.48,0.76,0.51,0.06,0.34
16079,0.75,0.65,0.44,0.77,0.76
16081,0.2,0.06,0.65,0.15,0.13
16083,0.45,0.51,0.75,0.32,0.5
16087,0.66,1.0,0.78,0.43,0.85
17005,0.38,0.07,0.26,0.93,0.37
17009,0.49,0.03,0.58,0.92,0.47
17017,0.59,0.63,0.84,0.53,0.7
17025,0.5,0.97,0.33,0.51,0.61
17033,0.45,0.31,0.48,0.39,0.38
17037,0.49,0.09,0.69,0.68,0.49
17041,0.42,0.38,0.49,0.54,0.44
17043,0.07,0.04,0.85,0.31,0.16
17051,0.8,0.5,0.27,0.46,0.59
17059,0.56,0.98,0.12,0.16,0.45
17071,0.29,0.43,0.04,0.02,0.07
17085,0.13,0.22,0.26,0.04,0.05
17087,0.63,0.27,0.22,0.58,0.46
17089,0.34,0.23,0.93,0.3,0.42
17093,0.11,0.21,0.82,0.05,0.14
17095,0.6,0.46,0.44,0.83,0.65
17101,0.73,0.57,0.48,0.88,0.78
17103,0.29,0.18,0.45,0.53,0.3
17107,0.34,0.11,0.28,0.42,0.23
17113,0.14,0.03,0.58,0.64,0.19
17121,0.71,0.94,0.28,0.65,0.74
17135,0.55,0.2,0.23,0.57,0.39
17137,0.44,0.54,0.33,0.74,0.5
17139,0.29,0.26,0.13,0.74,0.29
17145,0.7,0.57,0.24,0.79,0.65
17157,0.54,0.26,0.37,0.56,0.46
17169,0.64,0.86,0.5,0.23,0.57
17177,0.44,0.86,0.36,0.43,0.5
17183,0.72,0.89,0.54,0.76,0.81
18011,0.01,0.14,0.4,0.12,0.04
18017,0.65,0.69,0.79,0.51,0.72
18039,0.56,0.7,0.81,0.8,0.77
18053,0.78,0.85,0.25,0.67,0.73
18057,0.0,0.12,0.55,0.04,0.03
18075,0.68,0.9,0.22,0.63,0.67
18077,0.49,0.54,0.22,0.56,0.44
18121,0.6,0.31,0.29,0.87,0.58
18123,0.37,0.46,0.09,0.52,0.31
18133,0.4,0.11,0.34,0.72,0.35
18153,0.57,0.63,0.19,0.94,0.64
18163,0.45,0.46,0.46,0.71,0.52
18167,0.72,0.5,0.4,0.84,0.73
19009,0.19,0.21,0.06,0.02,0.02
19013,0.34,0.17,0.66,0.67,0.43
19019,0.07,0.53,0.04,0.13,0.07
19025,0.17,0.44,0.08,0.31,0.16
19053,0.61,0.44,0.31,0.95,0.68
19057,0.38,0.89,0.34,0.4,0.47
19059,0.01,0.42,0.19,0.26,0.09
19063,0.21,0.58,0.6,0.54,0.39
19103,0.2,0.01,0.75,0.86,0.27
19113,0.05,0.2,0.52,0.39,0.18
19115,0.48,0.18,0.82,0.34,0.46
19119,0.1,0.25,0.25,0.04,0.04
19127,0.47,0.51,0.87,0.74,0.69
19137,0.5,0.96,0.34,0.29,0.53
19153,0.16,0.29,0.77,0.62,0.38
19157,0.16,0.09,0.37,0.36,0.15
19167,0.13,0.09,0.62,0.49,0.22
19191,0.04,0.03,0.1,0.18,0.01
19193,0.43,0.67,0.82,0.79,0.7
20003,0.35,0.63,0.04,0.25,0.23
20005,0.46,0.32,0.29,0.82,0.49
20021,0.52,0.83,0.17,0.22,0.38
20023,0.12,0.58,0.49,0.01,0.1
20033,0.05,0.52,0.11,0.14,0.08
20039,0.29,0.42,0.33,0.06,0.16
20043,0.39,0.14,0.14,0.43,0.23
20045,0.3,0.01,0.59,0.7,0.22
20047,0.28,0.4,0.82,0.28,0.37
20053,0.28,0.28,0.4,0.8,0.4
20063,0.19,0.44,0.21,0.06,0.1
20065,0.22,0.57,0.25,0.05,0.13
20073,0.23,0.83,0.14,0.18,0.21
20089,0.26,0.38,0.09,0.05,0.09
20091,0.01,0.11,0.69,0.08,0.06
20129,0.37,0.76,0.85,0.08,0.41
20135,0.09,0.5,0.65,0.05,0.15
20137,0.27,0.08,0.5,0.66,0.3
20145,0.33,0.64,0.42,0.17,0.29
20149,0.15,0.21,0.4,0.23,0.15
20153,0.08,0.49,0.57,0.06,0.14
20157,0.1,0.16,0.08,0.21,0.06
20171,0.24,0.1,0.78,0.45,0.31
20177,0.25,0.48,0.7,0.78,0.51
20183,0.17,0.49,0.07,0.02,0.05
20187,0.51,0.65,0.85,0.13,0.5
20203,0.19,0.88,0.87,0.29,0.47
20205,0.48,0.99,0.18,0.65,0.64
20207,0.82,0.68,0.28,0.05,0.44
21001,0.87,0.2,0.15,0.93,0.71
21019,0.71,0.87,0.12,0.77,0.69
21021,0.5,0.33,0.47,0.42,0.43
21027,0.82,0.62,0.27,0.75,0.74
21031,0.81,0.83,0.43,0.66,0.79
21033,0.46,0.88,0.21,0.51,0.5
21035,0.66,0.06,0.34,0.8,0.5
21037,0.27,0.07,0.23,0.68,0.22
21057,0.84,0.32,0.1,0.46,0.53
21061,0.89,0.39,0.13,0.59,0.64
21067,0.38,0.08,0.8,0.77,0.49
21077,0.7,0.38,0.38,0.68,0.61
21081,0.6,0.87,0.11,0.61,0.56
21085,0.79,0.7,0.1,0.55,0.61
21105,0.7,0.63,0.27,0.5,0.57
21111,0.38,0.38,0.8,0.71,0.57
21113,0.55,0.76,0.55,0.27,0.52
21137,0.91,0.78,0.18,0.46,0.71
21139,0.52,0.55,0.02,0.21,0.26
21155,0.91,0.95,0.37,0.84,0.91
21167,0.72,0.41,0.36,0.14,0.41
21173,0.8,0.95,0.25,0.71,0.8
21177,0.87,0.53,0.14,0.48,0.61
21183,0.84,0.89,0.12,0.21,0.58
21187,0.67,0.86,0.15,0.33,0.53
21197,0.88,0.84,0.04,0.79,0.77
21221,0.55,0.69,0.29,0.15,0.36
21225,0.81,0.29,0.28,0.38,0.54
21233,0.77,0.8,0.45,0.71,0.79
22005,0.34,0.55,0.7,0.27,0.4
22011,0.72,0.87,0.39,0.39,0.65
22023,0.37,0.11,0.63,0.23,0.26
22053,0.83,0.94,0.31,0.67,0.81
22057,0.7,0.68,0.69,0.67,0.77
22073,0.77,0.65,0.54,0.95,0.85
22079,0.75,0.9,0.69,0.93,0.91
22081,0.77,0.85,0.69,0.57,0.81
22089,0.32,0.49,0.66,0.24,0.35
22099,0.75,0.73,0.77,0.51,0.78
22111,0.73,0.51,0.68,0.86,0.81
22121,0.56,0.68,0.55,0.94,0.76
22123,0.92,0.73,0.3,0.25,0.67
22125,0.74,0.1,0.64,0.85,0.69
23003,0.58,0.62,0.3,0.75,0.59
23015,0.15,0.5,0.08,0.18,0.11
24003,0.08,0.06,0.75,0.36,0.18
24005,0.17,0.2,0.86,0.62,0.38
24011,0.52,0.75,0.71,0.28,0.55
24017,0.04,0.28,0.83,0.13,0.17
24027,0.01,0.07,0.91,0.17,0.13
24041,0.09,0.41,0.68,0.04,0.13
24045,0.58,0.26,0.86,0.94,0.77
25001,0.05,0.12,0.43,0.09,0.06
25005,0.38,0.32,0.77,0.65,0.52
25015,0.25,0.02,0.57,0.69,0.23
25021,0.07,0.03,0.8,0.66,0.21
25027,0.23,0.1,0.79,0.79,0.41
26003,0.57,0.24,0.35,0.55,0.45
26009,0.27,0.29,0.23,0.07,0.12
26011,0.77,0.64,0.15,0.27,0.51
26013,0.69,0.56,0.35,0.74,0.66
26019,0.25,0.32,0.19,0.08,0.11
26025,0.57,0.79,0.63,0.72,0.72
26031,0.56,0.51,0.18,0.11,0.29
26039,0.64,0.63,0.12,0.2,0.37
26045,0.19,0.42,0.59,0.41,0.31
26051,0.71,0.66,0.15,0.48,0.54
26057,0.67,0.42,0.36,0.7,0.6
26065,0.52,0.07,0.76,0.86,0.57
26071,0.45,0.38,0.08,0.36,0.28
26077,0.35,0.15,0.57,0.69,0.41
26081,0.28,0.31,0.8,0.65,0.48
26083,0.23,0.62,0.02,0.03,0.08
26089,0.08,0.09,0.4,0.02,0.02
26101,0.5,0.34,0.28,0.5,0.4
26125,0.08,0.05,0.76,0.18,0.11
26131,0.55,0.32,0.15,0.2,0.27
26141,0.6,0.4,0.26,0.07,0.28
26161,0.17,0.01,0.74,0.79,0.22
27001,0.39,0.49,0.14,0.43,0.31
27007,0.63,0.73,0.4,0.95,0.78
27009,0.23,0.49,0.32,0.88,0.43
27011,0.17,0.35,0.16,0.48,0.2
27013,0.3,0.04,0.42,0.75,0.28
27019,0.0,0.07,0.35,0.08,0.01
27021,0.35,0.79,0.28,0.32,0.35
27027,0.11,0.11,0.41,0.72,0.22
27037,0.02,0.2,0.71,0.15,0.12
27039,0.02,0.39,0.32,0.07,0.06
27057,0.15,0.54,0.25,0.33,0.21
27073,0.06,0.3,0.25,0.23,0.1
27075,0.07,0.16,0.29,0.31,0.11
27077,0.2,0.15,0.12,0.47,0.16
27081,0.16,0.4,0.01,0.1,0.07
27083,0.21,0.35,0.65,0.8,0.45
27095,0.43,0.9,0.24,0.8,0.59
27099,0.37,0.68,0.8,0.71,0.63
27101,0.1,0.23,0.47,0.12,0.11
27109,0.04,0.2,0.72,0.59,0.26
27113,0.11,0.55,0.29,0.71,0.3
27117,0.26,0.58,0.69,0.58,0.46
27119,0.21,0.36,0.44,0.73,0.37
27131,0.2,0.08,0.71,0.87,0.39
27139,0.01,0.09,0.7,0.23,0.11
27141,0.03,0.22,0.31,0.24,0.09
27145,0.26,0.13,0.61,0.78,0.39
27149,0.18,0.03,0.62,0.65,0.23
27155,0.14,0.68,0.34,0.38,0.26
27159,0.47,0.99,0.08,0.8,0.66
27165,0.37,0.74,0.86,0.28,0.52
27169,0.25,0.02,0.4,0.77,0.21
27171,0.02,0.13,0.32,0.15,0.05
28019,0.93,0.77,0.34,0.81,0.85
28037,0.73,0.89,0.42,0.16,0.57
28067,0.8,0.92,0.72,0.77,0.89
28073,0.55,0.62,0.51,0.39,0.53
28075,0.77,0.92,0.64,0.97,0.93
28077,0.86,0.64,0.44,0.29,0.66
28085,0.81,0.81,0.39,0.6,0.76
28131,0.72,0.47,0.33,0.6,0.6
28137,0.82,0.6,0.69,0.88,0.86
28139,0.91,0.92,0.49,0.61,0.86
28149,0.75,0.85,0.66,0.84,0.86
28155,0.78,0.97,0.31,0.11,0.6
29005,0.19,0.43,0.03,0.07,0.07
29009,0.74,0.78,0.69,0.34,0.71
29017,0.72,0.64,0.07,0.35,0.48
29019,0.31,0.02,0.63,0.71,0.29
29027,0.4,0.28,0.27,0.48,0.32
29035,0.79,1.0,0.05,0.47,0.75
29053,0.46,0.51,0.22,0.49,0.39
29065,0.82,0.9,0.05,0.41,0.63
29067,0.86,0.63,0.15,0.2,0.52
29077,0.43,0.14,0.41,0.81,0.44
29093,0.88,0.88,0.05,0.79,0.78
29095,0.36,0.48,0.82,0.55,0.54
29101,0.45,0.05,0.32,0.8,0.35
29111,0.49,0.31,0.17,0.78,0.45
29117,0.51,0.49,0.13,0.45,0.37
29123,0.63,0.55,0.08,0.57,0.48
29135,0.6,0.18,0.48,0.64,0.51
29147,0.53,0.02,0.17,0.54,0.22
29163,0.59,0.34,0.36,0.68,0.54
29165,0.02,0.24,0.56,0.13,0.1
29169,0.64,0.31,0.63,0.73,0.65
29175,0.68,0.43,0.16,0.73,0.56
29179,0.82,0.66,0.06,0.4,0.56
29187,0.69,0.58,0.24,0.91,0.7
29201,0.71,0.96,0.43,0.6,0.78
29207,0.74,0.75,0.05,0.24,0.46
29209,0.52,0.41,0.11,0.44,0.35
29211,0.61,0.36,0.81,0.49,0.63
29213,0.65,0.84,0.44,0.95,0.82
29225,0.63,0.38,0.41,0.83,0.64
30011,0.12,0.14,0.01,0.22,0.05
30019,0.0,0.41,0.08,0.09,0.02
30037,0.24,0.26,0.28,0.01,0.05
30039,0.18,0.33,0.02,0.13,0.08
30055,0.09,0.13,0.36,0.16,0.08
30057,0.06,0.13,0.56,0.4,0.17
30065,0.67,0.27,0.11,0.31,0.36
30077,0.32,0.24,0.19,0.5,0.25
30079,0.24,0.65,0.0,0.03,0.08
30087,0.75,0.43,0.46,0.44,0.61
30089,0.72,0.4,0.23,0.1,0.35
30093,0.47,0.4,0.3,0.84,0.53
30097,0.03,0.26,0.09,0.01,0.01
30109,0.47,0.96,0.39,0.07,0.39
31009,0.14,0.18,0.31,0.13,0.09
31013,0.29,0.48,0.45,0.47,0.36
31015,0.11,0.63,0.14,0.08,0.09
31017,0.22,0.25,0.22,0.16,0.13
31029,0.17,0.18,0.68,0.09,0.16
31045,0.21,0.07,0.22,0.54,0.17
31049,0.31,0.44,0.53,0.01,0.16
31055,0.23,0.31,0.85,0.66,0.47
31057,0.37,0.66,0.67,0.05,0.3
31061,0.2,0.36,0.16,0.05,0.08
31063,0.13,0.41,0.03,0.22,0.1
31069,0.03,0.34,0.05,0.03,0.01
31071,0.06,0.5,0.01,0.09,0.04
31073,0.01,0.11,0.08,0.03,0.01
31077,0.13,0.54,0.08,0.02,0.04
31083,0.21,0.52,0.23,0.07,0.12
31087,0.27,0.82,0.09,0.14,0.19
31097,0.34,0.43,0.71,0.83,0.58
31101,0.23,0.44,0.3,0.29,0.23
31105,0.53,0.97,0.45,0.24,0.56
31109,0.16,0.08,0.7,0.69,0.3
31113,0.15,0.24,0.37,0.1,0.11
31115,0.04,0.24,0.0,0.01,0.0
31117,0.37,0.16,0.04,0.06,0.08
31119,0.33,0.3,0.79,0.68,0.51
31129,0.2,0.46,0.33,0.16,0.17
31141,0.21,0.18,0.8,0.34,0.3
31149,0.01,0.09,0.16,0.07,0.01
31151,0.5,0.34,0.88,0.53,0.6
31159,0.03,0.11,0.16,0.24,0.05
31161,0.35,0.86,0.49,0.77,0.6
31163,0.15,0.34,0.18,0.06,0.07
31169,0.08,0.46,0.13,0.06,0.06
31175,0.13,0.58,0.22,0.19,0.15
31179,0.19,0.01,0.39,0.36,0.08
32005,0.12,0.27,0.67,0.15,0.18
32007,0.33,0.4,0.84,0.59,0.52
32011,0.02,0.38,0.17,0.18,0.07
32033,0.37,0.15,0.64,0.49,0.37
32510,0.46,0.87,0.84,0.96,0.84
33003,0.06,0.25,0.04,0.21,0.06
33011,0.09,0.06,0.65,0.5,0.19
34009,0.31,0.17,0.58,0.52,0.34
34025,0.09,0.04,0.79,0.31,0.16
34027,0.04,0.03,0.83,0.29,0.12
34035,0.03,0.03,0.89,0.18,0.1
35027,0.38,0.39,0.88,0.33,0.48
35043,0.53,0.36,0.87,0.18,0.48
35055,0.73,0.82,0.91,0.66,0.86
35059,0.51,0.64,0.92,0.5,0.68
36003,0.61,0.42,0.24,0.83,0.58
36007,0.52,0.3,0.61,0.83,0.62
36009,0.61,0.68,0.41,0.9,0.73
36011,0.38,0.47,0.33,0.83,0.5
36013,0.66,0.55,0.56,0.79,0.72
36015,0.39,0.67,0.32,0.69,0.48
36019,0.47,0.2,0.4,0.91,0.53
36029,0.28,0.21,0.72,0.64,0.41
36033,0.69,0.36,0.45,0.89,0.71
36043,0.54,0.52,0.27,0.71,0.53
36051,0.35,0.08,0.32,0.83,0.34
36055,0.36,0.29,0.8,0.66,0.52
36057,0.74,0.85,0.67,0.71,0.83
36059,0.08,0.04,0.91,0.55,0.24
36065,0.47,0.55,0.72,0.87,0.69
36071,0.26,0.2,0.88,0.9,0.55
36077,0.46,0.1,0.35,0.82,0.42
36089,0.68,0.45,0.42,0.94,0.75
36093,0.34,0.12,0.7,0.61,0.39
36099,0.37,0.4,0.41,0.68,0.45
36105,0.57,0.65,0.78,0.9,0.79
36123,0.4,0.22,0.29,0.87,0.44
37003,0.7,0.35,0.58,0.57,0.63
37011,0.65,0.26,0.54,0.81,0.64
37013,0.71,0.74,0.72,0.4,0.72
37019,0.36,0.35,0.56,0.34,0.36
37029,0.58,0.43,0.52,0.03,0.31
37033,0.83,0.28,0.73,0.9,0.84
37039,0.7,0.43,0.35,0.29,0.49
37043,0.37,0.34,0.23,0.2,0.22
37045,0.86,0.7,0.52,0.77,0.84
37047,0.86,0.91,0.81,0.9,0.95
37067,0.52,0.28,0.89,0.78,0.68
37073,0.54,0.51,0.42,0.14,0.36
37081,0.46,0.25,0.91,0.76,0.64
37085,0.75,0.57,0.81,0.6,0.79
37089,0.19,0.29,0.71,0.42,0.32
37099,0.58,0.13,0.64,0.87,0.62
37105,0.75,0.72,0.92,0.64,0.85
37111,0.72,0.81,0.54,0.75,0.79
37113,0.43,0.4,0.56,0.22,0.35
37117,0.84,0.93,0.64,0.2,0.75
37129,0.37,0.07,0.66,0.62,0.38
37135,0.17,0.01,0.83,0.84,0.3
37137,0.58,0.43,0.69,0.86,0.72
37143,0.62,0.29,0.65,0.3,0.5
37149,0.24,0.35,0.46,0.73,0.38
37173,0.85,0.72,0.52,0.55,0.78
37175,0.49,0.27,0.46,0.4,0.4
37179,0.22,0.16,0.8,0.09,0.19
37183,0.1,0.14,0.86,0.44,0.28
37191,0.8,0.84,0.92,0.94,0.95
37193,0.78,0.58,0.56,0.46,0.69
37195,0.85,0.84,0.88,0.86,0.94
37199,0.8,0.45,0.47,0.26,0.57
38013,0.02,0.09,0.07,0.07,0.01
38015,0.01,0.17,0.31,0.72,0.17
38017,0.05,0.04,0.54,0.53,0.14
38019,0.05,0.12,0.25,0.04,0.02
38023,0.06,0.14,0.11,0.14,0.03
38029,0.22,0.3,0.04,0.15,0.1
38035,0.24,0.04,0.46,0.88,0.3
38037,0.11,0.22,0.05,0.21,0.07
38039,0.06,0.41,0.13,0.14,0.07
38045,0.22,0.11,0.3,0.02,0.04
38047,0.13,0.09,0.09,0.13,0.04
38051,0.23,0.35,0.11,0.11,0.11
38063,0.07,0.19,0.01,0.17,0.04
38071,0.08,0.73,0.23,0.87,0.35
38077,0.14,0.06,0.24,0.49,0.12
38083,0.29,0.13,0.15,0.06,0.07
38087,0.06,0.51,0.08,0.0,0.01
38089,0.07,0.1,0.41,0.76,0.21
38093,0.17,0.15,0.18,0.81,0.24
38101,0.04,0.05,0.43,0.74,0.17
38103,0.17,0.39,0.01,0.09,0.06
39001,0.89,0.97,0.03,0.6,0.77
39031,0.72,0.7,0.22,0.6,0.62
39041,0.0,0.08,0.47,0.04,0.02
39047,0.64,0.89,0.32,0.17,0.5
39049,0.34,0.25,0.84,0.67,0.51
39079,0.86,0.93,0.12,0.66,0.77
39087,0.7,0.88,0.15,0.34,0.56
39097,0.35,0.28,0.36,0.53,0.34
39101,0.68,0.54,0.33,0.75,0.64
39115,0.67,0.89,0.18,0.38,0.57
39129,0.38,0.31,0.25,0.37,0.28
39131,0.87,0.92,0.1,0.78,0.8
39173,0.22,0.03,0.42,0.5,0.17
40003,0.28,0.34,0.59,0.18,0.25
40007,0.51,0.28,0.84,0.22,0.46
40009,0.49,0.46,0.63,0.95,0.71
40011,0.44,0.82,0.83,0.55,0.67
40025,0.39,0.88,0.77,0.09,0.45
40029,0.78,1.0,0.51,0.39,0.83
40039,0.51,0.57,0.84,0.84,0.75
40041,0.8,0.79,0.67,0.41,0.77
40043,0.28,0.55,0.57,0.07,0.22
40057,0.68,0.97,0.86,0.36,0.81
40063,0.9,0.7,0.55,0.55,0.81
40069,0.83,0.97,0.51,0.53,0.85
40073,0.33,0.74,0.78,0.13,0.38
40077,0.74,0.96,0.6,0.88,0.89
40079,0.82,0.96,0.78,0.64,0.9
40097,0.63,0.95,0.49,0.61,0.75
40099,0.48,0.93,0.67,0.63,0.71
40101,0.77,0.92,0.75,0.95,0.93
40109,0.45,0.59,0.91,0.68,0.68
40111,0.83,0.97,0.42,0.74,0.87
40115,0.83,0.99,0.7,0.92,0.96
40121,0.67,0.92,0.63,0.77,0.83
40127,0.79,0.88,0.41,0.62,0.79
40143,0.4,0.6,0.87,0.6,0.62
40151,0.38,0.25,0.43,0.35,0.31
41001,0.6,0.58,0.32,0.92,0.69
41003,0.37,0.01,0.66,0.89,0.35
41005,0.09,0.08,0.66,0.41,0.19
41013,0.65,0.74,0.4,0.38,0.57
41015,0.54,0.48,0.39,0.48,0.49
41019,0.64,0.74,0.37,0.87,0.73
41025,0.66,0.85,0.35,0.71,0.71
41027,0.33,0.07,0.92,0.92,0.55
41031,0.83,0.85,0.84,0.79,0.91
41039,0.54,0.31,0.59,0.9,0.65
41041,0.49,0.56,0.48,0.65,0.55
41057,0.4,0.69,0.64,0.86,0.66
41063,0.29,0.73,0.36,0.81,0.5
41067,0.16,0.08,0.87,0.57,0.32
42011,0.48,0.43,0.84,0.62,0.62
42021,0.51,0.62,0.17,0.67,0.49
42023,0.34,0.67,0.04,0.48,0.3
42043,0.29,0.34,0.81,0.66,0.5
42049,0.45,0.56,0.6,0.78,0.62
42059,0.43,0.33,0.15,0.83,0.44
42061,0.54,0.37,0.29,0.67,0.49
42069,0.36,0.5,0.66,0.65,0.53
42071,0.3,0.2,0.71,0.75,0.46
42079,0.48,0.56,0.71,0.63,0.61
42087,0.49,0.78,0.19,0.51,0.47
42091,0.04,0.06,0.73,0.4,0.17
42093,0.11,0.39,0.34,0.78,0.31
42097,0.47,0.57,0.25,0.73,0.5
42113,0.49,0.4,0.25,0.38,0.36
42119,0.39,0.04,0.46,0.85,0.36
44003,0.15,0.13,0.5,0.23,0.15
45017,0.67,0.36,0.56,0.42,0.56
45019,0.23,0.04,0.74,0.71,0.32
45021,0.82,0.41,0.58,0.47,0.7
45037,0.68,0.56,0.87,0.9,0.85
45039,0.87,0.4,0.69,0.46,0.75
45041,0.76,0.83,0.71,0.93,0.9
45043,0.63,0.67,0.7,0.5,0.68
45047,0.83,0.88,0.83,0.88,0.93
45051,0.54,0.54,0.69,0.57,0.61
45059,0.88,0.83,0.66,0.87,0.92
45071,0.81,0.76,0.85,0.92,0.92
46003,0.15,0.72,0.64,0.17,0.27
46009,0.34,0.09,0.35,0.42,0.24
46013,0.1,0.31,0.53,0.76,0.33
46021,0.05,0.15,0.0,0.03,0.01
46023,0.76,0.76,0.38,0.69,0.74
46033,0.16,0.21,0.46,0.45,0.23
46035,0.2,0.29,0.12,0.65,0.23
46037,0.35,0.48,0.2,0.1,0.18
46047,0.23,0.42,0.52,0.75,0.42
46057,0.11,0.25,0.46,0.23,0.16
46061,0.13,0.15,0.02,0.0,0.0
46065,0.09,0.15,0.57,0.98,0.41
46069,0.16,0.1,0.34,0.17,0.09
46073,0.08,0.18,0.15,0.14,0.05
46075,0.21,0.04,0.0,0.01,0.01
46087,0.29,0.41,0.37,0.19,0.22
46091,0.06,0.73,0.63,0.14,0.21
46099,0.14,0.3,0.67,0.68,0.36
46103,0.18,0.55,0.43,0.81,0.42
46127,0.02,0.21,0.22,0.07,0.03
46135,0.18,0.46,0.36,0.62,0.32
47005,0.88,0.77,0.16,0.51,0.7
47017,0.79,0.82,0.26,0.7,0.74
47023,0.82,0.48,0.33,0.5,0.64
47045,0.76,0.96,0.46,0.4,0.76
47059,0.73,0.67,0.16,0.43,0.54
47073,0.77,0.9,0.18,0.62,0.71
47085,0.73,0.38,0.13,0.18,0.37
47093,0.31,0.07,0.6,0.52,0.3
47105,0.4,0.28,0.63,0.34,0.39
47109,0.93,0.78,0.27,0.35,0.72
47123,0.89,0.59,0.29,0.34,0.65
47125,0.46,0.68,0.69,0.32,0.52
47153,0.72,0.78,0.23,0.39,0.57
47169,0.81,0.22,0.42,0.29,0.52
47187,0.01,0.07,0.5,0.05,0.02
48007,0.62,0.67,0.82,0.82,0.8
48035,0.5,0.82,0.75,0.39,0.62
48037,0.64,0.61,0.75,0.98,0.85
48045,0.59,0.37,0.92,0.06,0.46
48071,0.38,0.19,0.86,0.33,0.41
48093,0.52,0.82,0.85,0.58,0.73
48121,0.07,0.12,0.89,0.31,0.22
48125,0.85,0.85,0.68,0.74,0.88
48129,0.42,0.39,0.52,0.52,0.45
48133,0.71,0.53,0.76,0.83,0.81
48147,0.5,0.23,0.73,0.73,0.58
48161,0.69,0.82,0.85,0.73,0.84
48167,0.38,0.35,0.9,0.68,0.58
48185,0.72,0.46,0.89,0.91,0.86
48199,0.32,0.43,0.27,0.28,0.25
48209,0.38,0.04,0.91,0.78,0.49
48213,0.64,0.66,0.72,0.62,0.72
48217,0.74,0.86,0.82,0.77,0.87
48231,0.64,0.54,0.77,0.95,0.83
48237,0.53,0.28,0.8,0.79,0.65
48239,0.49,0.52,0.9,0.64,0.68
48257,0.54,0.41,0.85,0.37,0.57
48265,0.37,0.87,0.8,0.73,0.7
48269,0.43,0.18,0.73,0.01,0.2
48285,0.29,0.96,0.76,0.74,0.69
48287,0.45,0.69,0.86,0.65,0.68
48289,0.59,0.75,0.8,0.27,0.62
48293,0.89,0.77,0.91,0.91,0.95
48295,0.51,0.54,0.88,0.1,0.46
48303,0.53,0.46,0.86,0.86,0.75
48331,0.57,0.87,0.83,0.58,0.76
48349,0.85,0.94,0.93,0.88,0.97
48351,0.86,0.81,0.44,0.33,0.72
48353,0.7,0.77,0.9,0.88,0.89
48365,0.55,0.79,0.71,0.61,0.7
48379,0.47,0.54,0.44,0.3,0.4
48393,0.14,0.94,0.25,0.0,0.09
48397,0.07,0.08,0.78,0.11,0.11
48401,0.65,0.57,0.87,0.78,0.8
48417,0.72,0.76,0.63,0.36,0.68
48423,0.61,0.39,0.91,0.73,0.75
48429,0.84,0.91,0.76,0.63,0.88
48433,0.26,0.69,0.36,0.36,0.32
48447,0.49,0.7,0.36,0.03,0.27
48451,0.39,0.34,0.88,0.89,0.66
48485,0.65,0.58,0.81,0.89,0.82
48493,0.39,0.18,0.89,0.39,0.44
48497,0.43,0.66,0.77,0.49,0.58
48499,0.55,0.81,0.63,0.45,0.63
49003,0.26,0.16,0.54,0.1,0.16
49005,0.35,0.07,0.65,0.47,0.32
49007,0.53,0.65,0.47,0.56,0.56
49011,0.05,0.1,0.53,0.14,0.08
49013,0.58,0.27,0.57,0.38,0.48
49015,0.34,0.47,0.35,0.2,0.26
49019,0.35,0.27,0.74,0.76,0.52
49021,0.57,0.15,0.56,0.44,0.45
49027,0.32,0.25,0.72,0.34,0.36
49029,0.02,0.05,0.18,0.0,0.0
49033,0.33,0.33,0.31,0.15,0.2
49041,0.53,0.38,0.48,0.13,0.33
49043,0.0,0.06,0.68,0.12,0.05
49045,0.36,0.32,0.61,0.2,0.31
49047,0.57,0.19,0.56,0.5,0.48
49051,0.01,0.06,0.61,0.16,0.06
49057,0.31,0.37,0.76,0.43,0.43
50001,0.09,0.09,0.26,0.33,0.1
50007,0.09,0.02,0.54,0.79,0.18
50009,0.53,0.58,0.21,0.02,0.21
50021,0.16,0.17,0.09,0.94,0.28
51001,0.66,0.5,0.9,0.77,0.8
51003,0.07,0.03,0.72,0.52,0.17
51036,0.43,0.19,0.51,0.11,0.24
51037,0.81,0.86,0.38,0.35,0.71
51087,0.19,0.19,0.89,0.19,0.26
51091,0.24,0.37,0.0,0.06,0.06
51103,0.14,0.27,0.52,0.15,0.16
51115,0.11,0.18,0.21,0.01,0.02
51117,0.68,0.87,0.53,0.73,0.78
51119,0.29,0.2,0.28,0.3,0.2
51125,0.28,0.34,0.41,0.41,0.3
51131,0.55,0.56,0.85,0.55,0.68
51133,0.35,0.28,0.33,0.02,0.12
51145,0.06,0.02,0.29,0.03,0.01
51147,0.76,0.05,0.84,0.86,0.73
51149,0.38,0.09,0.59,0.41,0.32
51157,0.15,0.21,0.35,0.0,0.02
51159,0.53,0.05,0.82,0.93,0.61
51161,0.07,0.15,0.52,0.24,0.13
51163,0.44,0.14,0.22,0.08,0.14
51169,0.78,0.47,0.17,0.83,0.68
51173,0.76,0.85,0.18,0.83,0.75
51179,0.03,0.25,0.82,0.13,0.15
51185,0.78,0.42,0.14,0.68,0.59
51570,0.51,0.92,0.73,0.18,0.57
51610,0.01,0.11,0.66,0.35,0.14
51670,0.88,0.97,0.86,0.65,0.94
51790,0.29,0.47,0.6,0.61,0.44
53005,0.3,0.54,0.84,0.52,0.51
53007,0.44,0.47,0.88,0.76,0.68
53009,0.45,0.65,0.59,0.76,0.61
53031,0.26,0.26,0.36,0.36,0.24
53039,0.56,0.39,0.74,0.46,0.57
53043,0.29,0.69,0.28,0.09,0.2
53053,0.26,0.29,0.82,0.7,0.49
53055,0.04,0.09,0.45,0.23,0.09
53061,0.1,0.08,0.84,0.55,0.28
53063,0.3,0.36,0.57,0.79,0.48
53071,0.44,0.22,0.84,0.95,0.68
53073,0.37,0.05,0.69,0.88,0.45
54001,0.84,0.37,0.16,0.74,0.65
54007,0.93,0.41,0.03,0.71,0.66
54011,0.66,0.48,0.27,0.81,0.62
54017,0.65,0.23,0.09,0.42,0.36
54019,0.85,0.79,0.18,0.76,0.76
54027,0.75,0.74,0.08,0.72,0.64
54039,0.54,0.71,0.3,0.66,0.57
54061,0.48,0.01,0.33,0.99,0.41
54063,0.77,0.73,0.15,0.16,0.47
54069,0.27,0.29,0.18,0.75,0.31
54071,0.63,0.55,0.08,0.25,0.36
54077,0.72,0.22,0.43,0.6,0.57
54081,0.74,0.84,0.41,0.71,0.77
54093,0.59,0.54,0.01,0.41,0.37
55001,0.63,0.45,0.39,0.63,0.57
55007,0.19,0.3,0.3,0.07,0.1
55013,0.29,0.72,0.22,0.05,0.17
55019,0.48,0.27,0.52,0.77,0.54
55025,0.06,0.02,0.67,0.65,0.17
55029,0.05,0.18,0.25,0.13,0.06
55033,0.22,0.04,0.31,0.65,0.18
55037,0.24,0.39,0.01,0.29,0.15
55051,0.41,0.69,0.05,0.53,0.36
55059,0.41,0.33,0.7,0.61,0.51
55063,0.17,0.03,0.53,0.66,0.21
55085,0.06,0.12,0.07,0.07,0.01
55099,0.21,0.29,0.09,0.35,0.16
55113,0.41,0.75,0.37,0.36,0.43
55125,0.35,0.43,0.26,0.03,0.14
55129,0.26,0.35,0.17,0.08,0.11
55133,0.0,0.05,0.42,0.1,0.02
55139,0.12,0.07,0.47,0.43,0.16
56001,0.4,0.0,0.5,0.82,0.25
56005,0.17,0.24,0.54,0.7,0.33
56017,0.13,0.23,0.14,0.32,0.12
56023,0.13,0.3,0.23,0.09,0.08
56027,0.47,0.2,0.28,0.48,0.34
56037,0.26,0.42,0.67,0.41,0.37
56041,0.36,0.45,0.44,0.67,0.45
01007,0.77,0.12,0.43,0.72,0.6
01037,0.69,0.38,0.53,0.29,0.53
01053,0.96,0.68,0.6,0.58,0.86
01101,0.7,0.76,0.87,0.75,0.84
01107,0.92,0.64,0.84,0.82,0.92
01127,0.87,0.78,0.39,0.45,0.75
01129,0.88,0.77,0.57,0.26,0.73
02020,0.13,0.26,0.86,0.82,0.46
02100,0.05,0.2,0.57,0.48,0.21
02130,0.25,0.35,0.75,0.92,0.55
04005,0.64,0.04,0.87,0.97,0.71
04011,0.52,0.6,0.92,0.35,0.62
05001,0.75,0.97,0.37,0.54,0.78
05013,0.68,0.7,0.31,0.37,0.55
05021,0.8,0.99,0.05,0.29,0.65
05027,0.9,0.73,0.72,0.95,0.94
05119,0.39,0.69,0.85,0.63,0.63
05129,0.67,0.59,0.21,0.26,0.44
05135,0.76,0.95,0.11,0.34,0.62
05141,0.79,0.86,0.11,0.73,0.72
05149,0.75,0.97,0.83,0.55,0.88
06005,0.39,0.38,0.62,0.75,0.53
06015,0.88,0.68,0.8,1.0,0.97
06051,0.18,0.0,0.88,0.29,0.14
06055,0.26,0.1,0.95,0.82,0.51
06087,0.43,0.03,0.93,0.9,0.54
06097,0.26,0.09,0.9,0.65,0.4
06103,0.85,0.98,0.85,0.85,0.96
06111,0.34,0.12,0.96,0.55,0.48
08033,0.28,0.77,0.13,0.04,0.15
08037,0.07,0.02,0.89,0.33,0.14
08045,0.21,0.09,0.87,0.59,0.35
08053,0.13,0.45,0.14,0.04,0.06
08055,0.39,0.65,0.71,0.69,0.6
08073,0.46,0.08,0.85,0.58,0.49
08087,0.51,0.66,0.93,0.68,0.74
08109,0.8,0.41,0.92,0.57,0.81
08111,0.03,0.09,0.43,0.46,0.13
08117,0.07,0.0,0.75,0.37,0.07
08125,0.38,0.57,0.84,0.53,0.56
09001,0.27,0.1,0.91,0.71,0.45
09009,0.34,0.13,0.87,0.8,0.52
12003,0.61,0.79,0.49,0.66,0.68
12007,0.85,0.76,0.51,0.99,0.93
12023,0.76,0.59,0.55,0.97,0.86
12055,0.82,0.55,0.86,0.8,0.87
12057,0.45,0.25,0.95,0.81,0.67
12061,0.38,0.25,0.75,0.34,0.4
12065,0.61,0.34,0.64,0.5,0.57
12081,0.34,0.31,0.82,0.65,0.52
12085,0.21,0.2,0.77,0.69,0.4
12087,0.1,0.06,0.87,0.98,0.46
12099,0.37,0.24,0.94,0.65,0.56
12115,0.11,0.21,0.68,0.43,0.25
12129,0.47,0.25,0.34,0.58,0.4
13007,0.73,0.58,0.68,0.61,0.74
13011,0.71,0.47,0.61,0.25,0.56
13023,0.82,0.45,0.55,0.61,0.74
13029,0.4,0.6,0.66,0.09,0.34
13031,0.87,0.14,0.55,0.96,0.81
13053,0.63,0.1,0.65,0.89,0.64
13075,0.84,0.89,0.72,0.52,0.85
13079,0.88,0.45,0.31,0.54,0.68
13111,0.53,0.52,0.3,0.1,0.3
13119,0.81,0.85,0.62,0.69,0.85
13129,0.76,0.88,0.82,0.75,0.88
13139,0.5,0.36,0.92,0.65,0.66
13191,0.71,0.86,0.47,0.21,0.59
13199,0.86,0.91,0.45,0.78,0.87
13209,0.84,0.23,0.86,0.85,0.85
13213,0.87,0.43,0.73,0.3,0.71
13217,0.74,0.8,0.75,0.28,0.71
13229,0.78,0.93,0.51,0.16,0.66
13247,0.6,0.48,0.92,0.16,0.55
13251,0.82,0.55,0.63,0.9,0.85
13253,0.76,0.8,0.63,0.78,0.83
13263,0.88,0.68,0.64,0.75,0.86
13277,0.7,0.75,0.75,0.96,0.88
13283,0.8,0.92,0.83,0.94,0.95
13319,0.86,0.6,0.62,0.53,0.79
13321,0.8,0.93,0.55,0.24,0.74
15001,0.4,0.37,0.94,0.55,0.58
15007,0.12,0.14,0.95,0.4,0.31
16031,0.57,0.6,0.87,0.47,0.67
16035,0.52,0.47,0.13,0.64,0.44
16037,0.57,0.56,0.46,0.23,0.44
16049,0.51,0.59,0.43,0.6,0.54
16057,0.44,0.01,0.24,0.82,0.25
16067,0.68,0.79,0.92,0.18,0.68
16075,0.56,0.73,0.76,0.32,0.6
16077,0.51,0.44,0.9,0.22,0.52
17069,0.79,0.41,0.04,0.46,0.5
17097,0.18,0.14,0.89,0.54,0.35
17109,0.65,0.04,0.37,0.9,0.52
17143,0.5,0.49,0.73,0.64,0.61
17165,0.82,0.96,0.37,0.79,0.86
17201,0.61,0.71,0.8,0.55,0.72
18097,0.68,0.57,0.91,0.68,0.8
18157,0.48,0.04,0.71,0.84,0.49
19047,0.68,0.67,0.9,0.86,0.86
19049,0.0,0.07,0.6,0.16,0.06
19169,0.35,0.0,0.6,0.68,0.21
20019,0.69,0.9,0.24,0.73,0.72
20049,0.65,0.74,0.13,0.17,0.39
20061,0.45,0.49,0.83,0.74,0.66
20069,0.32,0.13,0.74,0.23,0.27
20093,0.7,0.26,0.81,0.08,0.47
20161,0.45,0.01,0.65,0.95,0.44
20189,0.67,0.21,0.93,0.51,0.67
21015,0.08,0.31,0.56,0.1,0.13
21053,0.93,0.85,0.04,0.71,0.78
21069,0.81,0.94,0.32,0.5,0.77
21087,0.69,0.72,0.24,0.32,0.52
21201,0.78,0.26,0.0,0.27,0.35
21217,0.79,0.95,0.19,0.51,0.72
21223,0.78,0.84,0.3,0.56,0.71
22001,0.92,0.9,0.65,0.76,0.92
22003,0.91,0.59,0.76,0.93,0.93
22007,0.79,0.86,0.68,0.39,0.78
22033,0.48,0.35,0.87,0.76,0.67
22037,0.81,0.28,0.6,0.93,0.82
22047,0.8,0.72,0.58,0.96,0.89
22051,0.51,0.4,0.93,0.46,0.61
22059,0.77,0.77,0.53,0.6,0.76
22075,0.56,0.6,0.81,0.65,0.71
22077,0.77,0.95,0.64,0.6,0.85
22085,0.84,0.84,0.48,0.72,0.83
22095,0.7,0.67,0.8,0.49,0.75
22119,0.84,0.86,0.42,0.91,0.88
22127,0.79,0.78,0.44,0.67,0.78
23021,0.68,0.85,0.06,0.3,0.49
24001,0.68,0.4,0.34,0.75,0.62
24019,0.57,0.91,0.79,0.52,0.75
24047,0.2,0.26,0.46,0.52,0.28
25017,0.05,0.01,0.83,0.82,0.23
26001,0.66,0.46,0.08,0.06,0.26
26033,0.73,0.42,0.54,0.77,0.72
26035,0.89,0.73,0.26,0.67,0.77
26049,0.67,0.82,0.49,0.46,0.66
26069,0.66,0.68,0.14,0.3,0.45
26095,0.67,0.3,0.4,0.51,0.53
26129,0.77,0.77,0.11,0.56,0.63
26153,0.76,0.77,0.21,0.28,0.55
27031,0.09,0.2,0.24,0.7,0.2
27053,0.1,0.04,0.84,0.82,0.31
27087,0.81,0.95,0.49,0.77,0.87
27103,0.09,0.18,0.51,0.65,0.25
28005,0.93,0.87,0.5,0.39,0.82
28009,0.96,0.38,0.66,0.12,0.66
28015,0.8,0.39,0.41,0.49,0.63
28023,0.86,0.96,0.37,0.12,0.67
28039,0.81,0.48,0.44,0.33,0.61
28043,0.88,0.96,0.51,0.6,0.88
28071,0.66,0.02,0.58,0.82,0.51
28087,0.8,0.59,0.68,0.66,0.8
28091,0.93,0.87,0.54,0.92,0.94
28107,0.9,0.88,0.79,0.55,0.89
28111,0.82,0.88,0.28,0.42,0.71
28117,0.92,0.75,0.36,0.81,0.85
28145,0.8,0.9,0.64,0.53,0.83
28147,0.88,0.96,0.61,0.44,0.86
29001,0.73,0.01,0.58,0.61,0.45
29015,0.77,0.55,0.11,0.51,0.55
29023,0.9,0.96,0.2,0.6,0.82
29029,0.54,0.39,0.21,0.29,0.34
29063,0.51,0.06,0.27,0.86,0.41
29149,0.74,0.92,0.06,0.17,0.49
29185,0.64,0.79,0.05,0.47,0.5
29197,0.62,0.83,0.03,0.21,0.38
29199,0.69,0.55,0.02,0.7,0.53
29229,0.92,0.99,0.31,0.7,0.9
30023,0.44,0.52,0.14,0.81,0.47
30041,0.67,0.88,0.38,0.61,0.7
30053,0.76,0.47,0.25,0.14,0.42
30061,0.65,0.94,0.12,0.4,0.56
30101,0.4,0.17,0.47,0.85,0.48
31005,0.13,0.45,0.04,0.0,0.01
31133,0.41,0.21,0.17,0.32,0.23
31153,0.01,0.2,0.6,0.14,0.1
32013,0.42,0.43,0.87,0.61,0.59
32017,0.57,0.35,0.39,0.33,0.42
32029,0.05,0.64,0.34,0.02,0.07
32031,0.33,0.16,0.88,0.77,0.53
34003,0.08,0.03,0.93,0.56,0.24
35001,0.52,0.36,0.94,0.66,0.68
35015,0.47,0.69,0.92,0.63,0.7
35017,0.75,0.95,0.82,0.9,0.93
35021,0.5,0.46,0.48,0.18,0.36
35035,0.85,0.52,0.94,0.86,0.91
35037,0.85,0.98,0.79,0.14,0.81
35049,0.26,0.31,0.95,0.66,0.53
35061,0.86,0.87,0.94,0.55,0.9
36001,0.17,0.05,0.76,0.73,0.3
36041,0.56,0.49,0.4,0.2,0.39
36067,0.35,0.27,0.71,0.77,0.52
37041,0.83,0.85,0.39,0.72,0.81
37051,0.68,0.79,0.85,0.86,0.86
37075,0.85,0.48,0.42,0.33,0.63
37119,0.3,0.19,0.94,0.46,0.44
37131,0.89,0.93,0.72,0.63,0.9
37133,0.6,0.71,0.62,0.8,0.75
37147,0.73,0.18,0.81,0.96,0.82
38105,0.02,0.12,0.55,0.83,0.25
39009,0.81,0.05,0.34,1.0,0.73
39035,0.55,0.5,0.84,0.63,0.68
39061,0.38,0.36,0.73,0.7,0.54
39105,0.84,0.82,0.01,0.68,0.68
39121,0.57,0.41,0.18,0.51,0.43
39145,0.83,0.86,0.15,0.94,0.83
39163,0.92,0.84,0.03,0.56,0.72
40005,0.81,0.87,0.45,0.67,0.81
40023,0.93,1.0,0.52,0.82,0.96
40059,0.4,0.26,0.83,0.1,0.32
40067,0.88,0.99,0.57,0.39,0.87
40089,0.85,0.99,0.7,0.63,0.91
40095,0.61,1.0,0.86,0.49,0.85
40141,0.79,0.9,0.91,0.5,0.87
41011,0.63,0.78,0.37,0.89,0.74
41021,0.52,0.75,0.5,0.32,0.51
41023,0.58,0.6,0.28,0.65,0.55
41033,0.67,0.66,0.34,0.71,0.66
41047,0.6,0.72,0.89,0.93,0.85
41055,0.2,0.54,0.24,0.09,0.14
41059,0.8,0.86,0.89,0.99,0.97
41069,0.7,0.48,0.21,0.17,0.39
42003,0.18,0.07,0.56,0.61,0.25
42045,0.19,0.22,0.79,0.73,0.41
45001,0.89,0.84,0.51,0.68,0.86
45013,0.21,0.25,0.81,0.61,0.4
45029,0.85,0.75,0.69,0.45,0.8
45081,0.76,0.62,0.93,0.44,0.79
45085,0.87,0.93,0.8,0.96,0.97
45087,0.86,0.94,0.45,0.72,0.87
46011,0.24,0.01,0.48,0.61,0.16
46049,0.14,0.28,0.04,0.18,0.08
46083,0.0,0.15,0.3,0.06,0.02
46089,0.68,0.39,0.06,0.13,0.29
46107,0.06,0.25,0.1,0.16,0.05
46109,0.6,0.9,0.66,0.51,0.72
47013,0.89,0.89,0.03,0.61,0.73
47035,0.65,0.83,0.29,0.32,0.54
47037,0.35,0.09,0.92,0.81,0.54
47049,0.9,0.7,0.03,0.48,0.64
47057,0.82,0.52,0.35,0.32,0.59
47075,0.83,0.88,0.73,0.65,0.87
47083,0.77,0.68,0.19,0.37,0.56
47087,0.9,0.52,0.05,0.46,0.6
47121,0.79,0.53,0.21,0.23,0.49
47171,0.85,0.9,0.41,0.53,0.8
47173,0.92,0.49,0.07,0.62,0.67
47181,0.89,0.45,0.18,0.88,0.76
48001,0.66,0.11,0.86,0.98,0.79
48015,0.37,0.34,0.9,0.4,0.49
48019,0.47,0.6,0.65,0.34,0.51
48021,0.56,0.31,0.94,0.8,0.75
48027,0.53,0.74,0.9,0.84,0.81
48033,0.02,0.95,0.15,0.01,0.06
48039,0.25,0.19,0.93,0.79,0.51
48051,0.52,0.49,0.84,0.47,0.61
48063,0.79,0.93,0.91,0.63,0.9
48073,0.78,0.71,0.91,0.92,0.92
48075,0.82,0.12,0.85,0.67,0.75
48081,0.52,0.75,0.76,0.41,0.62
48085,0.03,0.1,0.91,0.17,0.15
48089,0.38,0.64,0.92,0.74,0.68
48099,0.71,0.6,0.8,0.67,0.78
48123,0.63,0.82,0.85,0.77,0.82
48139,0.26,0.28,0.9,0.36,0.39
48171,0.23,0.2,0.83,0.46,0.36
48193,0.44,0.81,0.71,0.5,0.61
48197,0.74,0.79,0.87,0.24,0.73
48205,0.42,0.03,0.91,0.89,0.53
48227,0.78,0.44,0.95,0.96,0.92
48243,0.41,0.23,0.88,0.15,0.36
48267,0.5,0.95,0.82,0.15,0.59
48275,0.71,0.98,0.91,0.2,0.8
48297,0.57,0.3,0.93,0.68,0.69
48299,0.44,0.5,0.63,0.36,0.47
48305,0.83,0.96,0.89,0.43,0.89
48309,0.63,0.59,0.92,0.9,0.84
48319,0.53,0.55,0.84,0.02,0.36
48321,0.82,0.7,0.96,0.77,0.91
48325,0.4,0.46,0.9,0.8,0.67
48333,0.56,0.98,0.78,0.42,0.77
48335,0.65,0.06,0.92,0.65,0.62
48347,0.88,0.66,0.89,1.0,0.98
48355,0.62,0.59,0.93,0.87,0.84
48359,0.44,0.16,0.65,0.52,0.43
48407,0.75,0.69,0.78,0.27,0.69
48431,0.19,0.92,0.56,0.36,0.41
48453,0.23,0.04,0.95,0.74,0.38
48469,0.54,0.69,0.92,0.75,0.78
48483,0.59,0.94,0.87,0.22,0.7
48487,0.65,0.96,0.88,0.86,0.91
48491,0.08,0.19,0.88,0.19,0.2
49001,0.34,0.24,0.66,0.13,0.25
49009,0.04,0.02,0.34,0.56,0.08
49023,0.31,0.32,0.47,0.17,0.23
49035,0.17,0.16,0.83,0.48,0.32
49049,0.25,0.06,0.67,0.51,0.28
49053,0.29,0.63,0.61,0.4,0.41
51013,0.01,0.0,0.88,0.78,0.14
51021,0.42,0.3,0.04,0.75,0.34
51025,0.89,0.84,0.68,0.74,0.9
51059,0.06,0.04,0.94,0.33,0.19
51107,0.02,0.07,0.91,0.09,0.09
51111,0.77,0.67,0.61,0.94,0.86
51135,0.71,0.81,0.79,0.97,0.91
51141,0.77,0.5,0.43,0.48,0.64
51167,0.85,0.42,0.01,0.26,0.45
51175,0.43,0.61,0.39,0.56,0.48
51510,0.07,0.0,0.94,0.72,0.2
51530,0.68,0.12,0.17,0.3,0.32
51600,0.06,0.02,0.92,0.69,0.24
51630,0.32,0.11,0.89,0.91,0.56
51650,0.49,0.39,0.8,0.81,0.67
51775,0.25,0.19,0.44,0.62,0.31
51830,0.5,0.02,0.48,0.83,0.38
51840,0.43,0.6,0.88,0.84,0.72
53013,0.21,0.63,0.62,0.24,0.31
53017,0.44,0.96,0.91,0.58,0.77
53019,0.76,0.82,0.65,0.7,0.82
53047,0.76,0.97,0.89,0.74,0.93
53049,0.66,0.73,0.74,0.53,0.74
53051,0.49,0.82,0.29,0.57,0.54
53057,0.34,0.43,0.83,0.62,0.54
53069,0.23,0.49,0.38,0.11,0.18
54055,0.77,0.95,0.36,0.71,0.81
54075,0.61,0.46,0.0,0.82,0.5
54089,0.88,0.85,0.15,0.87,0.83
54099,0.9,0.68,0.02,0.41,0.6
54105,0.76,0.69,0.01,0.14,0.37
56039,0.0,0.01,0.77,0.63,0.11
01025,0.94,0.62,0.48,0.73,0.85
01029,0.87,0.66,0.34,0.1,0.54
01059,0.87,0.66,0.82,0.53,0.84
01133,0.83,0.79,0.26,0.51,0.7
02060,0.19,0.18,0.43,0.89,0.35
02105,0.33,0.21,0.46,0.78,0.42
02150,0.24,0.56,0.94,0.95,0.7
02170,0.35,0.28,0.58,0.26,0.32
02198,0.59,0.84,0.45,0.89,0.77
02240,0.41,0.35,0.81,0.73,0.58
04007,0.86,0.88,0.81,0.67,0.9
04013,0.42,0.34,0.93,0.73,0.64
04015,0.75,0.79,0.71,0.85,0.86
05049,0.86,0.77,0.17,0.46,0.67
05057,0.84,0.98,0.91,0.69,0.95
05065,0.83,0.48,0.12,0.46,0.57
05067,0.9,0.57,0.29,0.71,0.76
05089,0.83,0.6,0.06,0.31,0.52
05097,0.79,0.63,0.46,0.51,0.7
05101,0.57,0.55,0.06,0.15,0.28
05111,0.85,0.98,0.31,0.58,0.83
05127,0.96,0.93,0.49,0.57,0.89
05137,0.88,0.66,0.08,0.19,0.51
05147,0.93,0.97,0.33,0.48,0.85
06003,0.67,0.63,0.61,0.71,0.73
06021,0.86,0.82,0.95,0.49,0.89
06045,0.7,0.82,0.88,0.85,0.88
06065,0.69,0.38,0.97,0.66,0.79
06069,0.5,0.39,0.98,0.2,0.52
06073,0.39,0.06,0.96,0.84,0.56
06095,0.37,0.27,0.96,0.69,0.59
06113,0.57,0.03,0.95,0.95,0.68
08011,0.87,0.65,0.83,0.81,0.9
08031,0.28,0.02,0.94,0.87,0.42
08089,0.89,0.99,0.89,0.63,0.96
08105,0.82,0.89,0.92,0.93,0.96
09003,0.31,0.19,0.89,0.74,0.52
11001,0.42,0.03,0.92,0.97,0.6
12011,0.42,0.17,0.97,0.66,0.58
12063,0.92,0.7,0.75,0.98,0.96
12071,0.41,0.28,0.88,0.61,0.55
12095,0.49,0.18,0.96,0.79,0.67
12097,0.71,0.63,0.98,0.55,0.82
12133,0.93,0.67,0.57,0.85,0.89
13001,0.88,0.96,0.82,0.89,0.97
13009,0.91,0.16,0.71,0.95,0.87
13025,0.87,0.81,0.22,0.25,0.62
13027,0.89,0.38,0.86,0.61,0.84
13033,0.82,0.78,0.72,0.66,0.85
13055,0.94,0.48,0.63,0.97,0.93
13059,0.79,0.02,0.89,0.96,0.77
13087,0.83,0.92,0.61,0.98,0.95
13089,0.49,0.22,0.97,0.72,0.66
13091,0.89,0.67,0.63,0.96,0.92
13097,0.53,0.53,0.87,0.23,0.54
13101,0.83,0.15,0.84,0.36,0.66
13121,0.32,0.11,0.9,0.83,0.53
13125,0.71,0.36,0.38,0.86,0.69
13151,0.38,0.46,0.84,0.05,0.31
13155,0.95,0.83,0.62,0.38,0.84
13173,0.95,0.88,0.38,0.7,0.87
13175,0.77,0.79,0.49,0.76,0.8
13189,0.9,0.86,0.7,0.89,0.94
13197,0.92,0.34,0.89,0.59,0.85
13225,0.86,0.67,0.88,0.95,0.94
13245,0.9,0.72,0.76,0.93,0.93
13249,0.9,0.86,0.54,0.46,0.82
13279,0.9,0.94,0.85,0.92,0.98
13287,0.88,0.98,0.73,0.97,0.98
13315,0.89,0.15,0.82,0.76,0.82
15009,0.14,0.13,0.95,0.66,0.39
16003,0.57,0.62,0.13,0.11,0.29
16047,0.67,0.48,0.88,0.46,0.71
16063,0.6,0.27,0.89,0.29,0.56
17003,0.92,1.0,0.42,0.85,0.96
17019,0.35,0.01,0.79,0.99,0.5
17151,0.74,0.47,0.12,0.3,0.45
17153,0.85,0.71,0.45,0.33,0.69
18001,0.6,0.31,0.39,0.81,0.59
18027,0.62,0.47,0.48,0.86,0.69
18087,0.45,0.15,0.53,0.44,0.37
18105,0.56,0.01,0.58,0.89,0.45
19021,0.58,0.4,0.93,0.71,0.74
19051,0.4,0.33,0.23,0.59,0.35
20067,0.54,0.07,0.94,0.15,0.38
20075,0.54,0.12,0.93,0.01,0.26
21011,0.89,0.95,0.03,0.47,0.73
21041,0.91,0.81,0.47,0.86,0.89
21047,0.82,0.84,0.65,0.93,0.91
21099,0.9,0.77,0.2,0.65,0.77
21115,0.93,0.48,0.13,0.95,0.81
21143,0.39,0.37,0.22,0.49,0.33
21165,0.9,0.64,0.0,0.43,0.58
21169,0.87,0.94,0.15,0.31,0.68
21171,0.86,0.6,0.24,0.6,0.7
21205,0.79,0.21,0.31,0.97,0.76
21207,0.96,0.84,0.38,0.67,0.86
21219,0.83,0.54,0.6,0.76,0.81
21235,0.95,0.8,0.08,0.89,0.84
22009,0.91,0.94,0.57,0.97,0.96
22017,0.73,0.81,0.66,0.81,0.84
22021,0.95,0.48,0.69,0.96,0.93
22025,0.84,0.43,0.39,0.85,0.78
22043,0.81,0.11,0.68,0.48,0.63
22045,0.9,0.89,0.83,0.9,0.96
22061,0.79,0.21,0.73,0.98,0.85
22067,0.87,0.8,0.49,0.9,0.88
22083,0.83,0.81,0.48,0.85,0.86
22087,0.89,0.76,0.81,0.19,0.77
24029,0.27,0.3,0.68,0.64,0.43
24031,0.11,0.08,0.96,0.58,0.33
24033,0.34,0.17,0.98,0.86,0.63
25009,0.25,0.21,0.87,0.8,0.51
26053,0.5,0.28,0.23,0.62,0.4
26073,0.72,0.05,0.47,0.91,0.6
26097,0.56,0.47,0.55,0.8,0.65
26119,0.76,0.53,0.04,0.17,0.37
26135,0.82,0.82,0.16,0.5,0.67
26143,0.72,0.72,0.14,0.21,0.46
27105,0.62,0.67,0.93,0.75,0.82
27123,0.3,0.24,0.9,0.94,0.63
28017,0.88,0.91,0.75,0.72,0.91
28025,0.93,0.62,0.51,0.24,0.71
28035,0.86,0.86,0.62,0.96,0.94
28047,0.78,0.77,0.78,0.86,0.88
28049,0.82,0.56,0.77,0.87,0.87
28061,0.81,0.96,0.45,0.35,0.77
28101,0.85,0.97,0.56,0.84,0.92
28105,0.8,0.02,0.62,0.89,0.64
28127,0.94,0.88,0.43,0.84,0.91
28141,0.91,0.65,0.12,0.48,0.67
28153,0.91,0.97,0.54,0.63,0.9
29055,0.92,0.9,0.17,0.43,0.76
29085,0.77,0.52,0.35,0.12,0.47
29143,0.94,0.99,0.39,0.59,0.9
29153,0.9,0.61,0.03,0.39,0.58
29181,0.92,0.92,0.11,0.34,0.72
29203,0.9,0.89,0.06,0.29,0.64
30051,0.33,0.56,0.34,0.62,0.41
31079,0.45,0.72,0.88,0.59,0.67
31091,0.29,0.56,0.02,0.16,0.15
32003,0.55,0.36,0.96,0.74,0.74
32021,0.85,0.9,0.44,0.87,0.88
34007,0.41,0.45,0.92,0.63,0.61
34021,0.35,0.07,0.95,0.87,0.56
34023,0.21,0.04,0.96,0.91,0.47
35003,0.45,0.51,0.45,0.17,0.34
35007,0.8,0.93,0.82,0.97,0.96
35009,0.79,0.82,0.94,0.57,0.88
35011,0.62,0.94,0.76,0.27,0.69
35013,0.93,0.69,0.99,0.97,0.98
35057,0.78,0.27,0.87,0.55,0.75
36085,0.3,0.07,0.9,0.81,0.48
36109,0.32,0.01,0.6,0.96,0.35
36119,0.26,0.09,0.94,0.94,0.55
37015,0.95,0.71,0.66,0.92,0.94
37017,0.91,0.93,0.83,0.76,0.94
37063,0.39,0.1,0.96,0.9,0.62
37095,0.94,0.42,0.86,0.58,0.86
37103,0.92,0.67,0.74,0.66,0.88
37153,0.94,0.92,0.86,0.91,0.98
37185,0.87,0.71,0.78,0.8,0.89
37189,0.73,0.0,0.33,0.82,0.41
38053,0.17,0.22,0.71,0.77,0.39
38061,0.13,0.22,0.71,0.78,0.38
39095,0.6,0.71,0.66,0.6,0.69
40055,0.9,0.82,0.3,0.54,0.77
40061,0.89,0.98,0.6,0.44,0.87
40107,0.96,0.74,0.56,0.91,0.93
40119,0.58,0.02,0.52,0.96,0.51
40135,0.92,0.97,0.65,0.6,0.92
41051,0.31,0.03,0.86,0.93,0.47
42027,0.31,0.0,0.49,0.97,0.29
42053,0.77,0.35,0.78,0.49,0.71
44007,0.58,0.27,0.92,0.88,0.76
45031,0.91,0.86,0.67,0.83,0.93
45079,0.47,0.23,0.83,0.82,0.63
46005,0.47,0.56,0.83,0.66,0.65
46027,0.51,0.01,0.37,0.57,0.25
46085,0.72,0.65,0.46,0.69,0.71
47027,0.8,0.71,0.05,0.53,0.59
47067,0.95,0.75,0.13,0.61,0.77
47069,0.96,0.64,0.6,0.67,0.87
47091,0.77,0.36,0.17,0.62,0.57
47135,0.84,0.72,0.1,0.64,0.68
47137,0.69,0.46,0.05,0.38,0.42
47151,0.94,0.98,0.02,0.4,0.76
47157,0.64,0.58,0.9,0.7,0.78
47175,0.93,0.43,0.02,0.52,0.6
48005,0.84,0.95,0.9,0.95,0.98
48029,0.6,0.62,0.97,0.78,0.83
48041,0.6,0.03,0.92,0.91,0.65
48057,0.67,0.94,0.95,0.56,0.86
48087,0.84,0.83,0.9,0.59,0.89
48111,0.54,0.29,0.96,0.27,0.55
48155,0.65,0.44,0.75,0.11,0.48
48157,0.18,0.16,0.97,0.22,0.29
48173,0.31,0.02,0.95,0.08,0.18
48191,0.93,0.99,0.94,0.38,0.95
48211,0.57,0.64,0.92,0.59,0.74
48219,0.79,0.65,0.94,0.85,0.9
48225,0.74,0.76,0.83,0.96,0.91
48245,0.66,0.6,0.95,0.88,0.86
48253,0.68,0.17,0.8,0.57,0.63
48263,0.36,0.84,0.54,0.28,0.44
48311,0.46,1.0,0.92,0.31,0.76
48315,0.79,0.44,0.75,0.35,0.69
48317,0.36,0.39,0.9,0.22,0.42
48327,0.41,0.46,0.92,0.52,0.59
48339,0.23,0.21,0.87,0.52,0.39
48383,0.58,0.33,0.99,0.07,0.48
48385,0.64,0.85,0.71,0.44,0.72
48391,0.85,0.99,0.89,0.55,0.94
48403,0.77,0.69,0.29,0.21,0.53
48405,0.89,0.77,0.66,0.78,0.89
48411,0.59,0.45,0.91,0.67,0.73
48415,0.59,0.29,0.89,0.71,0.7
48421,0.5,0.2,0.94,0.21,0.46
48425,0.49,0.68,0.44,0.64,0.56
48455,0.8,0.79,0.72,0.5,0.8
48461,0.57,0.39,0.97,0.41,0.65
48475,0.63,0.12,0.95,0.61,0.65
48481,0.67,0.84,0.95,0.76,0.88
49031,0.63,0.86,0.06,0.02,0.27
51121,0.43,0.0,0.52,0.84,0.3
51520,0.78,0.96,0.27,0.54,0.75
51540,0.36,0.01,0.84,0.87,0.41
51678,0.64,0.02,0.25,0.67,0.32
51680,0.71,0.13,0.77,0.89,0.74
51750,0.75,0.0,0.36,0.82,0.41
51770,0.71,0.54,0.84,0.74,0.8
53033,0.09,0.01,0.9,0.87,0.29
53075,0.71,0.0,0.69,0.88,0.51
54021,0.89,0.06,0.66,0.85,0.76
54045,0.94,0.75,0.02,0.72,0.75
54087,0.94,0.74,0.03,0.4,0.65
54101,0.96,0.93,0.0,0.47,0.75
55079,0.59,0.52,0.91,0.85,0.81
01023,0.91,0.91,0.59,0.58,0.87
01035,0.95,0.97,0.44,0.21,0.81
01091,0.86,0.8,0.5,0.41,0.76
01099,0.96,0.51,0.47,0.37,0.75
02282,0.21,0.41,0.77,0.96,0.59
05039,0.67,0.99,0.71,0.74,0.88
05041,0.97,0.99,0.91,0.38,0.96
05069,0.88,0.8,0.65,0.98,0.94
05079,0.73,0.21,0.64,0.99,0.81
05093,0.94,0.96,0.76,0.76,0.96
05113,0.9,0.97,0.52,0.65,0.89
05133,0.83,0.37,0.94,0.34,0.77
06001,0.25,0.02,0.98,0.92,0.47
06013,0.25,0.14,0.96,0.48,0.41
06037,0.62,0.1,0.99,0.9,0.77
06053,0.58,0.35,0.99,0.84,0.8
06059,0.32,0.05,0.97,0.57,0.42
06067,0.53,0.36,0.95,0.76,0.73
06081,0.12,0.02,0.97,0.6,0.26
06083,0.52,0.11,0.97,0.92,0.71
06085,0.19,0.03,0.98,0.73,0.36
06101,0.79,0.73,0.96,0.67,0.88
06115,0.81,0.83,0.93,0.91,0.94
08001,0.4,0.4,0.94,0.55,0.59
08021,0.89,0.94,0.92,0.59,0.93
08025,0.95,0.23,0.85,0.85,0.89
12021,0.29,0.16,0.92,0.61,0.46
12029,0.84,0.8,0.34,0.99,0.9
12107,0.95,0.78,0.78,0.91,0.95
13005,0.84,0.95,0.8,0.82,0.94
13017,0.82,0.92,0.72,0.63,0.87
13021,0.82,0.83,0.81,0.86,0.92
13069,0.81,0.88,0.86,0.95,0.95
13081,0.95,0.97,0.72,0.95,0.99
13107,0.95,0.95,0.79,0.88,0.98
13135,0.33,0.33,0.97,0.23,0.43
13165,0.82,0.57,0.9,0.53,0.83
13167,0.94,0.38,0.42,0.99,0.91
13179,0.73,0.69,0.86,0.92,0.89
13183,0.87,0.88,0.86,0.25,0.83
13235,0.83,0.82,0.39,0.87,0.85
13269,0.97,0.71,0.5,0.9,0.92
13289,0.94,0.83,0.42,0.28,0.76
13307,0.73,0.96,0.86,0.22,0.79
13313,0.81,0.37,0.93,0.86,0.88
15003,0.11,0.05,0.98,0.96,0.47
15005,0.13,0.08,0.94,0.5,0.32
16053,0.73,0.42,0.93,0.26,0.67
16073,0.78,0.87,0.89,0.37,0.82
17031,0.51,0.09,0.96,0.88,0.68
17077,0.72,0.09,0.6,0.94,0.7
20081,0.51,0.1,0.89,0.25,0.41
20209,0.88,0.78,0.97,0.67,0.92
21043,0.95,0.84,0.06,0.8,0.82
21135,0.94,0.7,0.01,0.4,0.62
21181,0.9,0.77,0.19,0.85,0.82
21195,0.95,0.71,0.03,0.84,0.79
21231,0.91,0.48,0.2,0.75,0.75
22013,0.82,0.98,0.56,0.93,0.94
22031,0.87,0.94,0.58,0.71,0.89
22049,0.87,0.98,0.62,0.84,0.94
22069,0.93,0.47,0.57,0.81,0.86
22071,0.7,0.18,0.88,0.78,0.74
22091,0.92,0.92,0.5,0.76,0.9
24039,0.91,0.25,0.81,0.94,0.9
25013,0.61,0.66,0.89,0.84,0.82
25025,0.56,0.05,0.97,0.98,0.74
26163,0.79,0.78,0.9,0.66,0.87
28007,0.95,0.99,0.6,0.92,0.98
28029,0.95,0.7,0.78,0.87,0.94
28031,0.94,0.92,0.43,0.26,0.79
28041,0.88,0.08,0.31,0.69,0.61
28065,0.97,0.79,0.48,0.51,0.84
28097,0.93,1.0,0.57,0.35,0.89
28099,0.95,0.99,0.65,0.83,0.97
28113,0.93,0.95,0.83,0.97,0.99
28115,0.89,0.95,0.72,0.51,0.9
29119,0.78,0.84,0.81,0.68,0.86
29215,0.92,0.9,0.25,0.68,0.83
29221,0.94,0.74,0.09,0.77,0.79
29510,0.71,0.24,0.88,0.8,0.78
31037,0.58,0.09,0.96,0.31,0.52
32009,0.27,0.57,0.79,0.94,0.64
32023,0.73,0.53,0.72,0.57,0.73
32027,0.8,0.15,0.86,1.0,0.9
34001,0.56,0.44,0.93,0.88,0.79
35041,0.94,0.75,0.94,0.74,0.94
36061,0.42,0.01,0.96,0.97,0.55
37005,0.87,0.71,0.56,0.11,0.63
37007,0.92,0.49,0.84,0.97,0.94
37065,0.92,0.93,0.82,0.91,0.97
37093,0.86,0.85,0.93,0.51,0.89
37107,0.92,0.98,0.89,0.97,0.99
37163,0.93,0.93,0.94,0.79,0.97
37181,0.9,0.95,0.85,0.92,0.98
37187,0.9,0.98,0.5,0.5,0.88
39075,0.53,0.06,0.39,0.8,0.44
40091,0.79,0.87,0.48,0.58,0.78
41045,0.92,0.89,0.9,1.0,1.0
45025,0.95,0.8,0.79,0.87,0.95
45027,0.94,0.91,0.72,0.96,0.98
45049,0.91,0.23,0.82,0.59,0.8
45065,0.85,0.62,0.44,0.54,0.74
47029,0.95,0.91,0.15,0.21,0.69
47129,0.9,0.49,0.21,0.77,0.75
48055,0.62,0.51,0.96,0.96,0.87
48105,0.6,0.59,0.94,0.39,0.69
48115,0.85,0.81,0.96,0.88,0.95
48137,0.35,0.5,0.93,0.18,0.44
48165,0.69,0.26,0.95,0.42,0.68
48273,0.93,0.69,0.94,0.99,0.98
48291,0.78,0.63,0.88,0.99,0.94
48313,0.64,0.31,0.92,0.96,0.84
48329,0.22,0.33,0.95,0.56,0.47
48345,0.53,1.0,0.51,0.21,0.7
48409,0.65,0.83,0.95,0.62,0.83
48413,0.77,0.08,0.94,0.25,0.59
48439,0.38,0.4,0.95,0.45,0.55
48443,0.78,0.17,0.96,0.02,0.47
48449,0.85,0.72,0.96,0.6,0.89
48457,0.81,0.53,0.65,0.97,0.88
48471,0.72,0.0,0.89,0.99,0.7
48473,0.72,0.16,0.96,0.93,0.83
48495,0.68,0.21,0.98,0.37,0.65
49039,0.73,0.09,0.64,0.67,0.6
51029,0.86,0.49,0.48,0.75,0.79
51081,0.87,0.14,0.56,0.96,0.81
51153,0.17,0.2,0.95,0.23,0.3
51590,0.89,0.96,0.74,0.88,0.96
51620,0.78,0.91,0.52,0.29,0.72
51660,0.75,0.04,0.89,0.98,0.79
51683,0.38,0.21,0.97,0.28,0.44
51685,0.46,0.35,0.98,0.26,0.53
51690,0.87,0.99,0.66,0.56,0.91
51700,0.52,0.61,0.87,0.95,0.82
51740,0.71,0.63,0.75,0.75,0.8
51760,0.68,0.13,0.93,0.88,0.77
53025,0.7,0.52,0.95,0.8,0.85
54013,0.92,0.71,0.01,0.2,0.52
54109,0.94,0.72,0.01,0.45,0.64
01065,0.93,0.96,0.51,0.93,0.96
02013,0.34,0.04,1.0,0.94,0.58
02185,0.33,0.44,0.81,0.99,0.73
04009,0.89,0.61,0.89,0.99,0.96
04012,0.91,0.71,0.91,0.75,0.92
05035,0.89,0.91,0.67,0.85,0.93
05095,0.9,0.98,0.47,0.42,0.85
05099,0.8,0.99,0.38,0.82,0.88
06039,0.93,0.67,0.98,0.82,0.95
06071,0.83,0.47,0.98,0.81,0.9
06075,0.22,0.0,0.97,0.95,0.39
06077,0.76,0.6,0.98,0.81,0.89
06099,0.81,0.64,0.97,0.6,0.87
12013,0.78,0.64,0.58,0.9,0.84
12077,0.84,0.52,0.72,0.75,0.83
12079,0.87,0.65,0.73,1.0,0.96
12086,0.69,0.14,1.0,0.9,0.82
12093,0.92,0.71,0.9,0.87,0.95
12123,0.88,0.42,0.59,0.98,0.9
12125,0.96,0.27,0.47,0.86,0.84
13019,0.96,0.83,0.51,0.49,0.85
13063,0.87,0.53,0.97,0.77,0.91
13095,0.94,0.83,0.71,0.92,0.95
13099,0.94,0.94,0.45,0.8,0.92
13109,0.95,0.94,0.91,0.89,0.98
13215,0.76,0.85,0.83,0.86,0.9
13261,0.95,0.66,0.86,0.98,0.98
13267,0.8,0.49,0.85,0.96,0.91
13301,0.92,0.6,0.69,0.82,0.89
13303,0.92,0.8,0.74,0.93,0.95
16065,0.71,0.04,0.33,0.53,0.4
20057,0.73,0.45,0.98,0.8,0.86
21013,0.99,0.86,0.13,0.9,0.89
21045,0.97,0.67,0.2,0.56,0.77
21065,0.99,0.89,0.01,0.61,0.8
21075,0.93,0.98,0.41,0.48,0.87
21109,0.98,0.77,0.0,0.33,0.67
21121,0.97,0.85,0.04,0.82,0.83
21129,0.98,0.76,0.03,0.8,0.82
21203,0.93,0.9,0.02,0.7,0.79
24510,0.72,0.34,0.9,0.87,0.83
26085,0.94,0.53,0.3,0.69,0.78
28013,0.94,0.98,0.72,0.77,0.96
29223,0.97,0.76,0.07,0.63,0.76
30035,0.85,0.34,0.58,0.96,0.86
31043,0.72,0.54,0.96,0.81,0.86
31047,0.53,0.77,0.93,0.75,0.79
34011,0.81,0.66,0.96,0.98,0.96
34017,0.49,0.06,0.99,0.84,0.64
34031,0.51,0.31,0.97,0.91,0.78
34039,0.34,0.28,0.97,0.79,0.62
35005,0.84,0.93,0.96,0.8,0.96
35019,0.79,0.92,0.95,0.89,0.95
35023,0.96,0.79,0.95,0.79,0.96
35033,0.73,0.58,0.96,0.48,0.8
35045,0.84,0.8,0.91,0.79,0.92
35051,0.83,0.95,0.79,0.7,0.91
35053,0.85,0.76,0.95,0.98,0.97
36047,0.67,0.17,0.98,0.91,0.82
36081,0.52,0.03,0.99,0.85,0.62
36087,0.36,0.14,0.92,0.91,0.6
37083,0.95,0.94,0.69,0.89,0.96
38005,0.82,0.82,0.64,0.69,0.84
40001,0.87,0.94,0.77,0.56,0.9
40139,0.68,0.19,0.97,0.92,0.82
41049,0.69,0.53,0.93,0.52,0.76
45009,0.86,0.94,0.52,0.99,0.95
45033,0.98,0.94,0.76,0.79,0.97
45053,0.88,0.61,0.95,0.92,0.94
45075,0.89,0.78,0.74,0.86,0.92
45089,0.92,0.91,0.66,0.97,0.97
47007,0.9,0.27,0.58,0.82,0.82
47061,0.96,0.96,0.31,0.57,0.87
48003,0.43,0.08,0.97,0.43,0.47
48013,0.78,0.62,0.96,0.62,0.85
48017,0.62,0.72,0.99,0.58,0.8
48025,0.96,0.42,0.93,0.97,0.97
48069,0.65,0.4,0.99,0.64,0.78
48079,0.91,0.61,0.98,0.36,0.86
48095,0.53,0.01,0.98,0.5,0.43
48101,0.96,1.0,0.8,0.21,0.94
48103,0.36,0.12,0.98,0.46,0.47
48113,0.56,0.39,0.99,0.71,0.75
48117,0.76,0.53,0.99,0.61,0.84
48153,0.83,0.81,0.96,0.28,0.83
48169,0.74,0.07,0.98,0.68,0.72
48177,0.59,0.9,0.97,0.88,0.9
48195,0.76,0.81,0.96,0.2,0.76
48201,0.57,0.38,0.99,0.6,0.72
48207,0.94,0.94,0.9,0.8,0.98
48249,0.84,0.86,0.96,0.67,0.92
48255,0.64,0.3,0.97,0.94,0.84
48271,0.88,0.29,0.98,0.62,0.86
48279,0.75,0.94,0.97,0.57,0.9
48301,0.62,0.8,0.81,0.57,0.76
48341,0.74,0.11,0.99,0.49,0.7
48357,0.64,0.09,0.97,0.39,0.58
48369,0.6,0.61,0.98,0.51,0.76
48371,0.63,0.14,0.98,0.97,0.82
48375,0.73,0.5,0.96,0.98,0.92
48389,0.78,0.02,0.99,0.91,0.78
48419,0.92,0.98,0.91,0.53,0.95
48435,0.46,0.64,0.96,0.31,0.6
48437,0.91,0.97,0.94,0.72,0.97
48463,0.82,0.89,0.98,0.84,0.95
48465,0.85,0.78,1.0,0.94,0.97
48501,0.57,0.06,0.99,0.3,0.49
51027,0.97,0.56,0.1,0.67,0.75
51051,0.83,0.68,0.01,0.82,0.68
51105,0.97,0.53,0.21,0.78,0.81
51183,0.92,0.5,0.75,0.9,0.91
51195,0.93,0.72,0.2,0.93,0.86
51640,0.9,0.99,0.83,0.92,0.98
51710,0.66,0.14,0.85,0.94,0.77
51720,0.96,0.98,0.16,0.85,0.91
54005,0.93,0.77,0.02,0.56,0.7
54015,0.97,0.71,0.02,0.47,0.69
54043,0.9,0.52,0.05,0.48,0.61
01047,0.97,0.95,0.53,0.84,0.95
01087,0.95,0.58,0.51,0.92,0.9
01119,0.96,0.58,0.67,0.99,0.96
02016,0.1,0.03,0.99,1.0,0.49
02070,0.73,0.65,0.8,0.91,0.87
02164,0.75,0.7,0.63,0.72,0.8
02180,0.9,0.54,0.88,0.91,0.93
04017,0.96,0.96,0.93,0.96,1.0
04023,0.95,0.84,1.0,0.44,0.93
04027,0.94,0.76,0.99,0.98,0.99
05017,0.94,0.99,0.83,0.99,1.0
05123,0.95,0.78,0.64,0.99,0.97
06011,0.59,0.69,0.98,0.42,0.74
08023,0.97,0.83,0.98,0.47,0.94
12043,0.91,0.56,0.91,0.74,0.9
12067,0.95,0.4,0.86,1.0,0.98
13043,0.93,0.97,0.75,0.94,0.98
13061,0.98,0.91,0.49,0.76,0.93
13065,0.96,0.88,0.7,0.96,0.98
13161,0.87,0.91,0.79,0.83,0.94
13163,0.94,0.79,0.74,0.9,0.94
13205,0.98,0.84,0.85,0.96,0.99
13243,0.96,0.99,0.48,0.89,0.97
13271,0.81,0.13,0.96,0.87,0.84
13273,0.97,0.88,0.52,0.94,0.96
20055,0.68,0.53,0.97,0.71,0.82
20175,0.8,0.49,0.99,0.88,0.91
21063,0.87,0.81,0.08,0.68,0.72
21071,0.99,0.75,0.03,0.9,0.85
21095,0.99,0.83,0.1,0.89,0.88
21127,0.97,0.56,0.2,0.57,0.76
21133,0.98,0.93,0.05,0.81,0.88
21153,0.99,0.57,0.0,0.89,0.81
21175,0.91,0.51,0.09,0.98,0.83
22029,0.91,0.66,0.5,0.97,0.91
22041,0.97,0.96,0.44,0.89,0.95
22097,0.91,0.76,0.73,0.84,0.92
22107,0.99,0.7,0.51,0.42,0.84
22117,0.97,0.98,0.81,0.96,1.0
28069,0.91,0.86,0.49,0.94,0.93
28125,0.99,0.95,0.5,0.93,0.97
28151,0.98,0.97,0.77,0.79,0.98
29069,0.95,1.0,0.68,0.63,0.96
29133,0.95,0.9,0.32,0.87,0.91
30005,0.89,0.9,0.45,0.92,0.92
31173,0.9,0.72,0.84,0.64,0.89
32015,0.58,0.68,0.86,0.91,0.83
34013,0.57,0.41,0.98,0.94,0.84
35025,0.76,0.59,0.97,0.94,0.92
35047,0.89,0.95,0.98,0.91,0.99
37061,0.96,0.91,0.95,0.77,0.98
37091,0.96,0.86,0.82,0.98,0.99
37165,0.97,0.91,0.71,1.0,0.99
37177,0.88,0.46,0.73,0.86,0.88
38079,0.88,0.87,0.5,0.9,0.91
45011,0.93,0.99,0.75,0.98,0.99
45061,0.96,0.45,0.53,0.98,0.92
46095,0.96,0.66,0.6,0.87,0.92
47097,0.95,0.93,0.6,0.95,0.97
48107,0.92,0.99,0.92,0.35,0.94
48135,0.59,0.52,0.98,0.72,0.79
48145,0.91,0.47,0.88,1.0,0.98
48189,0.88,0.55,0.97,0.86,0.93
48283,0.56,0.44,0.99,0.89,0.82
49037,0.92,0.86,0.94,0.88,0.98
51730,0.93,0.85,0.86,0.89,0.96
53021,0.74,0.58,0.98,0.78,0.87
53077,0.84,0.73,0.97,0.79,0.93
55078,0.72,0.89,0.59,0.51,0.77
01011,0.98,0.44,0.67,0.76,0.89
01131,0.99,0.79,0.77,0.62,0.93
02188,0.91,0.55,0.76,0.97,0.94
02290,0.89,0.85,0.54,0.78,0.88
05107,0.98,1.0,0.57,0.36,0.92
06029,0.94,0.56,0.98,0.92,0.97
06031,0.93,0.61,0.98,0.94,0.97
06047,0.96,0.72,0.99,0.83,0.97
12027,0.88,0.6,0.95,0.96,0.96
12039,0.93,0.87,0.94,0.98,0.99
12059,0.97,0.87,0.42,0.91,0.93
13003,0.98,0.78,0.94,0.7,0.96
13049,0.98,0.12,0.91,0.75,0.88
13071,0.94,0.8,0.94,0.95,0.98
13093,0.97,0.57,0.87,0.87,0.95
13141,0.83,0.19,0.59,0.92,0.8
13309,0.98,0.02,0.51,0.99,0.81
16033,0.95,0.47,0.97,0.52,0.89
21025,0.99,0.53,0.01,0.92,0.82
21051,1.0,0.55,0.17,0.99,0.91
21131,0.99,0.33,0.01,0.89,0.77
21189,0.99,0.92,0.01,0.73,0.84
21193,0.97,0.87,0.03,0.98,0.91
22027,0.96,0.69,0.62,0.96,0.95
22039,0.98,0.98,0.83,0.97,1.0
28001,0.98,0.74,0.96,0.97,0.99
28011,0.98,0.95,0.62,0.84,0.97
28027,0.98,0.83,0.54,0.82,0.93
28063,0.97,0.43,0.64,1.0,0.96
28079,0.97,0.98,0.87,0.92,0.99
28083,0.98,0.61,0.8,0.94,0.97
28119,1.0,0.89,0.58,0.8,0.95
28143,0.94,0.68,0.88,0.97,0.97
29155,0.97,0.99,0.42,0.62,0.93
30003,0.89,0.51,0.83,0.49,0.83
37155,0.96,0.87,0.93,0.97,0.99
38085,0.96,0.59,0.59,0.77,0.88
42101,0.82,0.55,0.97,0.89,0.92
45067,0.95,0.94,0.84,0.5,0.93
46007,0.97,0.68,0.7,0.21,0.79
46041,0.94,0.51,0.5,0.9,0.88
46071,0.95,0.75,0.48,1.0,0.97
48109,0.96,0.99,0.99,0.88,1.0
48141,0.88,0.71,1.0,0.86,0.95
48163,0.91,0.7,0.99,0.99,0.99
48261,0.52,0.96,1.0,0.22,0.73
51595,0.98,0.86,0.63,0.87,0.96
54059,0.98,0.75,0.04,0.65,0.78
01005,0.98,0.92,0.86,0.99,1.0
01063,1.0,0.97,0.5,0.96,0.99
01105,0.99,0.96,0.62,0.99,0.99
02050,0.96,0.56,0.95,0.95,0.97
04001,0.98,0.8,0.98,0.91,0.99
05077,0.99,0.71,0.77,0.91,0.97
06019,0.92,0.69,0.99,0.84,0.96
06107,0.97,0.63,0.99,0.64,0.94
12047,0.99,0.76,0.88,0.99,0.99
13193,0.99,0.33,0.74,0.92,0.93
13239,0.97,0.94,0.78,0.61,0.94
13259,0.98,0.19,0.99,0.78,0.92
21119,0.99,0.41,0.03,0.99,0.85
21147,1.0,0.31,0.38,0.91,0.88
21159,0.99,0.22,0.18,0.98,0.85
21237,1.0,0.99,0.0,0.56,0.86
22035,0.98,0.32,0.53,0.99,0.94
28051,1.0,0.92,0.51,0.97,0.98
28053,1.0,0.98,0.54,0.5,0.94
28103,0.99,0.97,0.54,0.97,0.99
28133,1.0,0.54,0.67,0.93,0.95
28163,0.98,0.94,0.94,0.94,1.0
30085,0.91,0.61,0.52,0.91,0.89
35006,0.96,0.97,0.91,1.0,1.0
35029,0.99,0.95,0.99,0.98,1.0
46017,0.99,0.87,0.72,0.88,0.97
46031,0.97,0.62,0.49,0.59,0.84
47095,0.98,0.61,0.39,0.95,0.92
48061,0.96,0.71,1.0,0.86,0.98
48215,0.97,0.71,1.0,0.83,0.98
48377,0.99,1.0,1.0,0.7,1.0
48445,0.91,0.91,0.97,0.95,0.99
48479,0.9,0.61,1.0,0.85,0.95
48489,1.0,0.83,0.99,0.84,0.99
53001,0.93,0.6,0.99,0.89,0.96
54047,0.99,0.61,0.32,0.93,0.9
01085,0.97,0.98,0.54,0.5,0.92
02158,0.99,0.59,0.87,0.68,0.93
06025,0.99,0.78,1.0,0.99,1.0
12049,0.91,0.59,0.95,0.99,0.98
12051,0.97,0.7,0.99,0.99,0.99
13037,0.99,0.37,0.87,0.98,0.98
13265,0.97,0.89,0.49,0.69,0.91
22065,0.99,0.65,0.57,0.99,0.97
28055,0.99,0.13,0.56,1.0,0.95
28123,0.94,0.98,0.93,0.77,0.98
28135,1.0,0.42,0.88,0.95,0.97
28157,0.99,0.65,0.53,0.82,0.92
35031,1.0,0.88,0.95,0.83,0.99
36005,0.97,0.75,1.0,0.97,0.99
37079,0.98,0.8,0.94,0.98,0.99
45069,0.98,0.82,0.78,0.98,0.99
46121,0.99,0.52,0.72,0.95,0.96
46137,0.96,0.57,0.71,0.97,0.95
48047,1.0,0.97,0.99,0.99,1.0
48229,0.98,0.81,1.0,0.79,0.98
48323,0.99,0.84,1.0,0.62,0.97
48427,1.0,0.93,1.0,0.55,0.98
28021,0.99,0.54,0.68,1.0,0.99
45005,0.98,0.86,0.67,1.0,0.99
46102,1.0,0.79,0.89,0.99,0.99
48131,0.98,1.0,0.98,0.9,1.0
48505,1.0,0.95,1.0,0.7,0.99
48507,0.98,0.99,0.99,0.93,1.0
48127,0.99,0.99,0.99,0.93,1.0
48247,0.98,1.0,0.98,0.49,0.99
