"GEOID","rcaUrbP","rcaSubrbP","rcaRuralP"
"01001",0.58,0.42,0
"01003",0.34,0.22,0.44
"01005",0,0,1
"01007",0,1,0
"01009",0,0.44,0.56
"01011",0,1,0
"01013",0,0.22,0.78
"01015",0.68,0.29,0.03
"01017",0,0.78,0.22
"01019",0,0.5,0.5
"01021",0,0.33,0.67
"01023",0,0,1
"01025",0,0.11,0.89
"01027",0,0.5,0.5
"01029",0,0.75,0.25
"01031",0,0.43,0.57
"01033",0.64,0.36,0
"01035",0,0,1
"01037",0,0,1
"01039",0,0.07,0.93
"01041",0,0.67,0.33
"01043",0,0.22,0.78
"01045",0.07,0.79,0.14
"01047",0,0.53,0.47
"01049",0,0.07,0.93
"01051",0.47,0.47,0.07
"01053",0,0,1
"01055",0.73,0.17,0.1
"01057",0,0.2,0.8
"01059",0,0.56,0.44
"01061",0,0.83,0.17
"01063",0,1,0
"01065",0,1,0
"01067",0,0.83,0.17
"01069",0.68,0.32,0
"01071",0,0.55,0.45
"01073",0.96,0.04,0
"01075",0,0,1
"01077",0.59,0.32,0.09
"01079",0,0.67,0.33
"01081",0.85,0.15,0
"01083",0.19,0.56,0.25
"01085",0,1,0
"01087",0,0.42,0.58
"01089",0.9,0.1,0
"01091",0,0,1
"01093",0,0,1
"01095",0,0.72,0.28
"01097",0.89,0.1,0.02
"01099",0,0.14,0.86
"01101",0.85,0.15,0
"01103",0.7,0.26,0.04
"01105",0,0,1
"01107",0,0.8,0.2
"01109",0,0.75,0.25
"01111",0,0,1
"01113",0.69,0.31,0
"01115",0.08,0.77,0.15
"01117",0.81,0.17,0.02
"01119",0,0,1
"01121",0.05,0.59,0.36
"01123",0,0.2,0.8
"01125",0.81,0.19,0
"01127",0,0.83,0.17
"01129",0,0.6,0.4
"01131",0,0,1
"01133",0,0.14,0.86
"02013",0,0,1
"02016",0,0,1
"02020",0.87,0.13,0
"02050",0,0,1
"02060",0,0,1
"02068",0,0,1
"02070",0,0,1
"02090",0.74,0.21,0.05
"02100",0,0,1
"02105",0,0,1
"02110",0,1,0
"02122",0,0,1
"02130",0,1,0
"02150",0,0,1
"02164",0,0,1
"02170",0,0.54,0.46
"02180",0,0,1
"02185",0,0,1
"02188",0,0,1
"02195",0,0,1
"02198",0,0,1
"02220",0,0,1
"02230",0,0,1
"02240",0,0,1
"02261",0,0,1
"02270",0,0,1
"02275",0,0,1
"02282",0,0,1
"02290",0,0,1
"04001",0,0.12,0.88
"04003",0.38,0.25,0.38
"04005",0.54,0.11,0.36
"04007",0,0.75,0.25
"04009",0,0.67,0.33
"04011",0,0,1
"04012",0,0.11,0.89
"04013",0.92,0.06,0.01
"04015",0.28,0.53,0.19
"04017",0,0.13,0.87
"04019",0.87,0.11,0.02
"04021",0.53,0.32,0.15
"04023",0,0.8,0.2
"04025",0.43,0.29,0.29
"04027",0.73,0.2,0.07
"05001",0,0,1
"05003",0,0,1
"05005",0,0.44,0.56
"05007",0.78,0.2,0.02
"05009",0,0.43,0.57
"05011",0,0,1
"05013",0,0,1
"05015",0,0,1
"05017",0,0,1
"05019",0,0.6,0.4
"05021",0,0,1
"05023",0,0,1
"05025",0,1,0
"05027",0,0.4,0.6
"05029",0,0.17,0.83
"05031",0.76,0.18,0.06
"05033",0.64,0.36,0
"05035",0.8,0.2,0
"05037",0,0.17,0.83
"05039",0,0,1
"05041",0,0,1
"05043",0,0,1
"05045",0.64,0.36,0
"05047",0,0.67,0.33
"05049",0,0,1
"05051",0.75,0.15,0.1
"05053",0,0.75,0.25
"05055",0,0.56,0.44
"05057",0,0,1
"05059",0,0.86,0.14
"05061",0,0,1
"05063",0,0.5,0.5
"05065",0,0,1
"05067",0,0,1
"05069",0.75,0.17,0.08
"05071",0,0,1
"05073",0,0,1
"05075",0,0.17,0.83
"05077",0,0,1
"05079",0,0.75,0.25
"05081",0,0,1
"05083",0,0.17,0.83
"05085",0.5,0.31,0.19
"05087",0,1,0
"05089",0,0,1
"05091",0.75,0.25,0
"05093",0,0.42,0.58
"05095",0,0,1
"05097",0,0,1
"05099",0,0,1
"05101",0,0,1
"05103",0,0.5,0.5
"05105",0,0.67,0.33
"05107",0,0.67,0.33
"05109",0,0,1
"05111",0,0.71,0.29
"05113",0,0,1
"05115",0,0.45,0.55
"05117",0,0.33,0.67
"05119",0.91,0.08,0.01
"05121",0,0,1
"05123",0,0.67,0.33
"05125",0.71,0.24,0.05
"05127",0,0.33,0.67
"05129",0,0,1
"05131",0.77,0.23,0
"05133",0,0,1
"05135",0,0,1
"05137",0,0,1
"05139",0,0.5,0.5
"05141",0,0.2,0.8
"05143",0.78,0.22,0
"05145",0,0.62,0.38
"05147",0,0,1
"05149",0,0.33,0.67
"06001",0.95,0.04,0
"06003",0,0,1
"06005",0,0,1
"06007",0.45,0.43,0.12
"06009",0,0,1
"06011",0,0,1
"06013",0.98,0,0.02
"06015",0,0.62,0.38
"06017",0.33,0.6,0.07
"06019",0.75,0.18,0.08
"06021",0,0.17,0.83
"06023",0,0.65,0.35
"06025",0.55,0.35,0.1
"06027",0,0,1
"06029",0.68,0.2,0.13
"06031",0.56,0.3,0.15
"06033",0,0.8,0.2
"06035",0,0.44,0.56
"06037",0.96,0.03,0.01
"06039",0.48,0.22,0.3
"06041",0.89,0.04,0.07
"06043",0,0,1
"06045",0,0.48,0.52
"06047",0.69,0.16,0.14
"06049",0,0,1
"06051",0,0,1
"06053",0.8,0.16,0.04
"06055",0.72,0.03,0.25
"06057",0,0.5,0.5
"06059",1,0,0
"06061",0.68,0.24,0.08
"06063",0,0.14,0.86
"06065",0.93,0.05,0.02
"06067",0.95,0.04,0
"06069",0,0.73,0.27
"06071",0.85,0.09,0.06
"06073",0.97,0.03,0.01
"06075",0.99,0,0.01
"06077",0.92,0.01,0.06
"06079",0.69,0.19,0.13
"06081",0.95,0.03,0.02
"06083",0.89,0.07,0.04
"06085",0.94,0.06,0
"06087",0.91,0.08,0.02
"06089",0.69,0.27,0.04
"06091",0,0,1
"06093",0,0,1
"06095",0.93,0.04,0.03
"06097",0.76,0.2,0.04
"06099",0.87,0.1,0.03
"06101",0.71,0.24,0.05
"06103",0,0.45,0.55
"06105",0,0,1
"06107",0.69,0.19,0.12
"06109",0,0.64,0.36
"06111",0.91,0.05,0.04
"06113",0.93,0.02,0.05
"06115",0.57,0.36,0.07
"08001",0.97,0.02,0.01
"08003",0,0,1
"08005",0.99,0.01,0
"08007",0,0,1
"08009",0,0,1
"08011",0,0,1
"08013",0.91,0.06,0.03
"08014",0.83,0,0.17
"08015",0,0,1
"08017",0,0,1
"08019",0,0.67,0.33
"08021",0,0,1
"08023",0,0,1
"08025",0,0,1
"08027",0,0,1
"08029",0,0,1
"08031",0.99,0,0.01
"08033",0,0,1
"08035",0.87,0.13,0
"08037",0,0.36,0.64
"08039",0,0.86,0.14
"08041",0.92,0.06,0.02
"08043",0,0.64,0.36
"08045",0,0.45,0.55
"08047",0,1,0
"08049",0,0,1
"08051",0,0,1
"08053",0,0,1
"08055",0,0,1
"08057",0,0,1
"08059",0.9,0.09,0.01
"08061",0,0,1
"08063",0,0,1
"08065",0,0,1
"08067",0,0.4,0.6
"08069",0.88,0.07,0.05
"08071",0,0,1
"08073",0,0,1
"08075",0,0.67,0.33
"08077",0.86,0.1,0.03
"08079",0,0,1
"08081",0,0.75,0.25
"08083",0,0,1
"08085",0,0.5,0.5
"08087",0,0.5,0.5
"08089",0,0,1
"08091",0,0,1
"08093",0,0.4,0.6
"08095",0,0,1
"08097",0,0,1
"08099",0,0,1
"08101",0.91,0.07,0.02
"08103",0,0,1
"08105",0,0,1
"08107",0,0.5,0.5
"08109",0,0,1
"08111",0,0,1
"08113",0,0,1
"08115",0,0,1
"08117",0,0.6,0.4
"08119",0,0.67,0.33
"08121",0,0,1
"08123",0.61,0.19,0.19
"08125",0,0,1
"09001",0.98,0.01,0
"09003",0.98,0.02,0
"09005",0.31,0.41,0.27
"09007",0.78,0.19,0.03
"09009",0.99,0,0.01
"09011",0.77,0.2,0.03
"09013",0.59,0.41,0
"09015",0.28,0.52,0.2
"10001",0.7,0.27,0.03
"10003",0.93,0.05,0.02
"10005",0.15,0.46,0.39
"11001",1,0,0
"12001",0.79,0.21,0
"12003",0,1,0
"12005",0.89,0.09,0.02
"12007",0,0.75,0.25
"12009",0.95,0.04,0.02
"12011",0.99,0,0
"12013",0,0.67,0.33
"12015",0.95,0.03,0.03
"12017",0.71,0.14,0.14
"12019",0.77,0.2,0.03
"12021",0.91,0.08,0.01
"12023",0,0.58,0.42
"12027",0.11,0.33,0.56
"12029",0,0.5,0.5
"12031",0.98,0.02,0.01
"12033",0.94,0.04,0.01
"12035",0.86,0.1,0.05
"12037",0,0.17,0.83
"12039",0,1,0
"12041",0,0.8,0.2
"12043",0,0,1
"12045",0,0.25,0.75
"12047",0,0.33,0.67
"12049",0,0.67,0.33
"12051",0,0.57,0.43
"12053",0.78,0.16,0.07
"12055",0.63,0.22,0.15
"12057",0.95,0.03,0.02
"12059",0,0,1
"12061",0.9,0.03,0.06
"12063",0,0.09,0.91
"12065",0,0.75,0.25
"12067",0,0,1
"12069",0.88,0.11,0.02
"12071",0.91,0.05,0.04
"12073",0.9,0.1,0
"12075",0,0.5,0.5
"12077",0,1,0
"12079",0,0.6,0.4
"12081",0.95,0.04,0.01
"12083",0.65,0.29,0.06
"12085",0.89,0.06,0.06
"12086",0.99,0,0.01
"12087",0,0.55,0.45
"12089",0,0.92,0.08
"12091",0.77,0.14,0.09
"12093",0,0.67,0.33
"12095",0.99,0,0
"12097",0.8,0.2,0
"12099",0.95,0.03,0.02
"12101",0.95,0.04,0.01
"12103",0.99,0,0.01
"12105",0.81,0.15,0.04
"12107",0,0.47,0.53
"12109",0.83,0.12,0.05
"12111",0.93,0.02,0.04
"12113",0.85,0.12,0.04
"12115",0.98,0.01,0.01
"12117",0.99,0.01,0
"12119",0.37,0.16,0.47
"12121",0,0.14,0.86
"12123",0,0,1
"12125",0,0.33,0.67
"12127",0.95,0.03,0.03
"12129",0,0.8,0.2
"12131",0.17,0.42,0.42
"12133",0,0.57,0.43
"13001",0,0,1
"13003",0,0,1
"13005",0,0,1
"13007",0,1,0
"13009",0,0.78,0.22
"13011",0,0.25,0.75
"13013",0.33,0.67,0
"13015",0.73,0.27,0
"13017",0,0.6,0.4
"13019",0,0.83,0.17
"13021",0.93,0.07,0
"13023",0,0.67,0.33
"13025",0,0.67,0.33
"13027",0,0.8,0.2
"13029",0.29,0.57,0.14
"13031",0,0.83,0.17
"13033",0,0.83,0.17
"13035",0,1,0
"13037",0,1,0
"13039",0,0.82,0.18
"13043",0,0,1
"13045",0.24,0.53,0.24
"13047",0.73,0.27,0
"13049",0,1,0
"13051",0.96,0.01,0.03
"13053",0.6,0.2,0.2
"13055",0,0.83,0.17
"13057",0.88,0.12,0
"13059",1,0,0
"13061",0,0,1
"13063",0.98,0,0.02
"13065",0,0,1
"13067",1,0,0
"13069",0,0.56,0.44
"13071",0,0.6,0.4
"13073",0.85,0.15,0
"13075",0,0.75,0.25
"13077",0.65,0.35,0
"13079",0,0.67,0.33
"13081",0,0.83,0.17
"13083",0.25,0.75,0
"13085",0.33,0.67,0
"13087",0,0.71,0.29
"13089",0.99,0,0.01
"13091",0,0.17,0.83
"13093",0,0.33,0.67
"13095",0.89,0.11,0
"13097",0.9,0.1,0
"13099",0,0.4,0.6
"13101",0,0.5,0.5
"13103",0,1,0
"13105",0,0.4,0.6
"13107",0,0,1
"13109",0,0,1
"13111",0,0,1
"13113",0.9,0.1,0
"13115",0.7,0.3,0
"13117",0.98,0.02,0
"13119",0,0.2,0.8
"13121",0.99,0,0.01
"13123",0,0.2,0.8
"13125",0,0,1
"13127",0.69,0.25,0.06
"13129",0,0.56,0.44
"13131",0,0.17,0.83
"13133",0,0.29,0.71
"13135",1,0,0
"13137",0,0.75,0.25
"13139",0.83,0.17,0
"13141",0,0,1
"13143",0,0.6,0.4
"13145",0,1,0
"13147",0,0,1
"13149",0,0.33,0.67
"13151",1,0,0
"13153",0.96,0.04,0
"13155",0,0,1
"13157",0.18,0.45,0.36
"13159",0,1,0
"13161",0,0,1
"13163",0,0,1
"13165",0,0.5,0.5
"13167",0,0,1
"13169",0.17,0.83,0
"13171",0,1,0
"13173",0,1,0
"13175",0,0.54,0.46
"13177",0.6,0.4,0
"13179",0.73,0.2,0.07
"13181",0,1,0
"13183",0,0.67,0.33
"13185",0.84,0.16,0
"13187",0,0.5,0.5
"13189",0,0.2,0.8
"13191",0,0.6,0.4
"13193",0,0.5,0.5
"13195",0,1,0
"13197",0,1,0
"13199",0,0.5,0.5
"13201",0,0,1
"13205",0,0.2,0.8
"13207",0,0.8,0.2
"13209",0,0,1
"13211",0,0.8,0.2
"13213",0.25,0.75,0
"13215",1,0,0
"13217",0.69,0.31,0
"13219",0.5,0.5,0
"13221",0,1,0
"13223",0.89,0.11,0
"13225",0.17,0.83,0
"13227",0,0.67,0.33
"13229",0,0,1
"13231",0,1,0
"13233",0,0.86,0.14
"13235",0,1,0
"13237",0,0.2,0.8
"13239",0,0,1
"13241",0,0,1
"13243",0,0.5,0.5
"13245",0.96,0.04,0
"13247",1,0,0
"13249",0,0,1
"13251",0,0.2,0.8
"13253",0,0.33,0.67
"13255",0.67,0.33,0
"13257",0,0.6,0.4
"13259",0,0.5,0.5
"13261",0,0.62,0.38
"13263",0,1,0
"13265",0,0,1
"13267",0,0.2,0.8
"13269",0,0.67,0.33
"13271",0,0,1
"13273",0,1,0
"13275",0,0.55,0.45
"13277",0,0.44,0.56
"13279",0,0.67,0.33
"13281",0,0,1
"13283",0,0,1
"13285",0,0.71,0.29
"13287",0,0,1
"13289",0,1,0
"13291",0,0,1
"13293",0,0.57,0.43
"13295",0.54,0.31,0.15
"13297",0.53,0.4,0.07
"13299",0,0.89,0.11
"13301",0,0,1
"13303",0,0,1
"13305",0,0.5,0.5
"13307",0,1,0
"13309",0,0,1
"13311",0,0.8,0.2
"13313",0.78,0.22,0
"13315",0,0,1
"13317",0,0,1
"13319",0,0.33,0.67
"13321",0,0.8,0.2
"15001",0,0.34,0.66
"15003",0.82,0.15,0.02
"15005",0,0,1
"15007",0,0.35,0.65
"15009",0.26,0.5,0.24
"16001",0.95,0.05,0
"16003",0,0,1
"16005",0.82,0.18,0
"16007",0,0,1
"16009",0,0,1
"16011",0,0.75,0.25
"16013",0,0.5,0.5
"16015",0,1,0
"16017",0,0.33,0.67
"16019",0.9,0.1,0
"16021",0,0,1
"16023",0,0,1
"16025",0,0,1
"16027",0.83,0.14,0.03
"16029",0,0,1
"16031",0,0.5,0.5
"16033",0,0,1
"16035",0,0,1
"16037",0,0,1
"16039",0,0.6,0.4
"16041",0,0,1
"16043",0,0,1
"16045",0,1,0
"16047",0,0,1
"16049",0,0,1
"16051",0,0.75,0.25
"16053",0,0.6,0.4
"16055",0.72,0.24,0.04
"16057",0,0.71,0.29
"16059",0,0,1
"16061",0,0.33,0.67
"16063",0,0,1
"16065",0,0.67,0.33
"16067",0,0.4,0.6
"16069",0.8,0.2,0
"16071",0,0,1
"16073",0,0.67,0.33
"16075",0,0.75,0.25
"16077",0,0.5,0.5
"16079",0,0,1
"16081",0,0,1
"16083",0,0.57,0.43
"16085",0,0,1
"16087",0,0,1
"17001",0,0.72,0.28
"17003",0,0.5,0.5
"17005",0,0.25,0.75
"17007",0.86,0.14,0
"17009",0,0,1
"17011",0,0.2,0.8
"17013",0,0.5,0.5
"17015",0,0,1
"17017",0,0.2,0.8
"17019",0.77,0.23,0
"17021",0,0.5,0.5
"17023",0,0.25,0.75
"17025",0,0,1
"17027",0,0.38,0.62
"17029",0,0.75,0.25
"17031",1,0,0
"17033",0,0,1
"17035",0,0,1
"17037",0.71,0.29,0
"17039",0,0.6,0.4
"17041",0,0.4,0.6
"17043",1,0,0
"17045",0,0,1
"17047",0,0,1
"17049",0,0.5,0.5
"17051",0,0,1
"17053",0,0,1
"17055",0,0.08,0.92
"17057",0,0.5,0.5
"17059",0,0,1
"17061",0,0,1
"17063",0.2,0.7,0.1
"17065",0,0,1
"17067",0,0.14,0.86
"17069",0,0,1
"17071",0,0,1
"17073",0.08,0.54,0.38
"17075",0,0.33,0.67
"17077",0.5,0.43,0.07
"17079",0,0,1
"17081",0,0.64,0.36
"17083",0,0.67,0.33
"17085",0.17,0,0.83
"17087",0,0.75,0.25
"17089",0.98,0.02,0
"17091",0.72,0.21,0.07
"17093",1,0,0
"17095",0,0.75,0.25
"17097",0.72,0.27,0.01
"17099",0,0.71,0.29
"17101",0,0,1
"17103",0,0.44,0.56
"17105",0,0.4,0.6
"17107",0,0.62,0.38
"17109",0,0.6,0.4
"17111",0.54,0.42,0.04
"17113",0.78,0.22,0
"17115",0.88,0.12,0
"17117",0,0.62,0.38
"17119",0.87,0.13,0
"17121",0,0.33,0.67
"17123",0,0.4,0.6
"17125",0,0.17,0.83
"17127",0,0,1
"17129",0,1,0
"17131",0,0.5,0.5
"17133",0.33,0.67,0
"17135",0,0.12,0.88
"17137",0,0.7,0.3
"17139",0,0.5,0.5
"17141",0,0.64,0.36
"17143",0.9,0.1,0
"17145",0,0,1
"17147",0,0.75,0.25
"17149",0,0,1
"17151",0,0,1
"17153",0,0,1
"17155",0,0,1
"17157",0,0,1
"17159",0,0,1
"17161",0.95,0.05,0
"17163",0.92,0.08,0
"17165",0,0,1
"17167",0.91,0.09,0
"17169",0,0,1
"17171",0,0,1
"17173",0,0.33,0.67
"17175",0,1,0
"17177",0,0.54,0.46
"17179",0.83,0.13,0.03
"17181",0,0.2,0.8
"17183",0.71,0.25,0.04
"17185",0,0,1
"17187",0,0,1
"17189",0,0.25,0.75
"17191",0,0,1
"17193",0,0,1
"17195",0,0.56,0.44
"17197",0.92,0.07,0.01
"17199",0.8,0.2,0
"17201",0.97,0.03,0
"17203",0.11,0.56,0.33
"18001",0,0.29,0.71
"18003",0.91,0.09,0
"18005",0.67,0.33,0
"18007",0,0.33,0.67
"18009",0,0,1
"18011",0.4,0.6,0
"18013",0,0.75,0.25
"18015",0,0.71,0.29
"18017",0,0.55,0.45
"18019",0.77,0.23,0
"18021",0.33,0.67,0
"18023",0,0.62,0.38
"18025",0,0.33,0.67
"18027",0,0.43,0.57
"18029",0.2,0.7,0.1
"18031",0,0.5,0.5
"18033",0,0.78,0.22
"18035",0.9,0.1,0
"18037",0,0.43,0.57
"18039",0.83,0.08,0.08
"18041",0,0.57,0.43
"18043",0.9,0.1,0
"18045",0,0.2,0.8
"18047",0,0.2,0.8
"18049",0,0,1
"18051",0,0.43,0.57
"18053",0,0.75,0.25
"18055",0,0.44,0.56
"18057",1,0,0
"18059",0.8,0.2,0
"18061",0,0.67,0.33
"18063",0.86,0.14,0
"18065",0,0.77,0.23
"18067",0.85,0.15,0
"18069",0,0.67,0.33
"18071",0,0.6,0.4
"18073",0,0.62,0.38
"18075",0,0,1
"18077",0,0.71,0.29
"18079",0,0.67,0.33
"18081",0.95,0.05,0
"18083",0,0.6,0.4
"18085",0,0.32,0.68
"18087",0,0,1
"18089",0.97,0.03,0.01
"18091",0.72,0.24,0.03
"18093",0,0.6,0.4
"18095",0.76,0.16,0.08
"18097",1,0,0
"18099",0,0.25,0.75
"18101",0,0,1
"18103",0,0.7,0.3
"18105",0.81,0.19,0
"18107",0,0.56,0.44
"18109",0.38,0.62,0
"18111",0,0.5,0.5
"18113",0,0.3,0.7
"18115",0,0.5,0.5
"18117",0,0.17,0.83
"18119",0,0.6,0.4
"18121",0,0.5,0.5
"18123",0,0,1
"18125",0,0,1
"18127",0.79,0.15,0.06
"18129",0,0.43,0.57
"18131",0,0,1
"18133",0,0.71,0.29
"18135",0.12,0.12,0.75
"18137",0,0.17,0.83
"18139",0,0.2,0.8
"18141",0.92,0.07,0.01
"18143",0,0.6,0.4
"18145",0,0.8,0.2
"18147",0,0.4,0.6
"18149",0,0,1
"18151",0,0.33,0.67
"18153",0,0.4,0.6
"18155",0,0,1
"18157",0.92,0.08,0
"18159",0,0.5,0.5
"18161",0,0,1
"18163",0.96,0.04,0
"18165",0,0.8,0.2
"18167",0.89,0.11,0
"18169",0,0.38,0.62
"18171",0,0,1
"18173",0.64,0.36,0
"18175",0,0.33,0.67
"18177",0,0.59,0.41
"18179",0,0.29,0.71
"18181",0,0.38,0.62
"18183",0,0.57,0.43
"19001",0,0,1
"19003",0,0,1
"19005",0,0,1
"19007",0,0,1
"19009",0,0,1
"19011",0,0.57,0.43
"19013",0.92,0.08,0
"19015",0,0.71,0.29
"19017",0,0.25,0.75
"19019",0,0.17,0.83
"19021",0,0.33,0.67
"19023",0,0.4,0.6
"19025",0,0,1
"19027",0,0,1
"19029",0,0,1
"19031",0,0.4,0.6
"19033",0,0.55,0.45
"19035",0,0,1
"19037",0,0,1
"19039",0,0.33,0.67
"19041",0,0.5,0.5
"19043",0,0,1
"19045",0,0.67,0.33
"19047",0,0,1
"19049",0.4,0.47,0.13
"19051",0,0,1
"19053",0,0,1
"19055",0,0,1
"19057",0,0.73,0.27
"19059",0,0.8,0.2
"19061",0.73,0.19,0.08
"19063",0,0,1
"19065",0,0,1
"19067",0,0,1
"19069",0,0,1
"19071",0,0.33,0.67
"19073",0,0,1
"19075",0,0.5,0.5
"19077",0,0.33,0.67
"19079",0,0.2,0.8
"19081",0,0,1
"19083",0,0,1
"19085",0,0.8,0.2
"19087",0,0,1
"19089",0,0,1
"19091",0,0,1
"19093",0,0,1
"19095",0,0.25,0.75
"19097",0,0.17,0.83
"19099",0,0.67,0.33
"19101",0,0.5,0.5
"19103",0.88,0.12,0
"19105",0,0.4,0.6
"19107",0,0,1
"19109",0,0,1
"19111",0,0.64,0.36
"19113",0.89,0.11,0
"19115",0,0,1
"19117",0,0,1
"19119",0,0,1
"19121",0,1,0
"19123",0,0.57,0.43
"19125",0,0.12,0.88
"19127",0,0.6,0.4
"19129",0,1,0
"19131",0,0,1
"19133",0,0,1
"19135",0,0,1
"19137",0,0,1
"19139",0,0.8,0.2
"19141",0,0,1
"19143",0,0,1
"19145",0,0,1
"19147",0,0,1
"19149",0,0.33,0.67
"19151",0,0,1
"19153",0.96,0.03,0.01
"19155",0.77,0.17,0.07
"19157",0,0,1
"19159",0,0,1
"19161",0,0,1
"19163",0.89,0.11,0
"19165",0,0,1
"19167",0,0,1
"19169",0.7,0.3,0
"19171",0,0.33,0.67
"19173",0,0,1
"19175",0,0,1
"19177",0,0,1
"19179",0,0.73,0.27
"19181",0.25,0.75,0
"19183",0,0.2,0.8
"19185",0,0,1
"19187",0,0.67,0.33
"19189",0,0,1
"19191",0,0,1
"19193",0.85,0.08,0.08
"19195",0,0,1
"19197",0,0,1
"20001",0,0,1
"20003",0,0,1
"20005",0,0.75,0.25
"20007",0,0,1
"20009",0,0.62,0.38
"20011",0,0,1
"20013",0,0,1
"20015",0.15,0.77,0.08
"20017",0,0,1
"20019",0,0,1
"20021",0,0.33,0.67
"20023",0,0,1
"20025",0,0,1
"20027",0,0,1
"20029",0,0,1
"20031",0,0,1
"20033",0,0,1
"20035",0,0.82,0.18
"20037",0,0.73,0.27
"20039",0,0,1
"20041",0,0,1
"20043",0.33,0.33,0.33
"20045",0.77,0.18,0.05
"20047",0,0,1
"20049",0,0,1
"20051",0,0.67,0.33
"20053",0,0,1
"20055",0,0.83,0.17
"20057",0,0.71,0.29
"20059",0,0.8,0.2
"20061",0,1,0
"20063",0,0,1
"20065",0,0,1
"20067",0,0,1
"20069",0,0,1
"20071",0,0,1
"20073",0,0.33,0.67
"20075",0,0,1
"20077",0,0,1
"20079",0,1,0
"20081",0,0,1
"20083",0,0,1
"20085",0,0.67,0.33
"20087",0,0.75,0.25
"20089",0,0,1
"20091",0.95,0.04,0.01
"20093",0,0,1
"20095",0,0.33,0.67
"20097",0,0,1
"20099",0,0.5,0.5
"20101",0,0,1
"20103",0,0.88,0.12
"20105",0,0,1
"20107",0,1,0
"20109",0,0,1
"20111",0,0.62,0.38
"20113",0,0.43,0.57
"20115",0,0,1
"20117",0,0,1
"20119",0,0,1
"20121",0,1,0
"20123",0,0,1
"20125",0,0.38,0.62
"20127",0,0,1
"20129",0,0,1
"20131",0,0,1
"20133",0,0,1
"20135",0,0,1
"20137",0,0,1
"20139",0,0.6,0.4
"20141",0,0,1
"20143",0,0,1
"20145",0,0,1
"20147",0,0,1
"20149",0,0.25,0.75
"20151",0,0,1
"20153",0,0,1
"20155",0,0.71,0.29
"20157",0,0,1
"20159",0,0,1
"20161",0.79,0.14,0.07
"20163",0,0,1
"20165",0,0,1
"20167",0,0,1
"20169",0,0.83,0.17
"20171",0,0,1
"20173",0.96,0.04,0
"20175",0,0.8,0.2
"20177",0.93,0.07,0
"20179",0,0,1
"20181",0,0,1
"20183",0,0,1
"20185",0,0,1
"20187",0,0,1
"20189",0,0,1
"20191",0,0.5,0.5
"20193",0,0,1
"20195",0,0,1
"20197",0,0.5,0.5
"20199",0,0,1
"20201",0,0,1
"20203",0,0,1
"20205",0,0,1
"20207",0,0,1
"20209",0.94,0.01,0.04
"21001",0,0,1
"21003",0,0.17,0.83
"21005",0,0.2,0.8
"21007",0,0,1
"21009",0,0.3,0.7
"21011",0,0,1
"21013",0,0.56,0.44
"21015",0.82,0.14,0.05
"21017",0,0.5,0.5
"21019",0.85,0.15,0
"21021",0,0.86,0.14
"21023",0,1,0
"21025",0,0.14,0.86
"21027",0,0.17,0.83
"21029",0.72,0.22,0.06
"21031",0,0.8,0.2
"21033",0,0,1
"21035",0,0.56,0.44
"21037",0.92,0.08,0
"21039",0,0,1
"21041",0,0,1
"21043",0,0.71,0.29
"21045",0,0,1
"21047",0.21,0.42,0.37
"21049",0,0.8,0.2
"21051",0,0,1
"21053",0,0,1
"21055",0,0,1
"21057",0,0,1
"21059",0.78,0.22,0
"21061",0,0.5,0.5
"21063",0,0.5,0.5
"21065",0,0,1
"21067",0.95,0.05,0
"21069",0,0,1
"21071",0,0,1
"21073",0,0.82,0.18
"21075",0,0,1
"21077",0,1,0
"21079",0,0,1
"21081",0,1,0
"21083",0,0.33,0.67
"21085",0,0,1
"21087",0,0,1
"21089",0.67,0.22,0.11
"21091",0,0.67,0.33
"21093",0.77,0.23,0
"21095",0,0,1
"21097",0,0,1
"21099",0,0,1
"21101",0.73,0.27,0
"21103",0,1,0
"21105",0,0,1
"21107",0,0.58,0.42
"21109",0,0,1
"21111",0.99,0.01,0.01
"21113",0,0.89,0.11
"21115",0,0,1
"21117",0.93,0.07,0
"21119",0,0,1
"21121",0,0.12,0.88
"21123",0,0.25,0.75
"21125",0,0.46,0.54
"21127",0,0.6,0.4
"21129",0,0,1
"21131",0,0,1
"21133",0,0,1
"21135",0,0,1
"21137",0,0,1
"21139",0,0,1
"21141",0,0.17,0.83
"21143",0,0,1
"21145",0,0.82,0.18
"21147",0,0,1
"21149",0,0.67,0.33
"21151",0,0.74,0.26
"21153",0,0.25,0.75
"21155",0,0,1
"21157",0,0,1
"21159",0,0,1
"21161",0,0.6,0.4
"21163",0.25,0.75,0
"21165",0,0,1
"21167",0,0,1
"21169",0,0,1
"21171",0,0,1
"21173",0,0.5,0.5
"21175",0,0,1
"21177",0,0,1
"21179",0,0.44,0.56
"21181",0,0,1
"21183",0,0.43,0.57
"21185",0.93,0.07,0
"21187",0,0.33,0.67
"21189",0,0,1
"21191",0,1,0
"21193",0,0.12,0.88
"21195",0,0,1
"21197",0,0,1
"21199",0,0.57,0.43
"21201",0,0,1
"21203",0,0,1
"21205",0,0,1
"21207",0,0,1
"21209",0,0.86,0.14
"21211",0,0.78,0.22
"21213",0,0,1
"21215",0,1,0
"21217",0,0.6,0.4
"21219",0,0.25,0.75
"21221",0,0,1
"21223",0,0.5,0.5
"21225",0,0,1
"21227",0.79,0.21,0
"21229",0,0,1
"21231",0,0,1
"21233",0,0,1
"21235",0,0.25,0.75
"21237",0,0.5,0.5
"21239",0,0.88,0.12
"22001",0,0.5,0.5
"22003",0,0.4,0.6
"22005",0.86,0.14,0
"22007",0.5,0.5,0
"22009",0,0.11,0.89
"22011",0,0.57,0.43
"22013",0,0.4,0.6
"22015",0.91,0.09,0
"22017",0.86,0.11,0.03
"22019",0.82,0.14,0.05
"22021",0,1,0
"22023",0,0.33,0.67
"22025",0,0,1
"22027",0,0,1
"22029",0,0.4,0.6
"22031",0,0.57,0.43
"22033",0.97,0.02,0.01
"22035",0,0,1
"22037",0,1,0
"22039",0,0,1
"22041",0,0,1
"22043",0.2,0.8,0
"22045",0.69,0.25,0.06
"22047",0.43,0.57,0
"22049",0,0.2,0.8
"22051",0.96,0.02,0.02
"22053",0,0.43,0.57
"22055",0.98,0,0.02
"22057",0.58,0.38,0.04
"22059",0,0.67,0.33
"22061",0,0.7,0.3
"22063",0.65,0.29,0.06
"22065",0,0,1
"22067",0,0.38,0.62
"22069",0,0.44,0.56
"22071",0.98,0.01,0.01
"22073",0.88,0.12,0
"22075",0.33,0.11,0.56
"22077",0,0.83,0.17
"22079",0.73,0.24,0.03
"22081",0,0.5,0.5
"22083",0,0.67,0.33
"22085",0,0,1
"22087",0.89,0.06,0.06
"22089",1,0,0
"22091",0,1,0
"22093",0,1,0
"22095",0.82,0.18,0
"22097",0,0.74,0.26
"22099",0,0.91,0.09
"22101",0,0.94,0.06
"22103",0.84,0.14,0.02
"22105",0.65,0,0.35
"22107",0,0.33,0.67
"22109",0.86,0.09,0.05
"22111",0,0.67,0.33
"22113",0,0.85,0.15
"22115",0,0.08,0.92
"22117",0,0.36,0.64
"22119",0,0.45,0.55
"22121",0.8,0.2,0
"22123",0,0,1
"22125",0,0.67,0.33
"22127",0,0,1
"23001",0.71,0.25,0.04
"23003",0,0,1
"23005",0.66,0.25,0.09
"23007",0,0,1
"23009",0,0.22,0.78
"23011",0,0.52,0.48
"23013",0,0,1
"23015",0,0,1
"23017",0,0.18,0.82
"23019",0.43,0.35,0.22
"23021",0,0.12,0.88
"23023",0,0.44,0.56
"23025",0,0.06,0.94
"23027",0,0.25,0.75
"23029",0,0,1
"23031",0.37,0.37,0.27
"24001",0.74,0.26,0
"24003",0.94,0.05,0.01
"24005",0.94,0.05,0.01
"24009",0.21,0.68,0.11
"24011",0,0.33,0.67
"24013",0.11,0.89,0
"24015",0.68,0.32,0
"24017",0,0.97,0.03
"24019",0,0.4,0.6
"24021",0.69,0.3,0.02
"24023",0,0.14,0.86
"24025",0.84,0.16,0
"24027",0.93,0.07,0
"24029",0,0,1
"24031",0.99,0.01,0
"24033",0.97,0.03,0
"24035",0.29,0.29,0.43
"24037",0.44,0.44,0.11
"24039",0,0.62,0.38
"24041",0,0.45,0.55
"24043",0.78,0.19,0.03
"24045",0.79,0.21,0
"24047",0,0.59,0.41
"24510",1,0,0
"25001",0.93,0,0.07
"25003",0.44,0.31,0.26
"25005",0.95,0.03,0.02
"25007",0,0.6,0.4
"25009",0.99,0,0.01
"25011",0,0.72,0.28
"25013",0.95,0.05,0
"25015",0.69,0.31,0
"25017",0.99,0.01,0
"25019",0,0,1
"25021",1,0,0
"25023",0.94,0.04,0.02
"25025",0.98,0,0.02
"25027",0.9,0.09,0.01
"26001",0,0,1
"26003",0,0,1
"26005",0.16,0.56,0.28
"26007",0,0.6,0.4
"26009",0,0,1
"26011",0,0,1
"26013",0,0,1
"26015",0,0.64,0.36
"26017",0.81,0.07,0.11
"26019",0,0,1
"26021",0.63,0.24,0.12
"26023",0,0.42,0.58
"26025",0.62,0.08,0.31
"26027",0.36,0.27,0.36
"26029",0,0,1
"26031",0,0,1
"26033",0,0.25,0.75
"26035",0,0,1
"26037",0.45,0.45,0.09
"26039",0,0,1
"26041",0,0.46,0.54
"26043",0,0.71,0.29
"26045",0.5,0.43,0.07
"26047",0,0,1
"26049",0.84,0.15,0.01
"26051",0,0.33,0.67
"26053",0,0,1
"26055",0,0.65,0.35
"26057",0,0.4,0.6
"26059",0,0.33,0.67
"26061",0,0.33,0.67
"26063",0,0,1
"26065",0.86,0.11,0.02
"26067",0,0.77,0.23
"26069",0,0,1
"26071",0,0,1
"26073",0,0.53,0.47
"26075",0.66,0.29,0.05
"26077",0.91,0.09,0
"26079",0,0,1
"26081",0.86,0.14,0
"26083",0,0,1
"26085",0,0,1
"26087",0,0.71,0.29
"26089",0,0.14,0.86
"26091",0,0.52,0.48
"26093",0.08,0.84,0.08
"26095",0,0,1
"26097",0,0,1
"26099",0.97,0.02,0.01
"26101",0,0,1
"26103",0,0.68,0.32
"26105",0,0.33,0.67
"26107",0,0.45,0.55
"26109",0,0.38,0.62
"26111",0.68,0.26,0.05
"26113",0,0,1
"26115",0.67,0.26,0.08
"26117",0,0.15,0.85
"26119",0,0,1
"26121",0.77,0.16,0.07
"26123",0,0.18,0.82
"26125",0.95,0.05,0
"26127",0,0,1
"26129",0,0,1
"26131",0,0,1
"26133",0,0,1
"26135",0,0,1
"26137",0,0,1
"26139",0.83,0.15,0.02
"26141",0,0,1
"26143",0,0,1
"26145",0.68,0.21,0.11
"26147",0.64,0.34,0.02
"26149",0,0.47,0.53
"26151",0.08,0.15,0.77
"26153",0,0,1
"26155",0,0.65,0.35
"26157",0,0.07,0.93
"26159",0.06,0.38,0.56
"26161",0.83,0.16,0.01
"26163",0.99,0,0.01
"26165",0,0.38,0.62
"27001",0,0,1
"27003",0.88,0.12,0
"27005",0,0.1,0.9
"27007",0,0.4,0.6
"27009",0.56,0.33,0.11
"27011",0,0,1
"27013",0.69,0.31,0
"27015",0,0.62,0.38
"27017",0,0.57,0.43
"27019",0.68,0.32,0
"27021",0,0,1
"27023",0,0,1
"27025",0,1,0
"27027",0.77,0.23,0
"27029",0,0,1
"27031",0,0,1
"27033",0,0,1
"27035",0,0.31,0.69
"27037",0.89,0.11,0
"27039",0,1,0
"27041",0,0.44,0.56
"27043",0,0,1
"27045",0,0.33,0.67
"27047",0,0.5,0.5
"27049",0,0.4,0.6
"27051",0,0,1
"27053",0.99,0.01,0
"27055",0.2,0.2,0.6
"27057",0,0,1
"27059",0,0.88,0.12
"27061",0,0,1
"27063",0,0,1
"27065",0,0,1
"27067",0,0.5,0.5
"27069",0,0,1
"27071",0,0,1
"27073",0,0,1
"27075",0,0,1
"27077",0,0,1
"27079",0,0.5,0.5
"27081",0,0,1
"27083",0,0.43,0.57
"27085",0,0.29,0.71
"27087",0,0,1
"27089",0,0,1
"27091",0,0,1
"27093",0,0,1
"27095",0,0.14,0.86
"27097",0,0,1
"27099",0,0.82,0.18
"27101",0,0,1
"27103",0.43,0.43,0.14
"27105",0,0.5,0.5
"27107",0,0,1
"27109",0.82,0.18,0
"27111",0,0.18,0.82
"27113",0,0,1
"27115",0,0.12,0.88
"27117",0,0,1
"27119",0.3,0.1,0.6
"27121",0,0,1
"27123",0.99,0,0.01
"27125",0,0,1
"27127",0,0,1
"27129",0,0,1
"27131",0,0.85,0.15
"27133",0,0.33,0.67
"27135",0,0,1
"27137",0.51,0.22,0.27
"27139",0.76,0.24,0
"27141",0.36,0.64,0
"27143",0,0.5,0.5
"27145",0.55,0.24,0.21
"27147",0,0.62,0.38
"27149",0,0,1
"27151",0,0,1
"27153",0,0,1
"27155",0,0,1
"27157",0,0.67,0.33
"27159",0,0,1
"27161",0,0.2,0.8
"27163",0.82,0.18,0
"27165",0,0,1
"27167",0,0.5,0.5
"27169",0,0.8,0.2
"27171",0.18,0.59,0.24
"27173",0,0,1
"28001",0,0.89,0.11
"28003",0,0.43,0.57
"28005",0,0,1
"28007",0,0,1
"28009",0,1,0
"28011",0,0.5,0.5
"28013",0,0,1
"28015",0,0,1
"28017",0,0,1
"28019",0,0,1
"28021",0,0,1
"28023",0,0,1
"28025",0,0,1
"28027",0,0.71,0.29
"28029",0,0.33,0.67
"28031",0,0.75,0.25
"28033",0.91,0.09,0
"28035",0.88,0.12,0
"28037",0,0,1
"28039",0,0,1
"28041",0,0,1
"28043",0,0.6,0.4
"28045",0.38,0.5,0.12
"28047",0.85,0.13,0.02
"28049",0.91,0.09,0
"28051",0,0.2,0.8
"28053",0,0,1
"28055",0,0,1
"28057",0,0,1
"28059",0.76,0.21,0.03
"28061",0,0,1
"28063",0,0,1
"28065",0,0,1
"28067",0,0.57,0.43
"28069",0,0,1
"28071",0,0.6,0.4
"28073",0.5,0.38,0.12
"28075",0,0.68,0.32
"28077",0,0,1
"28079",0,0.4,0.6
"28081",0,0.63,0.37
"28083",0,0.75,0.25
"28085",0,0.33,0.67
"28087",0,0.5,0.5
"28089",0.67,0.33,0
"28091",0,0,1
"28093",0,1,0
"28095",0,0,1
"28097",0,0,1
"28099",0,0,1
"28101",0,0,1
"28103",0,0,1
"28105",0,0.88,0.12
"28107",0,0.33,0.67
"28109",0,0.33,0.67
"28111",0,1,0
"28113",0,0.5,0.5
"28115",0,0,1
"28117",0,0,1
"28119",0,0,1
"28121",0.74,0.26,0
"28123",0,0.17,0.83
"28125",0,0,1
"28127",0,1,0
"28129",0,0,1
"28131",0,0,1
"28133",0,0.43,0.57
"28135",0,0,1
"28137",0,1,0
"28139",0,0,1
"28141",0,0,1
"28143",0,0,1
"28145",0,0,1
"28147",0,0,1
"28149",0,0.75,0.25
"28151",0,0.68,0.32
"28153",0,0,1
"28155",0,0,1
"28157",0,0,1
"28159",0,0,1
"28161",0,0,1
"28163",0,0.67,0.33
"29001",0,0.71,0.29
"29003",0,1,0
"29005",0,0,1
"29007",0,0.57,0.43
"29009",0,0.14,0.86
"29011",0,0,1
"29013",0,0.5,0.5
"29015",0,0,1
"29017",0,1,0
"29019",0.79,0.17,0.03
"29021",0.88,0.12,0
"29023",0,0.6,0.4
"29025",0,1,0
"29027",0.25,0.5,0.25
"29029",0,0,1
"29031",0.75,0.25,0
"29033",0,0,1
"29035",0,0,1
"29037",0.45,0.55,0
"29039",0,0,1
"29041",0,0,1
"29043",0.71,0.29,0
"29045",0,0,1
"29047",0.86,0.14,0
"29049",0,0.75,0.25
"29051",0.8,0.2,0
"29053",0,0.4,0.6
"29055",0,0,1
"29057",0,0.5,0.5
"29059",0,1,0
"29061",0,0.5,0.5
"29063",0,0.5,0.5
"29065",0,0,1
"29067",0,0.67,0.33
"29069",0,0.3,0.7
"29071",0,0.47,0.53
"29073",0,0,1
"29075",0,0,1
"29077",0.9,0.1,0
"29079",0,0,1
"29081",0,0,1
"29083",0,0,1
"29085",0,0,1
"29087",0,0.33,0.67
"29089",0,0.33,0.67
"29091",0,0.25,0.75
"29093",0,0,1
"29095",0.84,0.14,0.02
"29097",0.73,0.18,0.09
"29099",0.69,0.31,0
"29101",0,0.56,0.44
"29103",0,0,1
"29105",0,0.5,0.5
"29107",0,0.43,0.57
"29109",0,0.29,0.71
"29111",0,0,1
"29113",0,1,0
"29115",0,0,1
"29117",0,0,1
"29119",0,0.75,0.25
"29121",0,0,1
"29123",0,0,1
"29125",0,0.33,0.67
"29127",0,0.62,0.38
"29129",0,0,1
"29131",0,0.2,0.8
"29133",0,0,1
"29135",0,0.75,0.25
"29137",0,0,1
"29139",0,0.25,0.75
"29141",0,0,1
"29143",0,0.17,0.83
"29145",0.17,0.58,0.25
"29147",0,0.4,0.6
"29149",0,0,1
"29151",0,1,0
"29153",0,0,1
"29155",0,0,1
"29157",0,0,1
"29159",0,0.73,0.27
"29161",0,0.4,0.6
"29163",0,0.2,0.8
"29165",0.75,0.25,0
"29167",0,0.25,0.75
"29169",0,0.56,0.44
"29171",0,0,1
"29173",0,0,1
"29175",0,0.67,0.33
"29177",0,0.5,0.5
"29179",0,0.5,0.5
"29181",0,0,1
"29183",0.94,0.06,0
"29185",0,0,1
"29186",0,0.25,0.75
"29187",0,0.82,0.18
"29189",0.98,0.02,0
"29195",0,0.5,0.5
"29197",0,0,1
"29199",0,0,1
"29201",0,0.9,0.1
"29203",0,0,1
"29205",0,0,1
"29207",0,0.12,0.88
"29209",0,0.17,0.83
"29211",0,0,1
"29213",0,0.5,0.5
"29215",0,0,1
"29217",0,0,1
"29219",0,1,0
"29221",0,0.2,0.8
"29223",0,0,1
"29225",0,1,0
"29227",0,0,1
"29229",0,0,1
"29510",1,0,0
"30001",0,0,1
"30003",0,0.4,0.6
"30005",0,0,1
"30007",0,0,1
"30009",0,0.4,0.6
"30011",0,0,1
"30013",0.82,0.18,0
"30015",0,0,1
"30017",0,0,1
"30019",0,0,1
"30021",0,0,1
"30023",0,0,1
"30025",0,0,1
"30027",0,0,1
"30029",0,0.32,0.68
"30031",0,0.59,0.41
"30033",0,0,1
"30035",0,0,1
"30037",0,1,0
"30039",0,0,1
"30041",0,0,1
"30043",0,0,1
"30045",0,0,1
"30047",0,0.12,0.88
"30049",0,0.71,0.29
"30051",0,0,1
"30053",0,0,1
"30055",0,0,1
"30057",0,0,1
"30059",0,0,1
"30061",0,0.5,0.5
"30063",0.8,0.15,0.05
"30065",0,0.5,0.5
"30067",0,0,1
"30069",0,0,1
"30071",0,0,1
"30073",0,0,1
"30075",0,0,1
"30077",0,0,1
"30079",0,0,1
"30081",0,0.2,0.8
"30083",0,0,1
"30085",0,0,1
"30087",0,0,1
"30089",0,0,1
"30091",0,0,1
"30093",0,1,0
"30095",0,0.33,0.67
"30097",0,0,1
"30099",0,0,1
"30101",0,0,1
"30103",0,0,1
"30105",0,0,1
"30107",0,0,1
"30109",0,0,1
"30111",0.84,0.16,0
"31001",0,0.78,0.22
"31003",0,0,1
"31005",0,0,1
"31007",0,0,1
"31009",0,0,1
"31011",0,0,1
"31013",0,0,1
"31015",0,0,1
"31017",0,0,1
"31019",0,0.73,0.27
"31021",0,0,1
"31023",0,0,1
"31025",0,1,0
"31027",0,0,1
"31029",0,0,1
"31031",0,0,1
"31033",0,0,1
"31035",0,0,1
"31037",0,0,1
"31039",0,0,1
"31041",0,0,1
"31043",0.75,0.25,0
"31045",0,0,1
"31047",0,0.29,0.71
"31049",0,0,1
"31051",0,0.5,0.5
"31053",0,0.78,0.22
"31055",0.99,0.01,0
"31057",0,0,1
"31059",0,0,1
"31061",0,0,1
"31063",0,0,1
"31065",0,0,1
"31067",0,0.71,0.29
"31069",0,0,1
"31071",0,0,1
"31073",0,0,1
"31075",0,0,1
"31077",0,0,1
"31079",0.79,0.21,0
"31081",0,0.33,0.67
"31083",0,0,1
"31085",0,0,1
"31087",0,0,1
"31089",0,0,1
"31091",0,0,1
"31093",0,0.5,0.5
"31095",0,0,1
"31097",0,0.5,0.5
"31099",0,0,1
"31101",0,0,1
"31103",0,0,1
"31105",0,0,1
"31107",0,0,1
"31109",0.95,0.05,0
"31111",0,0.62,0.38
"31113",0,0,1
"31115",0,0,1
"31117",0,0,1
"31119",0,0.78,0.22
"31121",0,0.33,0.67
"31123",0,0,1
"31125",0,0,1
"31127",0,0,1
"31129",0,0,1
"31131",0,0.2,0.8
"31133",0,0,1
"31135",0,0,1
"31137",0,0,1
"31139",0,0,1
"31141",0,0.71,0.29
"31143",0,0,1
"31145",0,0,1
"31147",0,0,1
"31149",0,0,1
"31151",0,0,1
"31153",0.95,0.05,0
"31155",0,0.6,0.4
"31157",0,0.64,0.36
"31159",0,0.25,0.75
"31161",0,0,1
"31163",0,0,1
"31165",0,0,1
"31167",0,0.5,0.5
"31169",0,0,1
"31171",0,0,1
"31173",0,0,1
"31175",0,0,1
"31177",0,0.6,0.4
"31179",0,0,1
"31181",0,0,1
"31183",0,0,1
"31185",0,0,1
"32001",0,0.71,0.29
"32003",0.96,0.03,0.01
"32005",0.12,0.47,0.41
"32007",0,0.57,0.43
"32009",0,0,1
"32011",0,0,1
"32013",0,0.75,0.25
"32015",0,0,1
"32017",0,1,0
"32019",0.1,0.7,0.2
"32021",0,0,1
"32023",0,0.6,0.4
"32027",0,0,1
"32029",0,1,0
"32031",0.88,0.07,0.04
"32033",0,0,1
"32510",0.93,0,0.07
"33001",0,0.4,0.6
"33003",0,0.09,0.91
"33005",0,0.31,0.69
"33007",0,0.36,0.64
"33009",0,0.16,0.84
"33011",0.81,0.08,0.1
"33013",0.14,0.39,0.47
"33015",0.82,0.09,0.09
"33017",0.72,0.24,0.04
"33019",0,0,1
"34001",0.87,0.11,0.01
"34003",1,0,0
"34005",0.89,0.1,0.01
"34007",0.99,0.01,0
"34009",0.88,0.09,0.03
"34011",0.46,0.43,0.11
"34013",1,0,0
"34015",0.95,0.05,0
"34017",0.99,0,0.01
"34019",0.62,0.38,0
"34021",0.88,0.12,0
"34023",0.99,0.01,0
"34025",0.97,0.02,0.01
"34027",0.96,0.04,0
"34029",0.92,0.06,0.02
"34031",0.98,0.02,0
"34033",0.4,0.52,0.08
"34035",0.97,0.03,0
"34037",0.29,0.71,0
"34039",1,0,0
"34041",0.57,0.43,0
"35001",0.97,0.03,0
"35003",0,0,1
"35005",0,0.75,0.25
"35006",0,0.71,0.29
"35007",0,0,1
"35009",0,0.92,0.08
"35011",0,0,1
"35013",0.83,0.12,0.05
"35015",0,0.83,0.17
"35017",0,0.5,0.5
"35019",0,0,1
"35021",0,0,1
"35023",0,0,1
"35025",0,0.72,0.28
"35027",0,0,1
"35028",0,0,1
"35029",0,0.83,0.17
"35031",0,0.29,0.71
"35033",0,0,1
"35035",0,0.69,0.31
"35037",0,0,1
"35039",0,0.67,0.33
"35041",0,0.6,0.4
"35043",0.68,0.11,0.21
"35045",0.39,0.33,0.27
"35047",0,0.86,0.14
"35049",0.66,0.3,0.04
"35051",0,0.25,0.75
"35053",0,0.17,0.83
"35055",0,0.5,0.5
"35057",0,0.75,0.25
"35059",0,0,1
"35061",0,1,0
"36001",0.88,0.12,0
"36003",0,0,1
"36005",0.99,0,0.01
"36007",0.84,0.16,0
"36009",0,0.38,0.62
"36011",0,0.45,0.55
"36013",0,0.56,0.44
"36015",0.86,0.14,0
"36017",0,0.25,0.75
"36019",0,0.53,0.47
"36021",0,0.38,0.62
"36023",0,0.67,0.33
"36025",0,0,1
"36027",0.73,0.09,0.18
"36029",0.9,0.07,0.03
"36031",0,0,1
"36033",0,0.21,0.79
"36035",0,0.67,0.33
"36037",0,0.6,0.4
"36039",0,0.47,0.53
"36041",0,0.25,0.75
"36043",0.05,0.68,0.26
"36045",0.5,0.31,0.19
"36047",0.99,0,0.01
"36049",0,0.29,0.71
"36051",0,0.47,0.53
"36053",0,0.62,0.38
"36055",0.92,0.07,0.01
"36057",0,0.75,0.25
"36059",0.98,0,0.02
"36061",0.99,0,0.01
"36063",0.63,0.29,0.08
"36065",0.58,0.31,0.11
"36067",0.89,0.09,0.02
"36069",0.4,0.48,0.12
"36071",0.66,0.27,0.08
"36073",0,0.27,0.73
"36075",0.07,0.63,0.3
"36077",0,0.35,0.65
"36079",0.84,0.16,0
"36081",0.98,0,0.02
"36083",0.67,0.31,0.02
"36085",0.97,0,0.03
"36087",1,0,0
"36089",0,0.21,0.79
"36091",0.78,0.2,0.02
"36093",0.93,0.07,0
"36095",0,1,0
"36097",0,0.2,0.8
"36099",0,0.6,0.4
"36101",0,0.4,0.6
"36103",0.96,0.02,0.02
"36105",0,0.08,0.92
"36107",0.3,0.5,0.2
"36109",0.65,0.35,0
"36111",0.62,0.15,0.23
"36113",0.58,0.21,0.21
"36115",0.24,0.18,0.59
"36117",0.22,0.48,0.3
"36119",0.98,0.01,0.01
"36121",0,0.18,0.82
"36123",0,0.2,0.8
"37001",0.72,0.28,0
"37003",0.14,0.71,0.14
"37005",0,0,1
"37007",0,0.83,0.17
"37009",0,0,1
"37011",0,0,1
"37013",0,0.45,0.55
"37015",0,0,1
"37017",0,0.17,0.83
"37019",0.39,0.36,0.24
"37021",0.89,0.11,0
"37023",0.67,0.33,0
"37025",0.84,0.16,0
"37027",0.76,0.24,0
"37029",0,1,0
"37031",0,0.74,0.26
"37033",0,0.33,0.67
"37035",0.74,0.26,0
"37037",0.23,0.15,0.62
"37039",0,0,1
"37041",0,0,1
"37043",0,0,1
"37045",0.14,0.41,0.45
"37047",0,0.38,0.62
"37049",0.57,0.38,0.05
"37051",0.88,0.09,0.03
"37053",0,0.5,0.5
"37055",0,0.45,0.55
"37057",0.65,0.32,0.03
"37059",0.29,0.29,0.43
"37061",0,0,1
"37063",0.97,0.03,0
"37065",0.29,0.5,0.21
"37067",0.98,0.02,0
"37069",0.08,0.58,0.33
"37071",0.83,0.12,0.05
"37073",0,1,0
"37075",0,0,1
"37077",0,0.46,0.54
"37079",0,0.5,0.5
"37081",0.93,0.06,0.01
"37083",0,0.5,0.5
"37085",0.22,0.63,0.15
"37087",0.56,0.38,0.06
"37089",0.74,0.22,0.04
"37091",0,0,1
"37093",0.44,0.44,0.11
"37095",0,0,1
"37097",0.66,0.34,0
"37099",0,0.44,0.56
"37101",0.28,0.6,0.12
"37103",0,0.67,0.33
"37105",0,0.69,0.31
"37107",0,0.67,0.33
"37109",0.22,0.61,0.17
"37111",0,0.6,0.4
"37113",0,0,1
"37115",0.17,0.83,0
"37117",0,0.17,0.83
"37119",0.99,0,0.01
"37121",0,0,1
"37123",0,0,1
"37125",0,0.5,0.5
"37127",0.56,0.39,0.06
"37129",0.98,0,0.02
"37131",0,0,1
"37133",0.62,0.28,0.09
"37135",0.82,0.18,0
"37137",0,0.4,0.6
"37139",0,0.9,0.1
"37141",0,0.69,0.31
"37143",0,0,1
"37145",0,0.57,0.43
"37147",0.78,0.22,0
"37149",0,0.71,0.29
"37151",0.25,0.43,0.32
"37153",0,0.73,0.27
"37155",0,0.52,0.48
"37157",0,0.62,0.38
"37159",0.77,0.23,0
"37161",0,0.46,0.54
"37163",0,0,1
"37165",0,0.57,0.43
"37167",0,0.54,0.46
"37169",0.22,0.67,0.11
"37171",0,0.59,0.41
"37173",0,0,1
"37175",0,0.71,0.29
"37177",0,0,1
"37179",0.83,0.17,0
"37181",0,0.6,0.4
"37183",0.95,0.04,0.01
"37185",0,0.17,0.83
"37187",0,0,1
"37189",0,0.31,0.69
"37191",0.62,0.31,0.08
"37193",0,0.43,0.57
"37195",0,0.58,0.42
"37197",0,0.86,0.14
"37199",0,0.6,0.4
"38001",0,0,1
"38003",0,0,1
"38005",0,0,1
"38007",0,0,1
"38009",0,0,1
"38011",0,0,1
"38013",0,0,1
"38015",0.79,0.21,0
"38017",0.85,0.12,0.03
"38019",0,0,1
"38021",0,0,1
"38023",0,0,1
"38025",0,0,1
"38027",0,0,1
"38029",0,0,1
"38031",0,0,1
"38033",0,0,1
"38035",0.72,0.17,0.11
"38037",0,0,1
"38039",0,0,1
"38041",0,0,1
"38043",0,0,1
"38045",0,0,1
"38047",0,0,1
"38049",0,0,1
"38051",0,0,1
"38053",0,0,1
"38055",0,0,1
"38057",0,0,1
"38059",0.6,0.2,0.2
"38061",0,0,1
"38063",0,0,1
"38065",0,0,1
"38067",0,0,1
"38069",0,0,1
"38071",0,0,1
"38073",0,0,1
"38075",0,0,1
"38077",0,0.5,0.5
"38079",0,0,1
"38081",0,0,1
"38083",0,0,1
"38085",0,0,1
"38087",0,0,1
"38089",0,0.62,0.38
"38091",0,0,1
"38093",0,0.67,0.33
"38095",0,0,1
"38097",0,0.25,0.75
"38099",0,0,1
"38101",0,0.62,0.38
"38103",0,0,1
"38105",0,0.57,0.43
"39001",0,0,1
"39003",0.73,0.18,0.09
"39005",0,0.55,0.45
"39007",0,0.69,0.31
"39009",0,0.47,0.53
"39011",0.09,0.27,0.64
"39013",0.55,0.35,0.1
"39015",0,1,0
"39017",0.64,0.36,0
"39019",0,0.29,0.71
"39021",0,0.3,0.7
"39023",0.84,0.16,0
"39025",0.75,0.25,0
"39027",0,0.44,0.56
"39029",0,0.5,0.5
"39031",0,0.5,0.5
"39033",0,0.77,0.23
"39035",0.99,0,0.01
"39037",0,0.33,0.67
"39039",0,0.44,0.56
"39041",0.86,0.14,0
"39043",0.05,0.79,0.16
"39045",0.32,0.57,0.11
"39047",0,0.57,0.43
"39049",0.99,0.01,0
"39051",0.11,0.33,0.56
"39053",0,0.29,0.71
"39055",0.29,0.67,0.05
"39057",0.8,0.17,0.03
"39059",0,0.5,0.5
"39061",0.98,0.02,0
"39063",0,0.77,0.23
"39065",0,0,1
"39067",0,0.4,0.6
"39069",0,0,1
"39071",0,0.11,0.89
"39073",0,0,1
"39075",0,0,1
"39077",0,0.38,0.62
"39079",0,0.43,0.57
"39081",0.65,0.3,0.04
"39083",0,0.5,0.5
"39085",0.93,0.05,0.02
"39087",0.75,0.19,0.06
"39089",0.75,0.25,0
"39091",0,0.27,0.73
"39093",0.88,0.05,0.07
"39095",0.95,0.04,0.01
"39097",0,0.92,0.08
"39099",0.87,0.11,0.01
"39101",0,0.83,0.17
"39103",0.68,0.32,0
"39105",0,0,1
"39107",0,0.22,0.78
"39109",0.48,0.52,0
"39111",0,0.25,0.75
"39113",0.95,0.05,0.01
"39115",0,0,1
"39117",0,0.67,0.33
"39119",0,0.63,0.37
"39121",0,0,1
"39123",0.08,0.62,0.31
"39125",0,0,1
"39127",0,0,1
"39129",0.08,0.85,0.08
"39131",0,0,1
"39133",0.63,0.34,0.03
"39135",0,0.33,0.67
"39137",0,0,1
"39139",0.7,0.23,0.07
"39141",0,0.47,0.53
"39143",0,0.53,0.47
"39145",0,0.6,0.4
"39147",0,0.64,0.36
"39149",0,0.5,0.5
"39151",0.81,0.16,0.02
"39153",0.99,0.01,0
"39155",0.78,0.2,0.02
"39157",0,0.67,0.33
"39159",0.1,0.6,0.3
"39161",0,0.44,0.56
"39163",0,0,1
"39165",0.73,0.27,0
"39167",0.12,0.56,0.31
"39169",0.12,0.34,0.53
"39171",0,0,1
"39173",0.43,0.39,0.18
"39175",0,0,1
"40001",0,0,1
"40003",0,0,1
"40005",0,0,1
"40007",0,0,1
"40009",0,0.5,0.5
"40011",0,0,1
"40013",0,0.73,0.27
"40015",0,0.25,0.75
"40017",0.69,0.31,0
"40019",0,0.45,0.55
"40021",0,0.44,0.56
"40023",0,0,1
"40025",0,0,1
"40027",0.87,0.13,0
"40029",0,0,1
"40031",0.84,0.16,0
"40033",0,1,0
"40035",0,0,1
"40037",0.52,0.29,0.19
"40039",0,0.4,0.6
"40041",0,0.11,0.89
"40043",0,0,1
"40045",0,0,1
"40047",0,0.83,0.17
"40049",0,0.11,0.89
"40051",0,0.8,0.2
"40053",0,0,1
"40055",0,0,1
"40057",0,0,1
"40059",0,0,1
"40061",0,0,1
"40063",0,0,1
"40065",0,0.62,0.38
"40067",0,0,1
"40069",0,0,1
"40071",0,0.55,0.45
"40073",0,0.25,0.75
"40075",0,0,1
"40077",0,0,1
"40079",0.08,0.33,0.58
"40081",0,0.29,0.71
"40083",0.25,0.38,0.38
"40085",0,0,1
"40087",0,0.83,0.17
"40089",0,0,1
"40091",0,0.17,0.83
"40093",0,0,1
"40095",0,0,1
"40097",0,0.44,0.56
"40099",0,0,1
"40101",0,0.75,0.25
"40103",0,0,1
"40105",0,0.25,0.75
"40107",0,0,1
"40109",0.96,0.04,0
"40111",0,0.7,0.3
"40113",0.09,0.55,0.36
"40115",0,0.56,0.44
"40117",0,0.6,0.4
"40119",0,0.59,0.41
"40121",0,0.46,0.54
"40123",0,0.5,0.5
"40125",0,0.75,0.25
"40127",0,0,1
"40129",0,0,1
"40131",0.18,0.75,0.07
"40133",0,0,1
"40135",0,0.67,0.33
"40137",0,0.55,0.45
"40139",0,0.4,0.6
"40141",0,0,1
"40143",0.97,0.03,0
"40145",0.59,0.23,0.18
"40147",0,0.85,0.15
"40149",0,0,1
"40151",0,0,1
"40153",0,0.6,0.4
"41001",0,0,1
"41003",0.83,0.11,0.06
"41005",0.71,0.26,0.03
"41007",0,0.33,0.67
"41009",0.1,0.8,0.1
"41011",0,0.57,0.43
"41013",0,0.75,0.25
"41015",0,0.5,0.5
"41017",0.5,0.46,0.04
"41019",0,0.3,0.7
"41021",0,0,1
"41023",0,0,1
"41025",0,0,1
"41027",0,0.5,0.5
"41029",0.83,0.17,0
"41031",0,0.17,0.83
"41033",0.5,0.38,0.12
"41035",0,0.6,0.4
"41037",0,0,1
"41039",0.68,0.26,0.06
"41041",0,0.56,0.44
"41043",0.43,0.29,0.29
"41045",0,0.38,0.62
"41047",0.71,0.21,0.09
"41049",0,0,1
"41051",0.99,0.01,0
"41053",0.33,0.58,0.08
"41055",0,0,1
"41057",0,0,1
"41059",0.13,0.73,0.13
"41061",0,0.62,0.38
"41063",0,0,1
"41065",0,0.62,0.38
"41067",0.94,0.05,0.01
"41069",0,0,1
"41071",0,0.82,0.18
"42001",0.35,0.43,0.22
"42003",0.98,0.01,0
"42005",0.16,0.53,0.32
"42007",0.8,0.2,0
"42009",0,0.18,0.82
"42011",0.76,0.24,0
"42013",0.76,0.15,0.09
"42015",0,0.36,0.64
"42017",0.94,0.04,0.02
"42019",0.34,0.45,0.2
"42021",0.55,0.19,0.26
"42023",0,0,1
"42025",0.25,0.5,0.25
"42027",0.61,0.39,0
"42029",0.88,0.12,0
"42031",0,0,1
"42033",0,0.5,0.5
"42035",0,0.78,0.22
"42037",0.73,0.27,0
"42039",0,0.35,0.65
"42041",0.8,0.2,0
"42043",0.88,0.11,0.02
"42045",0.99,0,0.01
"42047",0,0,1
"42049",0.72,0.24,0.04
"42051",0.58,0.25,0.17
"42053",0,0,1
"42055",0.56,0.44,0
"42057",0,0.33,0.67
"42059",0,0.56,0.44
"42061",0,0.42,0.58
"42063",0,0.57,0.43
"42065",0,0,1
"42067",0,1,0
"42069",0.9,0.1,0
"42071",0.89,0.11,0
"42073",0,0.71,0.29
"42075",0.84,0.16,0
"42077",0.95,0.05,0
"42079",0.86,0.14,0
"42081",0.59,0.28,0.14
"42083",0,0.33,0.67
"42085",0.47,0.33,0.2
"42087",0,0.67,0.33
"42089",0.33,0.42,0.24
"42091",0.91,0.09,0
"42093",0.5,0.25,0.25
"42095",0.94,0.04,0.01
"42097",0.04,0.83,0.12
"42099",0.1,0.9,0
"42101",0.99,0,0.01
"42103",0,0.72,0.28
"42105",0,0,1
"42107",0.03,0.62,0.35
"42109",0,0.5,0.5
"42111",0.05,0.38,0.57
"42113",0,0,1
"42115",0.18,0.64,0.18
"42117",0,0.1,0.9
"42119",0,0.5,0.5
"42121",0,0.5,0.5
"42123",0,0.31,0.69
"42125",0.76,0.22,0.02
"42127",0,0.36,0.64
"42129",0.86,0.14,0
"42131",0,1,0
"42133",0.78,0.18,0.04
"44001",1,0,0
"44003",0.92,0.08,0
"44005",0.91,0.04,0.04
"44007",0.97,0.03,0
"44009",0.7,0.2,0.1
"45001",0,0.5,0.5
"45003",0.67,0.24,0.09
"45005",0,0.33,0.67
"45007",0.69,0.28,0.03
"45009",0,0,1
"45011",0,0,1
"45013",0.46,0.39,0.15
"45015",0.76,0.22,0.02
"45017",0,0.67,0.33
"45019",0.9,0.08,0.02
"45021",0,0.54,0.46
"45023",0,0.45,0.55
"45025",0,0.4,0.6
"45027",0,0.5,0.5
"45029",0,0.5,0.5
"45031",0.31,0.56,0.12
"45033",0,0,1
"45035",0.84,0.08,0.08
"45037",0.17,0.67,0.17
"45039",0,1,0
"45041",0.67,0.21,0.12
"45043",0.13,0.47,0.4
"45045",0.72,0.28,0
"45047",0,0.57,0.43
"45049",0,0.6,0.4
"45051",0.72,0.25,0.03
"45053",0,0.8,0.2
"45055",0.33,0.47,0.2
"45057",0.14,0.43,0.43
"45059",0,0.59,0.41
"45061",0,0.43,0.57
"45063",0.74,0.24,0.01
"45065",0,0.33,0.67
"45067",0,0.12,0.88
"45069",0,0.43,0.57
"45071",0,0.38,0.62
"45073",0,0.47,0.53
"45075",0,0.6,0.4
"45077",0.71,0.29,0
"45079",0.93,0.06,0.01
"45081",0,0.2,0.8
"45083",0.83,0.16,0.01
"45085",0.83,0.17,0
"45087",0,0.56,0.44
"45089",0,0,1
"45091",0.74,0.11,0.15
"46003",0,0,1
"46005",0,0.67,0.33
"46007",0,0,1
"46009",0,0,1
"46011",0,0.67,0.33
"46013",0,0.75,0.25
"46015",0,0,1
"46017",0,0,1
"46019",0,0,1
"46021",0,0,1
"46023",0,0,1
"46025",0,0,1
"46027",0,0.67,0.33
"46029",0,0.71,0.29
"46031",0,0,1
"46033",0,0.5,0.5
"46035",0,0.75,0.25
"46037",0,0,1
"46039",0,0,1
"46041",0,0,1
"46043",0,0,1
"46045",0,0,1
"46047",0,0,1
"46049",0,0,1
"46051",0,0,1
"46053",0,0,1
"46055",0,0,1
"46057",0,0,1
"46059",0,0,1
"46061",0,0,1
"46063",0,0,1
"46065",0,0.75,0.25
"46067",0,0,1
"46069",0,0,1
"46071",0,0,1
"46073",0,0,1
"46075",0,0,1
"46077",0,0,1
"46079",0,0,1
"46081",0,0.6,0.4
"46083",0.27,0.55,0.18
"46085",0,0,1
"46087",0,0.5,0.5
"46089",0,0,1
"46091",0,0,1
"46093",0.2,0.2,0.6
"46095",0,0,1
"46097",0,0,1
"46099",0.81,0.19,0
"46101",0,0,1
"46103",0.83,0.09,0.09
"46105",0,0,1
"46107",0,0,1
"46109",0,0,1
"46111",0,0,1
"46113",0,0,1
"46115",0,0,1
"46117",0,1,0
"46119",0,0,1
"46121",0,0.5,0.5
"46123",0,0,1
"46125",0,0,1
"46127",0.33,0,0.67
"46129",0,0,1
"46135",0,0.6,0.4
"46137",0,0,1
"47001",0.72,0.22,0.06
"47003",0,0.44,0.56
"47005",0,0,1
"47007",0,0.33,0.67
"47009",0.75,0.21,0.04
"47011",0.84,0.16,0
"47013",0,0.82,0.18
"47015",0,1,0
"47017",0,0,1
"47019",0.65,0.35,0
"47021",0,1,0
"47023",0,0.33,0.67
"47025",0,0.22,0.78
"47027",0,0,1
"47029",0,0.33,0.67
"47031",0,0.58,0.42
"47033",0,0.8,0.2
"47035",0,0.43,0.57
"47037",0.96,0.02,0.01
"47039",0,0,1
"47041",0,0,1
"47043",0,0.8,0.2
"47045",0,0.5,0.5
"47047",0,1,0
"47049",0,0,1
"47051",0,0.22,0.78
"47053",0,0.07,0.93
"47055",0,0.12,0.88
"47057",0,1,0
"47059",0,0.4,0.6
"47061",0,0,1
"47063",0.92,0.08,0
"47065",0.93,0.07,0
"47067",0,1,0
"47069",0,0.17,0.83
"47071",0,0,1
"47073",0.38,0.31,0.31
"47075",0,0,1
"47077",0,0,1
"47079",0,0.33,0.67
"47081",0,0.33,0.67
"47083",0,0.67,0.33
"47085",0,0,1
"47087",0,0,1
"47089",0.22,0.44,0.33
"47091",0,0,1
"47093",0.93,0.07,0
"47095",0,0,1
"47097",0,0,1
"47099",0,0.36,0.64
"47101",0,0,1
"47103",0,0,1
"47105",0.7,0.3,0
"47107",0,0.6,0.4
"47109",0,0,1
"47111",0,0.25,0.75
"47113",0.7,0.26,0.04
"47115",0,0.5,0.5
"47117",0,0.83,0.17
"47119",0,0.76,0.24
"47121",0,0.33,0.67
"47123",0,0.14,0.86
"47125",0.9,0.1,0
"47127",0,0,1
"47129",0,1,0
"47131",0,0.3,0.7
"47133",0,0,1
"47135",0,0.5,0.5
"47137",0,0,1
"47139",0,0.8,0.2
"47141",0,0.67,0.33
"47143",0,0.5,0.5
"47145",0.09,0.82,0.09
"47147",0.29,0.64,0.07
"47149",0.92,0.08,0
"47151",0,0.4,0.6
"47153",0,1,0
"47155",0.17,0.39,0.44
"47157",0.97,0.02,0.01
"47159",0,0,1
"47161",0,0.4,0.6
"47163",0.85,0.15,0
"47165",0.64,0.36,0
"47167",0,0.77,0.23
"47169",0,0.5,0.5
"47171",0,0.5,0.5
"47173",0,1,0
"47175",0,0,1
"47177",0,0.44,0.56
"47179",0.78,0.22,0
"47181",0,0.25,0.75
"47183",0,0.36,0.64
"47185",0,0,1
"47187",0.81,0.19,0
"47189",0.38,0.48,0.14
"48001",0,0.45,0.55
"48003",0,1,0
"48005",0,0.65,0.35
"48007",0,0.83,0.17
"48009",0.33,0.67,0
"48011",0,1,0
"48013",0,1,0
"48015",0,0,1
"48017",0,0,1
"48019",0,0.8,0.2
"48021",0,1,0
"48023",0,0,1
"48025",0,0.57,0.43
"48027",0.88,0.08,0.05
"48029",0.96,0.04,0.01
"48031",0,0,1
"48033",0,0,1
"48035",0,0.43,0.57
"48037",0.61,0.33,0.06
"48039",0.75,0.24,0.02
"48041",0.9,0.07,0.02
"48043",0,0,1
"48045",0,0,1
"48047",0,0,1
"48049",0,0.67,0.33
"48051",0,0.8,0.2
"48053",0,0.25,0.75
"48055",0.12,0.75,0.12
"48057",0,0.5,0.5
"48059",0,1,0
"48061",0.91,0.07,0.02
"48063",0,0,1
"48065",0,0.5,0.5
"48067",0,0.14,0.86
"48069",0,0,1
"48071",0.14,0.57,0.29
"48073",0,0.5,0.5
"48075",0,0,1
"48077",0,1,0
"48079",0,0,1
"48081",0,0.5,0.5
"48083",0,0,1
"48085",0.78,0.22,0
"48087",0,0,1
"48089",0,0,1
"48091",0.54,0.46,0
"48093",0,0,1
"48095",0,1,0
"48097",0,0.62,0.38
"48099",0.63,0.21,0.16
"48101",0,0,1
"48103",0,0,1
"48105",0,0,1
"48107",0,0.67,0.33
"48109",0,0,1
"48111",0,0,1
"48113",1,0,0
"48115",0,0.75,0.25
"48117",0,0.75,0.25
"48119",0,0,1
"48121",0.94,0.06,0
"48123",0,0,1
"48125",0,0,1
"48127",0,0,1
"48129",0,0,1
"48131",0,0,1
"48133",0,0,1
"48135",0.93,0.07,0
"48137",0,0,1
"48139",0.61,0.39,0
"48141",0.96,0.03,0.01
"48143",0,0.38,0.62
"48145",0,0.67,0.33
"48147",0,0.22,0.78
"48149",0,0,1
"48151",0,0,1
"48153",0,0,1
"48155",0,0,1
"48157",0.93,0.07,0
"48159",0,0,1
"48161",0,0,1
"48163",0,0,1
"48165",0,0,1
"48167",0.25,0.7,0.04
"48169",0,0,1
"48171",0,0.6,0.4
"48173",0,0,1
"48175",0,0.5,0.5
"48177",0,0,1
"48179",0,0.86,0.14
"48181",0.65,0.23,0.12
"48183",0.84,0.16,0
"48185",0,0.83,0.17
"48187",0.59,0.31,0.1
"48189",0,0.78,0.22
"48191",0,0,1
"48193",0,0,1
"48195",0,0,1
"48197",0,0,1
"48199",0.36,0.55,0.09
"48201",0.99,0.01,0
"48203",0.07,0.79,0.14
"48205",0,0,1
"48207",0,0,1
"48209",0.72,0.2,0.08
"48211",0,0,1
"48213",0,0.53,0.47
"48215",0.96,0.03,0.01
"48217",0,0.36,0.64
"48219",0,0.86,0.14
"48221",0,0.9,0.1
"48223",0,0.44,0.56
"48225",0,0,1
"48227",0,0.8,0.2
"48229",0,1,0
"48231",0,0.63,0.37
"48233",0,0.86,0.14
"48235",0,1,0
"48237",0,0,1
"48239",0,0.67,0.33
"48241",0,0.25,0.75
"48243",0,0,1
"48245",0.93,0.04,0.03
"48247",0,0,1
"48249",0,0.71,0.29
"48251",0.36,0.61,0.04
"48253",0,0.33,0.67
"48255",0,0.25,0.75
"48257",0,0.94,0.06
"48259",0,0.83,0.17
"48261",0,0,1
"48263",0,0,1
"48265",0,0.7,0.3
"48267",0,0,1
"48269",0,0,1
"48271",0,0,1
"48273",0,0.67,0.33
"48275",0,0,1
"48277",0,0.67,0.33
"48279",0,0,1
"48281",0,0.4,0.6
"48283",0,0,1
"48285",0,0,1
"48287",0,0.25,0.75
"48289",0,0,1
"48291",0,0.64,0.36
"48293",0,0.12,0.88
"48295",0,0,1
"48297",0,0.5,0.5
"48299",0,0,1
"48301",0,1,0
"48303",0.88,0.1,0.01
"48305",0,0.67,0.33
"48307",0,0,1
"48309",0.75,0.24,0.02
"48311",0,0,1
"48313",0,0.25,0.75
"48315",0,0.5,0.5
"48317",0,1,0
"48319",0,0,1
"48321",0,0.55,0.45
"48323",0,1,0
"48325",0,0.62,0.38
"48327",0,0,1
"48329",0.93,0.04,0.04
"48331",0,0.29,0.71
"48333",0,0,1
"48335",0,0,1
"48337",0,0,1
"48339",0.76,0.22,0.02
"48341",0,0.5,0.5
"48343",0,0,1
"48345",0,0,1
"48347",0,0.62,0.38
"48349",0,0.6,0.4
"48351",0,0.75,0.25
"48353",0,0.6,0.4
"48355",0.89,0.07,0.04
"48357",0,0,1
"48359",0,0,1
"48361",0.71,0.29,0
"48363",0,0.67,0.33
"48365",0,0.33,0.67
"48367",0.16,0.79,0.05
"48369",0,0,1
"48371",0,0,1
"48373",0,0.2,0.8
"48375",0.94,0.03,0.03
"48377",0,0,1
"48379",0,0,1
"48381",0.79,0.21,0
"48383",0,0,1
"48385",0,0,1
"48387",0,0,1
"48389",0,0.8,0.2
"48391",0,0,1
"48393",0,0,1
"48395",0,0.8,0.2
"48397",1,0,0
"48399",0,0.25,0.75
"48401",0,0.62,0.38
"48403",0,0.33,0.67
"48405",0,0,1
"48407",0,0.75,0.25
"48409",0.31,0.5,0.19
"48411",0,0,1
"48413",0,0,1
"48415",0,0.75,0.25
"48417",0,0,1
"48419",0,0,1
"48421",0,0,1
"48423",0.78,0.22,0
"48425",0,1,0
"48427",0,0.93,0.07
"48429",0,0,1
"48431",0,0,1
"48433",0,0,1
"48435",0,0,1
"48437",0,0.33,0.67
"48439",1,0,0
"48441",0.87,0.08,0.05
"48443",0,0,1
"48445",0,0,1
"48447",0,0,1
"48449",0,0.62,0.38
"48451",0.88,0.12,0
"48453",0.94,0.06,0
"48455",0,0,1
"48457",0,0.4,0.6
"48459",0.14,0.71,0.14
"48461",0,0,1
"48463",0,0.8,0.2
"48465",0,1,0
"48467",0,0.8,0.2
"48469",0.74,0.22,0.04
"48471",0,0.6,0.4
"48473",0.17,0.67,0.17
"48475",0,0,1
"48477",0,0.67,0.33
"48479",0.92,0.08,0
"48481",0,0.45,0.55
"48483",0,0,1
"48485",0.84,0.11,0.05
"48487",0,0.75,0.25
"48489",0,0.83,0.17
"48491",0.83,0.17,0
"48493",0,1,0
"48495",0,0,1
"48497",0,0.36,0.64
"48499",0,0,1
"48501",0,0,1
"48503",0,0,1
"48505",0,1,0
"48507",0,0,1
"49001",0,0,1
"49003",0.64,0.09,0.27
"49005",0.88,0.12,0
"49007",0,0.8,0.2
"49009",0,0,1
"49011",1,0,0
"49013",0,0,1
"49015",0,0,1
"49017",0,0,1
"49019",0,0,1
"49021",0,0.88,0.12
"49023",0,0.5,0.5
"49025",0,0,1
"49027",0,0,1
"49029",0,1,0
"49031",0,0,1
"49033",0,0,1
"49035",1,0,0
"49037",0,0,1
"49039",0,0,1
"49041",0,0,1
"49043",0,0.69,0.31
"49045",0,0.73,0.27
"49047",0,0.67,0.33
"49049",0.94,0.05,0.01
"49051",0,1,0
"49053",0.76,0.24,0
"49055",0,0,1
"49057",0.98,0.02,0
"50001",0,0.4,0.6
"50003",0,0.33,0.67
"50005",0,0,1
"50007",0.77,0.2,0.03
"50009",0,0,1
"50011",0,0.2,0.8
"50013",0,1,0
"50015",0,0.14,0.86
"50017",0,0,1
"50019",0,0,1
"50021",0,0.3,0.7
"50023",0,0.42,0.58
"50025",0,0,1
"50027",0,0.11,0.89
"51001",0,0,1
"51003",0.55,0.45,0
"51005",0,0.17,0.83
"51007",0,1,0
"51009",0.56,0.33,0.11
"51011",0,0.67,0.33
"51013",1,0,0
"51015",0.15,0.77,0.08
"51017",0,0,1
"51019",0.12,0.69,0.19
"51021",0,0.5,0.5
"51023",0.38,0.62,0
"51025",0,0,1
"51027",0,0,1
"51029",0,1,0
"51031",0.42,0.5,0.08
"51033",0,0.57,0.43
"51035",0,0,1
"51036",0,1,0
"51037",0,0,1
"51041",0.99,0.01,0
"51043",0,1,0
"51045",0,1,0
"51047",0,0.5,0.5
"51049",0,0.5,0.5
"51051",0,0,1
"51053",0.29,0.57,0.14
"51057",0,0.67,0.33
"51059",0.98,0.01,0
"51061",0.29,0.71,0
"51063",0,0.67,0.33
"51065",0,1,0
"51067",0,0.9,0.1
"51069",0.57,0.43,0
"51071",0,1,0
"51073",0.38,0.62,0
"51075",0,0.8,0.2
"51077",0,0,1
"51079",0,1,0
"51081",0,0,1
"51083",0,0,1
"51085",0.61,0.39,0
"51087",0.95,0.03,0.02
"51089",0,0.57,0.43
"51091",0,0,1
"51093",0.12,0.88,0
"51095",0.91,0.09,0
"51097",0,0.5,0.5
"51099",0,0.2,0.8
"51101",0,0.75,0.25
"51103",0,0,1
"51105",0,0.17,0.83
"51107",0.85,0.15,0
"51109",0,0.5,0.5
"51111",0,0.33,0.67
"51113",0,0,1
"51115",0,0.67,0.33
"51117",0,0,1
"51119",0,0.2,0.8
"51121",0.81,0.19,0
"51125",0,0.67,0.33
"51127",0,1,0
"51131",0,0,1
"51133",0,0,1
"51135",0,0.75,0.25
"51137",0,0.4,0.6
"51139",0,0.2,0.8
"51141",0,0,1
"51143",0,0.12,0.88
"51145",0,1,0
"51147",0,0,1
"51149",0.71,0.29,0
"51153",0.95,0.04,0.01
"51155",0.1,0.8,0.1
"51157",0,0.5,0.5
"51159",0,0,1
"51161",0.89,0.11,0
"51163",0,0,1
"51165",0.21,0.79,0
"51167",0,0.86,0.14
"51169",0.33,0.67,0
"51171",0,0.11,0.89
"51173",0,0,1
"51175",0,0.2,0.8
"51177",0.73,0.23,0.03
"51179",0.85,0.15,0
"51181",0,0,1
"51183",0,0.6,0.4
"51185",0,0.18,0.82
"51187",0,0.75,0.25
"51191",0.38,0.62,0
"51193",0,0,1
"51195",0,0.18,0.82
"51197",0,0,1
"51199",0.87,0.07,0.07
"51510",1,0,0
"51515",0,0,1
"51520",1,0,0
"51530",0,0,1
"51540",1,0,0
"51550",0.95,0.05,0
"51570",1,0,0
"51580",0,0,1
"51590",0,0.94,0.06
"51595",0,0,1
"51600",1,0,0
"51610",1,0,0
"51620",0,0,1
"51630",1,0,0
"51640",0,0,1
"51650",0.97,0,0.03
"51660",1,0,0
"51670",0.86,0,0.14
"51678",0,0,1
"51680",1,0,0
"51683",1,0,0
"51685",1,0,0
"51690",0,1,0
"51700",1,0,0
"51710",0.98,0,0.02
"51720",0,1,0
"51730",1,0,0
"51735",0.75,0,0.25
"51740",1,0,0
"51750",1,0,0
"51760",1,0,0
"51770",1,0,0
"51775",1,0,0
"51790",1,0,0
"51800",0.71,0.29,0
"51810",0.98,0.01,0.01
"51820",1,0,0
"51830",1,0,0
"51840",1,0,0
"53001",0,0.6,0.4
"53003",1,0,0
"53005",0.81,0.14,0.05
"53007",0.5,0.29,0.21
"53009",0,0.59,0.41
"53011",0.89,0.11,0
"53013",0,0,1
"53015",0.67,0.33,0
"53017",0.75,0,0.25
"53019",0,0,1
"53021",0.77,0.08,0.15
"53023",0,0,1
"53025",0,0.31,0.69
"53027",0,0.59,0.41
"53029",0,0.73,0.27
"53031",0,0,1
"53033",0.97,0.03,0
"53035",0.87,0.11,0.02
"53037",0,0.5,0.5
"53039",0,0.33,0.67
"53041",0,0.45,0.55
"53043",0,0.25,0.75
"53045",0,0.57,0.43
"53047",0,0,1
"53049",0,0,1
"53051",0,0.4,0.6
"53053",0.95,0.05,0
"53055",0,0,1
"53057",0.5,0.43,0.07
"53059",0,0.6,0.4
"53061",0.65,0.34,0.01
"53063",0.89,0.11,0
"53065",0,0.25,0.75
"53067",0.74,0.24,0.02
"53069",0,0,1
"53071",0.92,0.08,0
"53073",0.62,0.35,0.03
"53075",0,0.6,0.4
"53077",0.56,0.31,0.13
"54001",0,0,1
"54003",0.86,0.14,0
"54005",0,1,0
"54007",0,0,1
"54009",0.67,0.33,0
"54011",0.93,0.07,0
"54013",0,0.5,0.5
"54015",0,1,0
"54017",0,0,1
"54019",0.5,0.42,0.08
"54021",0,0,1
"54023",0,0,1
"54025",0,0,1
"54027",0,0.8,0.2
"54029",0.5,0.5,0
"54031",0,0,1
"54033",0,0.73,0.27
"54035",0,0.83,0.17
"54037",0,0.93,0.07
"54039",0.85,0.15,0
"54041",0,0,1
"54043",0,1,0
"54045",0,0.67,0.33
"54047",0,0.12,0.88
"54049",0,0.78,0.22
"54051",0.78,0.22,0
"54053",0,0.33,0.67
"54055",0,0.81,0.19
"54057",0.14,0.43,0.43
"54059",0,0,1
"54061",0.79,0.21,0
"54063",0,0,1
"54065",0,0.25,0.75
"54067",0,0.14,0.86
"54069",0.89,0.11,0
"54071",0,0.67,0.33
"54073",0,1,0
"54075",0,0.25,0.75
"54077",0,0.5,0.5
"54079",0.9,0.1,0
"54081",0.82,0.18,0
"54083",0,0.57,0.43
"54085",0,1,0
"54087",0,0.5,0.5
"54089",0,0.5,0.5
"54091",0,1,0
"54093",0,0,1
"54095",0,0,1
"54097",0,0,1
"54099",0.45,0.55,0
"54101",0,0,1
"54103",0,0,1
"54105",0,1,0
"54107",0.85,0.15,0
"54109",0,1,0
"55001",0,0,1
"55003",0,0,1
"55005",0,0,1
"55007",0,0,1
"55009",0.91,0.09,0
"55011",0,0,1
"55013",0,0,1
"55015",0.55,0,0.45
"55017",0.45,0.36,0.18
"55019",0,0,1
"55021",0,0.67,0.33
"55023",0,0,1
"55025",0.86,0.11,0.03
"55027",0,0.45,0.55
"55029",0,0,1
"55031",0.69,0.23,0.08
"55033",0,0.5,0.5
"55035",0.85,0.1,0.05
"55037",0,0,1
"55039",0.6,0.25,0.15
"55041",0,0,1
"55043",0,0.33,0.67
"55045",0,0.62,0.38
"55047",0,0,1
"55049",0,0.33,0.67
"55051",0,0,1
"55053",0,0,1
"55055",0.05,0.65,0.3
"55057",0,0,1
"55059",0.75,0.19,0.06
"55061",0,0.2,0.8
"55063",0.88,0.12,0
"55065",0,0,1
"55067",0,0,1
"55069",0,0.3,0.7
"55071",0,0.65,0.35
"55073",0.67,0.22,0.11
"55075",0,0.31,0.69
"55077",0,0,1
"55078",0,0,1
"55079",0.99,0,0.01
"55081",0,0,1
"55083",0,0.18,0.82
"55085",0,0,1
"55087",0.8,0.17,0.03
"55089",0.79,0.16,0.05
"55091",0,0,1
"55093",0,0.38,0.62
"55095",0,0,1
"55097",0,0.71,0.29
"55099",0,0,1
"55101",0.76,0.16,0.09
"55103",0,0,1
"55105",0.79,0.16,0.05
"55107",0,0,1
"55109",0,0.71,0.29
"55111",0,0.23,0.77
"55113",0,0,1
"55115",0,0.27,0.73
"55117",0.59,0.26,0.15
"55119",0,0,1
"55121",0,0.5,0.5
"55123",0,0.29,0.71
"55125",0,0,1
"55127",0,0.77,0.23
"55129",0,0,1
"55131",0.86,0.14,0
"55133",0.92,0.08,0
"55135",0,0.08,0.92
"55137",0,0,1
"55139",0.88,0.12,0
"55141",0,0.71,0.29
"56001",0,0.9,0.1
"56003",0,0,1
"56005",0,0.86,0.14
"56007",0,0,1
"56009",0,0.25,0.75
"56011",0,0,1
"56013",0,0.3,0.7
"56015",0,0,1
"56017",0,0,1
"56019",0,0,1
"56021",0.81,0.14,0.05
"56023",0,0,1
"56025",0.89,0.11,0
"56027",0,0,1
"56029",0,0,1
"56031",0,0,1
"56033",0,0.67,0.33
"56035",0,0,1
"56037",0,0.92,0.08
"56039",0,0.75,0.25
"56041",0,0.67,0.33
"56043",0,0,1
"56045",0,0,1
"72001",0,0.83,0.17
"72003",0.9,0,0.1
"72005",0.94,0,0.06
"72007",1,0,0
"72009",1,0,0
"72011",0.75,0,0.25
"72013",0.96,0,0.04
"72015",0.8,0,0.2
"72017",0.8,0,0.2
"72019",1,0,0
"72021",1,0,0
"72023",0.83,0,0.17
"72025",1,0,0
"72027",0.75,0,0.25
"72029",1,0,0
"72031",0.98,0,0.02
"72033",0.72,0,0.28
"72035",1,0,0
"72037",0.6,0,0.4
"72039",1,0,0
"72041",1,0,0
"72043",0.11,0.78,0.11
"72045",1,0,0
"72047",1,0,0
"72049",0,0,1
"72051",0.88,0,0.12
"72053",0.9,0,0.1
"72054",1,0,0
"72055",0.88,0,0.12
"72057",0.9,0,0.1
"72059",0.83,0,0.17
"72061",1,0,0
"72063",1,0,0
"72065",0.86,0,0.14
"72067",1,0,0
"72069",0.92,0,0.08
"72071",0.9,0,0.1
"72073",0,1,0
"72075",0.92,0,0.08
"72077",1,0,0
"72079",0.83,0,0.17
"72081",0.75,0,0.25
"72083",0.67,0,0.33
"72085",1,0,0
"72087",0.91,0,0.09
"72089",0.83,0,0.17
"72091",0.9,0,0.1
"72093",0,0,1
"72095",0,0,1
"72097",0.96,0,0.04
"72099",1,0,0
"72101",1,0,0
"72103",0.8,0,0.2
"72105",1,0,0
"72107",0.86,0,0.14
"72109",0.8,0,0.2
"72111",0.86,0,0.14
"72113",0.96,0.02,0.02
"72115",0.8,0,0.2
"72117",0.75,0,0.25
"72119",0.92,0,0.08
"72121",1,0,0
"72123",0.25,0.62,0.12
"72125",1,0,0
"72127",0.96,0,0.04
"72129",1,0,0
"72131",1,0,0
"72133",0,0.83,0.17
"72135",1,0,0
"72137",0.96,0,0.04
"72139",1,0,0
"72141",0.75,0,0.25
"72143",0.88,0,0.12
"72145",0.93,0,0.07
"72147",0,0,1
"72149",1,0,0
"72151",0.89,0,0.11
"72153",0.91,0,0.09
