COUNTYFP,year,unempP,povP,pciE
01001,2018,4.2,15.4,29372.0
01003,2018,4.4,10.6,31203.0
01005,2018,9.5,28.9,18461.0
01007,2018,7.5,14.0,20199.0
01009,2018,4.1,14.4,22656.0
01011,2018,11.1,31.4,20346.0
01013,2018,6.7,23.5,20430.0
01015,2018,8.8,18.6,24706.0
01017,2018,5.0,16.6,22827.0
01019,2018,5.6,15.0,23356.0
01021,2018,7.1,18.6,24611.0
01023,2018,10.6,22.2,22182.0
01025,2018,14.4,25.4,21111.0
01027,2018,6.4,18.4,23147.0
01029,2018,7.5,18.5,21989.0
01031,2018,5.9,15.1,27577.0
01033,2018,5.9,16.3,24918.0
01035,2018,11.5,22.2,17542.0
01037,2018,5.8,14.0,22963.0
01039,2018,8.7,18.3,23071.0
01041,2018,5.8,15.7,23353.0
01043,2018,5.5,15.8,22980.0
01045,2018,8.8,18.4,23837.0
01047,2018,11.8,31.1,18910.0
01049,2018,4.5,22.1,21004.0
01051,2018,6.2,12.3,27475.0
01053,2018,13.5,24.0,18161.0
01055,2018,6.5,17.3,24065.0
01057,2018,7.0,20.0,21862.0
01059,2018,6.1,20.2,19776.0
01061,2018,8.6,24.0,20471.0
01063,2018,15.8,38.7,14209.0
01065,2018,11.9,26.0,20272.0
01067,2018,6.7,13.5,24069.0
01069,2018,7.0,18.3,25990.0
01071,2018,5.9,20.2,21608.0
01073,2018,7.3,17.0,30657.0
01075,2018,8.0,21.2,21666.0
01077,2018,5.3,15.2,27189.0
01079,2018,5.7,16.8,23557.0
01081,2018,5.7,21.4,26960.0
01083,2018,6.9,13.7,27699.0
01085,2018,11.5,27.9,19491.0
01087,2018,12.1,25.8,20125.0
01089,2018,5.8,13.2,35526.0
01091,2018,9.7,21.8,23056.0
01093,2018,5.6,17.5,21391.0
01095,2018,5.1,21.7,23833.0
01097,2018,6.2,19.3,25215.0
01099,2018,17.5,30.9,18890.0
01101,2018,7.6,20.7,28008.0
01103,2018,5.2,15.3,25907.0
01105,2018,12.3,41.8,13678.0
01107,2018,10.6,23.5,22417.0
01109,2018,8.0,26.6,21137.0
01111,2018,5.0,17.7,23247.0
01113,2018,7.8,20.1,22055.0
01115,2018,5.3,13.2,24861.0
01117,2018,4.0,8.4,36576.0
01119,2018,12.1,31.3,15882.0
01121,2018,8.8,19.9,22498.0
01123,2018,10.4,20.3,23655.0
01125,2018,6.3,17.4,26064.0
01127,2018,8.8,19.7,22772.0
01129,2018,8.5,21.0,22776.0
01131,2018,15.5,31.1,16584.0
01133,2018,7.6,16.2,21799.0
02013,2018,3.5,15.4,32510.0
02016,2018,2.0,8.5,37070.0
02020,2018,5.6,9.2,39839.0
02050,2018,18.3,27.8,19760.0
02060,2018,8.1,5.8,45259.0
02068,2018,3.0,16.9,34956.0
02070,2018,11.9,17.2,25334.0
02090,2018,7.0,8.1,36374.0
02100,2018,3.7,9.0,33521.0
02105,2018,10.9,9.7,35355.0
02110,2018,5.8,7.9,43276.0
02122,2018,7.8,12.0,33820.0
02130,2018,6.6,10.5,34900.0
02150,2018,5.2,9.3,32516.0
02158,2018,28.9,40.5,12578.0
02164,2018,15.7,15.9,24571.0
02170,2018,9.5,10.3,30943.0
02180,2018,16.7,23.1,22293.0
02185,2018,9.0,9.3,49903.0
02188,2018,18.7,25.1,23230.0
02195,2018,4.3,8.2,33227.0
02198,2018,12.1,15.2,27236.0
02220,2018,4.4,7.5,38423.0
02230,2018,6.8,5.3,39842.0
02240,2018,10.2,10.8,32409.0
02261,2018,6.6,8.1,38507.0
02275,2018,5.6,7.8,31489.0
02282,2018,6.1,6.7,31878.0
02290,2018,18.8,25.1,22386.0
04001,2018,12.0,35.3,14499.0
04003,2018,7.2,17.2,25436.0
04005,2018,7.5,18.9,26387.0
04007,2018,10.2,22.5,22939.0
04009,2018,9.4,21.3,18113.0
04011,2018,6.9,11.9,25349.0
04012,2018,8.0,22.1,21845.0
04013,2018,5.5,14.7,31697.0
04015,2018,8.9,17.5,24829.0
04017,2018,14.8,28.5,18333.0
04019,2018,7.6,17.8,28480.0
04021,2018,7.8,14.2,23653.0
04023,2018,8.3,24.0,20324.0
04025,2018,6.7,14.0,28829.0
04027,2018,9.9,20.1,21178.0
05001,2018,6.3,20.0,24714.0
05003,2018,6.9,20.2,22052.0
05005,2018,4.3,14.0,26004.0
05007,2018,2.7,9.9,32624.0
05009,2018,4.4,14.9,23998.0
05011,2018,8.0,23.2,22411.0
05013,2018,6.1,15.6,24509.0
05015,2018,4.7,15.0,24185.0
05017,2018,9.7,29.2,21843.0
05019,2018,2.7,19.8,21571.0
05021,2018,5.0,22.6,20353.0
05023,2018,4.7,14.6,26620.0
05025,2018,5.5,19.4,23538.0
05027,2018,10.2,25.2,21372.0
05029,2018,5.9,18.2,23750.0
05031,2018,5.8,18.4,26432.0
05033,2018,5.1,15.9,23851.0
05035,2018,9.4,22.2,21882.0
05037,2018,5.7,16.7,24486.0
05039,2018,4.9,14.3,19401.0
05041,2018,10.7,29.1,18475.0
05043,2018,5.8,21.4,23005.0
05045,2018,4.7,16.8,26163.0
05047,2018,3.0,21.9,20262.0
05049,2018,6.6,23.9,19413.0
05051,2018,7.1,18.6,26791.0
05053,2018,7.1,14.5,25907.0
05055,2018,7.0,16.3,22874.0
05057,2018,5.5,24.3,20168.0
05059,2018,7.5,17.6,21064.0
05061,2018,6.4,19.2,24590.0
05063,2018,4.9,17.3,23426.0
05065,2018,9.3,17.1,20501.0
05067,2018,6.6,23.3,19848.0
05069,2018,10.0,23.2,20925.0
05071,2018,4.1,22.4,19681.0
05073,2018,5.8,22.2,26005.0
05075,2018,7.2,17.7,20451.0
05077,2018,15.3,26.0,15771.0
05079,2018,3.5,18.6,13636.0
05081,2018,10.8,15.8,26216.0
05083,2018,8.8,21.1,22221.0
05085,2018,4.2,12.2,26222.0
05087,2018,6.4,16.8,23875.0
05089,2018,7.9,20.6,19710.0
05091,2018,8.1,21.2,22938.0
05093,2018,9.3,25.8,20879.0
05095,2018,6.8,28.1,22274.0
05097,2018,5.7,18.9,22347.0
05099,2018,5.6,27.7,18618.0
05101,2018,2.0,14.2,18907.0
05103,2018,7.2,24.1,21520.0
05105,2018,6.8,17.0,21699.0
05107,2018,10.5,33.2,18402.0
05109,2018,4.5,16.6,21919.0
05111,2018,5.9,21.8,19413.0
05113,2018,9.0,24.5,20176.0
05115,2018,6.2,18.5,22110.0
05117,2018,6.4,15.7,24075.0
05119,2018,5.2,17.0,31359.0
05121,2018,4.2,18.3,21338.0
05123,2018,8.0,26.6,17491.0
05125,2018,3.9,8.5,29358.0
05127,2018,10.3,22.1,17375.0
05129,2018,3.0,21.1,20709.0
05131,2018,4.9,20.3,25084.0
05133,2018,5.2,21.0,20627.0
05135,2018,5.0,21.6,20721.0
05137,2018,6.4,22.5,20496.0
05139,2018,7.3,20.1,24522.0
05141,2018,7.2,18.8,21622.0
05143,2018,4.4,16.8,27823.0
05145,2018,5.8,17.0,23747.0
05147,2018,8.9,25.0,21276.0
05149,2018,5.6,16.3,21584.0
06001,2018,5.1,10.6,44283.0
06003,2018,17.8,19.8,29041.0
06005,2018,8.6,9.7,30100.0
06007,2018,8.7,20.1,27537.0
06009,2018,6.1,11.7,32494.0
06011,2018,5.1,13.8,27336.0
06013,2018,6.1,9.1,45524.0
06015,2018,8.3,22.5,22832.0
06017,2018,6.2,8.9,40382.0
06019,2018,9.4,24.1,23284.0
06021,2018,6.8,18.8,21736.0
06023,2018,8.0,20.3,26747.0
06025,2018,15.3,24.2,17590.0
06027,2018,5.2,10.2,31540.0
06029,2018,10.3,22.0,22553.0
06031,2018,8.4,20.8,21186.0
06033,2018,9.8,21.0,25404.0
06035,2018,6.1,13.8,21897.0
06037,2018,6.8,16.0,32469.0
06039,2018,8.3,20.8,21394.0
06041,2018,3.8,7.6,69275.0
06043,2018,8.7,14.0,29776.0
06045,2018,9.2,18.5,27395.0
06047,2018,12.7,22.7,21634.0
06049,2018,8.1,16.6,23235.0
06051,2018,3.1,10.4,33421.0
06053,2018,5.4,14.1,28836.0
06055,2018,5.0,8.1,42677.0
06057,2018,6.4,11.4,37145.0
06059,2018,5.1,11.5,39590.0
06061,2018,4.9,8.0,41508.0
06063,2018,6.4,11.7,32710.0
06065,2018,8.6,14.7,27142.0
06067,2018,7.4,15.8,31311.0
06069,2018,7.4,9.2,31475.0
06071,2018,8.8,17.3,23956.0
06073,2018,6.4,12.5,36156.0
06075,2018,4.7,10.9,64157.0
06077,2018,8.7,15.9,26145.0
06079,2018,4.6,13.3,35832.0
06081,2018,4.1,7.0,57375.0
06083,2018,6.1,14.8,34229.0
06085,2018,4.8,7.9,52451.0
06087,2018,6.3,14.3,39001.0
06089,2018,6.2,17.1,27983.0
06091,2018,4.6,8.3,31972.0
06093,2018,7.9,19.4,28130.0
06095,2018,7.0,10.4,33700.0
06097,2018,5.1,10.3,39929.0
06099,2018,10.5,16.1,25101.0
06101,2018,9.7,16.0,26070.0
06103,2018,9.3,21.5,23126.0
06105,2018,8.6,19.7,25964.0
06107,2018,9.4,25.5,20421.0
06109,2018,6.8,13.3,33685.0
06111,2018,5.9,9.6,36891.0
06113,2018,6.5,19.6,32598.0
06115,2018,8.4,18.0,23867.0
08001,2018,4.4,11.5,28897.0
08003,2018,9.3,23.7,21328.0
08005,2018,4.4,9.0,38972.0
08007,2018,5.8,10.7,31035.0
08009,2018,2.5,19.2,23862.0
08011,2018,7.2,22.9,14777.0
08013,2018,4.8,12.5,43831.0
08014,2018,3.6,5.0,47016.0
08015,2018,2.8,10.1,29365.0
08017,2018,7.5,11.5,25234.0
08019,2018,1.9,5.5,40655.0
08021,2018,11.5,22.4,19545.0
08023,2018,11.1,30.1,20715.0
08025,2018,16.1,28.4,14988.0
08027,2018,6.5,15.3,26976.0
08029,2018,8.5,17.6,24886.0
08031,2018,4.0,13.8,41196.0
08033,2018,1.0,13.6,24505.0
08035,2018,3.0,3.5,51017.0
08037,2018,2.2,7.0,41064.0
08039,2018,2.7,4.4,43349.0
08041,2018,6.2,10.9,32348.0
08043,2018,6.0,15.3,21965.0
08045,2018,4.3,8.1,32491.0
08047,2018,2.4,4.1,48460.0
08049,2018,5.2,11.3,34717.0
08051,2018,5.8,13.2,30127.0
08053,2018,3.8,13.0,34644.0
08055,2018,4.1,16.0,25636.0
08057,2018,2.2,15.7,25467.0
08059,2018,3.7,7.4,41930.0
08061,2018,2.9,11.3,24012.0
08063,2018,4.9,10.1,27471.0
08065,2018,5.5,16.5,28062.0
08067,2018,4.1,8.7,37864.0
08069,2018,5.0,12.0,35390.0
08071,2018,7.7,18.2,25118.0
08073,2018,3.0,13.4,16219.0
08075,2018,4.1,15.0,25776.0
08077,2018,7.8,15.7,28518.0
08079,2018,1.6,12.0,35229.0
08081,2018,4.1,13.9,27845.0
08083,2018,5.1,16.1,25161.0
08085,2018,7.0,16.7,25803.0
08087,2018,4.4,10.0,24189.0
08089,2018,8.4,24.7,20109.0
08091,2018,4.9,9.9,36138.0
08093,2018,5.4,5.5,35939.0
08095,2018,1.7,6.7,29236.0
08097,2018,4.3,7.2,56180.0
08099,2018,7.6,19.0,21612.0
08101,2018,8.4,19.0,24257.0
08103,2018,5.2,11.5,27057.0
08105,2018,9.5,17.1,22413.0
08107,2018,3.0,10.7,40727.0
08109,2018,6.9,17.7,22901.0
08111,2018,2.8,4.6,33984.0
08113,2018,2.6,8.9,45396.0
08115,2018,6.7,17.0,25048.0
08117,2018,3.5,10.1,38310.0
08119,2018,6.3,8.3,34392.0
08121,2018,2.7,10.7,26680.0
08123,2018,4.5,10.6,30626.0
08125,2018,2.6,14.5,25846.0
09001,2018,7.0,8.8,55613.0
09003,2018,6.5,11.1,39260.0
09005,2018,5.2,7.0,42443.0
09007,2018,4.7,6.9,45293.0
09009,2018,7.0,11.9,36678.0
09011,2018,6.2,10.2,38109.0
09013,2018,5.2,6.9,39668.0
09015,2018,6.3,10.5,31106.0
10001,2018,5.9,13.6,28100.0
10003,2018,6.3,11.4,35847.0
10005,2018,4.9,11.7,33983.0
11001,2018,7.4,16.8,53321.0
12001,2018,6.1,21.8,27896.0
12003,2018,5.5,14.6,24070.0
12005,2018,6.0,14.7,28017.0
12007,2018,5.9,20.3,20481.0
12009,2018,6.2,12.7,30987.0
12011,2018,6.6,13.5,31464.0
12013,2018,6.9,12.2,18921.0
12015,2018,7.3,11.1,30528.0
12017,2018,8.6,16.7,25983.0
12019,2018,7.5,10.6,29138.0
12021,2018,4.6,12.3,43256.0
12023,2018,9.5,17.4,23901.0
12027,2018,5.0,28.5,18311.0
12029,2018,5.5,23.1,20527.0
12031,2018,6.6,15.5,30012.0
12033,2018,6.5,13.9,26730.0
12035,2018,5.5,11.9,27689.0
12037,2018,7.5,20.7,25037.0
12039,2018,7.8,24.6,20158.0
12041,2018,6.1,17.9,21379.0
12043,2018,10.8,17.0,21020.0
12045,2018,7.4,13.9,21255.0
12047,2018,14.6,29.5,15097.0
12049,2018,6.0,26.7,18257.0
12051,2018,8.3,26.8,18900.0
12053,2018,7.4,14.3,24551.0
12055,2018,10.8,19.2,23722.0
12057,2018,6.1,15.3,31173.0
12059,2018,10.7,25.6,18574.0
12061,2018,7.1,12.2,35172.0
12063,2018,8.8,20.6,18882.0
12065,2018,4.9,14.1,23448.0
12067,2018,13.5,20.1,19870.0
12069,2018,6.5,12.5,27052.0
12071,2018,5.9,14.0,31924.0
12073,2018,7.8,20.4,29754.0
12075,2018,6.8,20.7,22025.0
12077,2018,11.3,13.0,17197.0
12079,2018,5.7,28.2,19223.0
12081,2018,5.9,12.5,32070.0
12083,2018,8.8,16.6,24570.0
12085,2018,5.3,10.5,40389.0
12086,2018,6.3,18.0,26838.0
12087,2018,2.9,11.8,43477.0
12089,2018,4.7,10.2,35335.0
12091,2018,5.6,11.5,31901.0
12093,2018,7.1,22.7,19943.0
12095,2018,6.0,16.1,28859.0
12097,2018,6.3,16.3,21331.0
12099,2018,6.5,12.8,37998.0
12101,2018,6.5,13.5,27786.0
12103,2018,5.7,13.0,33478.0
12105,2018,6.9,16.6,23812.0
12107,2018,10.5,24.8,19976.0
12109,2018,4.9,8.4,41393.0
12111,2018,6.5,15.0,25736.0
12113,2018,5.6,9.8,30904.0
12115,2018,4.7,9.7,39364.0
12117,2018,5.6,11.4,33419.0
12119,2018,4.7,8.8,33629.0
12121,2018,7.3,17.8,21755.0
12123,2018,6.2,19.8,16919.0
12125,2018,8.7,22.0,15475.0
12127,2018,5.6,15.2,27272.0
12129,2018,5.2,11.5,24322.0
12131,2018,5.2,14.7,33731.0
12133,2018,8.7,22.4,18112.0
13001,2018,5.9,23.3,20421.0
13003,2018,9.2,30.0,18565.0
13005,2018,5.3,27.2,19634.0
13007,2018,4.0,21.3,22864.0
13009,2018,9.4,26.2,20305.0
13011,2018,5.3,13.4,20810.0
13013,2018,5.1,12.1,23638.0
13015,2018,5.6,13.2,25712.0
13017,2018,4.7,31.6,17563.0
13019,2018,8.6,26.3,18611.0
13021,2018,8.8,25.7,24409.0
13023,2018,7.4,20.8,18519.0
13025,2018,5.8,24.1,18904.0
13027,2018,10.2,27.0,23421.0
13029,2018,7.3,14.1,30892.0
13031,2018,8.6,28.7,21207.0
13033,2018,5.0,24.8,21334.0
13035,2018,5.6,23.8,22360.0
13037,2018,15.0,29.7,13927.0
13039,2018,7.3,12.9,28509.0
13043,2018,6.3,32.8,18718.0
13045,2018,7.9,18.8,24155.0
13047,2018,3.9,9.8,26915.0
13049,2018,12.2,24.4,19341.0
13051,2018,8.0,15.8,30664.0
13053,2018,9.6,16.8,23651.0
13055,2018,8.2,19.9,18209.0
13057,2018,4.3,8.1,35199.0
13059,2018,6.4,31.3,22589.0
13061,2018,17.3,41.1,16199.0
13063,2018,8.5,20.0,20419.0
13065,2018,6.6,39.2,16538.0
13067,2018,5.0,10.0,38268.0
13069,2018,4.6,22.3,19709.0
13071,2018,6.8,25.2,19173.0
13073,2018,5.2,8.8,32509.0
13075,2018,5.2,24.0,19778.0
13077,2018,4.7,11.1,32542.0
13079,2018,9.6,19.7,21102.0
13081,2018,12.2,30.8,21581.0
13083,2018,4.1,15.1,24028.0
13085,2018,4.0,8.7,32646.0
13087,2018,5.4,25.2,20397.0
13089,2018,7.4,16.6,34100.0
13091,2018,7.2,23.6,18921.0
13093,2018,12.5,24.6,20259.0
13095,2018,14.2,29.4,21180.0
13097,2018,6.9,13.1,26621.0
13099,2018,7.6,28.8,17598.0
13101,2018,5.1,26.8,22883.0
13103,2018,4.0,8.6,29795.0
13105,2018,6.8,19.5,22593.0
13107,2018,7.7,27.0,17981.0
13109,2018,7.8,27.3,20537.0
13111,2018,6.2,13.5,26665.0
13113,2018,5.0,5.6,42126.0
13115,2018,6.3,19.1,25058.0
13117,2018,3.5,5.9,41585.0
13119,2018,5.2,24.8,21686.0
13121,2018,6.5,15.1,43707.0
13123,2018,5.5,16.3,25812.0
13125,2018,3.3,18.3,21076.0
13127,2018,5.4,18.3,31493.0
13129,2018,4.6,20.0,22448.0
13131,2018,6.6,23.5,22442.0
13133,2018,4.9,22.3,35844.0
13135,2018,4.7,11.4,29474.0
13137,2018,4.0,14.5,22018.0
13139,2018,3.7,14.6,27625.0
13141,2018,4.0,24.1,16713.0
13143,2018,4.8,15.5,24444.0
13145,2018,7.1,6.8,34511.0
13147,2018,4.9,17.4,22361.0
13149,2018,7.7,15.6,21796.0
13151,2018,6.7,10.4,28274.0
13153,2018,7.0,15.7,28196.0
13155,2018,9.2,26.5,18406.0
13157,2018,4.8,11.0,27115.0
13159,2018,6.6,17.8,19999.0
13161,2018,5.9,20.6,18042.0
13163,2018,6.9,24.8,18764.0
13165,2018,4.0,29.3,16089.0
13167,2018,9.0,22.6,20773.0
13169,2018,7.4,15.0,25725.0
13171,2018,11.1,20.2,20874.0
13173,2018,8.7,23.8,18800.0
13175,2018,4.8,26.7,20655.0
13177,2018,7.4,13.8,28612.0
13179,2018,11.4,16.8,21430.0
13181,2018,4.6,19.5,26324.0
13183,2018,15.1,20.0,21695.0
13185,2018,7.6,25.2,23077.0
13187,2018,4.5,17.2,24790.0
13189,2018,8.3,24.9,21384.0
13191,2018,7.9,19.9,27030.0
13193,2018,12.0,27.2,15924.0
13195,2018,8.5,17.4,24292.0
13197,2018,10.3,21.0,22478.0
13199,2018,5.9,21.5,20060.0
13201,2018,5.0,23.0,21746.0
13205,2018,13.7,24.0,17514.0
13207,2018,7.9,13.9,34669.0
13209,2018,7.2,20.7,22317.0
13211,2018,5.7,10.5,30587.0
13213,2018,7.8,15.4,20618.0
13215,2018,9.2,21.1,25318.0
13217,2018,7.7,17.9,24426.0
13219,2018,3.5,5.9,41671.0
13221,2018,4.7,15.1,23027.0
13223,2018,4.3,9.4,27855.0
13225,2018,9.2,21.5,22767.0
13227,2018,6.1,9.6,30567.0
13229,2018,5.8,21.7,22236.0
13231,2018,6.4,13.1,26737.0
13233,2018,5.9,17.9,23233.0
13235,2018,4.8,25.9,19389.0
13237,2018,4.6,16.0,28819.0
13239,2018,11.1,22.7,19371.0
13241,2018,4.2,19.4,28312.0
13243,2018,7.8,37.0,19356.0
13245,2018,10.3,23.4,22045.0
13247,2018,7.6,15.2,26367.0
13249,2018,12.7,21.3,20585.0
13251,2018,6.2,22.3,21557.0
13253,2018,7.7,24.4,26358.0
13255,2018,6.9,21.6,22166.0
13257,2018,9.1,16.2,21839.0
13259,2018,8.9,37.0,16359.0
13261,2018,9.2,27.8,20191.0
13263,2018,7.9,19.1,20785.0
13265,2018,9.4,28.0,19897.0
13267,2018,3.8,22.5,17553.0
13269,2018,11.7,26.3,19068.0
13271,2018,2.6,28.2,15200.0
13273,2018,8.6,31.9,19330.0
13275,2018,8.1,20.8,25542.0
13277,2018,2.9,24.7,22072.0
13279,2018,10.3,23.7,23416.0
13281,2018,5.5,15.8,23940.0
13283,2018,5.7,21.2,23907.0
13285,2018,7.9,20.5,22348.0
13287,2018,6.1,35.3,18787.0
13289,2018,6.9,26.1,19465.0
13291,2018,3.7,14.4,27282.0
13293,2018,8.2,22.3,21015.0
13295,2018,6.4,17.7,23311.0
13297,2018,6.0,12.9,26545.0
13299,2018,3.5,23.7,20457.0
13301,2018,8.0,26.3,22916.0
13303,2018,7.4,26.6,19579.0
13305,2018,7.6,19.6,21067.0
13307,2018,2.2,25.3,21586.0
13309,2018,11.0,26.8,12292.0
13311,2018,4.2,13.8,25617.0
13313,2018,6.3,17.8,23271.0
13315,2018,7.0,22.0,14829.0
13317,2018,4.3,23.9,23198.0
13319,2018,7.2,25.0,21403.0
13321,2018,6.5,20.8,23517.0
15001,2018,5.9,16.6,29253.0
15003,2018,4.3,8.7,35202.0
15005,2018,0.0,10.6,47709.0
15007,2018,4.0,8.5,31674.0
15009,2018,4.4,9.7,33792.0
16001,2018,3.8,11.0,33352.0
16003,2018,11.1,11.4,25143.0
16005,2018,6.2,17.0,24555.0
16007,2018,3.1,16.9,24654.0
16009,2018,8.8,16.7,23502.0
16011,2018,4.3,12.5,21322.0
16013,2018,1.9,14.0,32861.0
16015,2018,6.4,13.1,30660.0
16017,2018,3.7,14.7,27590.0
16019,2018,3.8,12.1,27272.0
16021,2018,3.9,16.8,25401.0
16023,2018,5.8,16.2,25941.0
16025,2018,3.0,23.3,30803.0
16027,2018,6.5,15.2,20807.0
16029,2018,2.1,8.5,26908.0
16031,2018,3.2,14.3,21547.0
16033,2018,7.8,19.7,16181.0
16035,2018,5.5,13.4,22844.0
16037,2018,4.7,20.6,24545.0
16039,2018,7.0,13.8,23547.0
16041,2018,1.4,11.8,22367.0
16043,2018,6.4,12.7,21782.0
16045,2018,4.5,18.3,20776.0
16047,2018,4.4,15.9,22542.0
16049,2018,4.9,14.6,21584.0
16051,2018,4.6,7.7,22934.0
16053,2018,4.0,18.0,20820.0
16055,2018,5.2,12.1,29429.0
16057,2018,5.0,20.6,25623.0
16059,2018,3.5,13.1,23042.0
16061,2018,5.8,14.2,24052.0
16063,2018,3.1,13.4,20188.0
16065,2018,6.6,30.5,15626.0
16067,2018,3.5,19.3,23578.0
16069,2018,4.7,14.6,27753.0
16071,2018,5.1,13.0,21575.0
16073,2018,4.5,21.1,21935.0
16075,2018,5.5,13.6,25002.0
16077,2018,3.9,9.6,22199.0
16079,2018,8.6,17.3,24204.0
16081,2018,6.0,6.1,30554.0
16083,2018,3.4,14.8,24222.0
16085,2018,4.3,10.0,30838.0
16087,2018,5.4,15.7,21414.0
17001,2018,4.7,12.1,29347.0
17003,2018,7.0,30.2,19065.0
17005,2018,3.9,14.5,26356.0
17007,2018,6.8,11.0,30725.0
17009,2018,4.3,10.0,22279.0
17011,2018,5.3,12.6,29126.0
17013,2018,5.1,12.8,27314.0
17015,2018,6.6,11.1,28053.0
17017,2018,6.3,13.5,26245.0
17019,2018,4.8,20.9,29683.0
17021,2018,3.4,13.0,26166.0
17023,2018,6.3,12.6,29887.0
17025,2018,5.5,16.0,25821.0
17027,2018,3.4,9.0,31240.0
17029,2018,5.7,21.5,26790.0
17031,2018,7.8,15.1,35575.0
17033,2018,5.4,11.6,26713.0
17035,2018,3.4,14.0,25622.0
17037,2018,7.4,16.5,28073.0
17039,2018,5.5,11.0,29402.0
17041,2018,4.3,11.2,27871.0
17043,2018,4.5,6.8,43982.0
17045,2018,6.0,12.3,27701.0
17047,2018,6.1,10.3,26908.0
17049,2018,3.9,11.6,30255.0
17051,2018,7.0,17.9,22260.0
17053,2018,5.3,15.8,28002.0
17055,2018,8.5,19.6,23510.0
17057,2018,6.7,16.5,25538.0
17059,2018,4.5,19.6,25572.0
17061,2018,4.0,14.4,23946.0
17063,2018,5.1,8.8,33308.0
17065,2018,3.2,9.5,27795.0
17067,2018,6.2,11.9,26880.0
17069,2018,15.9,16.4,25795.0
17071,2018,5.6,8.2,28401.0
17073,2018,5.1,11.9,29014.0
17075,2018,5.6,14.0,26976.0
17077,2018,9.4,27.5,24521.0
17079,2018,4.1,13.1,25536.0
17081,2018,7.4,18.4,25770.0
17083,2018,4.1,9.2,28924.0
17085,2018,4.5,8.3,32710.0
17087,2018,5.7,11.8,22469.0
17089,2018,5.5,10.0,34924.0
17091,2018,6.0,14.8,27164.0
17093,2018,4.9,5.3,34423.0
17095,2018,5.7,18.1,24681.0
17097,2018,5.6,8.3,44287.0
17099,2018,6.8,13.5,29093.0
17101,2018,6.3,16.7,22099.0
17103,2018,4.4,10.9,29249.0
17105,2018,5.4,13.8,28236.0
17107,2018,5.6,8.5,27187.0
17109,2018,7.6,22.0,23299.0
17111,2018,4.4,7.1,38047.0
17113,2018,3.5,14.6,33665.0
17115,2018,8.2,16.2,28925.0
17117,2018,7.1,13.4,28050.0
17119,2018,6.8,13.7,30802.0
17121,2018,9.5,17.9,24727.0
17123,2018,6.1,11.2,29827.0
17125,2018,7.9,15.4,27111.0
17127,2018,5.6,18.0,23768.0
17129,2018,4.9,9.6,34495.0
17131,2018,5.5,11.4,28995.0
17133,2018,3.1,5.0,39988.0
17135,2018,4.9,15.9,24816.0
17137,2018,5.9,14.6,26295.0
17139,2018,3.2,9.2,28391.0
17141,2018,5.9,9.9,30595.0
17143,2018,7.9,16.3,30753.0
17145,2018,6.8,16.3,24511.0
17147,2018,4.2,5.9,33967.0
17149,2018,5.4,13.9,24162.0
17151,2018,15.6,13.2,22343.0
17153,2018,9.3,18.9,20317.0
17155,2018,3.6,8.8,34144.0
17157,2018,5.1,12.9,25340.0
17159,2018,5.8,15.0,26038.0
17161,2018,6.5,14.8,28595.0
17163,2018,7.1,16.4,29541.0
17165,2018,9.8,22.2,23690.0
17167,2018,6.3,15.2,34548.0
17169,2018,5.5,21.4,23068.0
17171,2018,6.7,12.9,27218.0
17173,2018,4.6,11.2,25320.0
17175,2018,3.5,16.1,30225.0
17177,2018,7.1,14.4,27453.0
17179,2018,4.3,8.6,33077.0
17181,2018,6.6,18.1,25416.0
17183,2018,7.5,19.6,24272.0
17185,2018,5.9,11.8,26850.0
17187,2018,6.7,12.4,26082.0
17189,2018,4.2,8.2,32394.0
17191,2018,3.5,14.1,26362.0
17193,2018,7.9,13.1,25859.0
17195,2018,5.3,10.6,29167.0
17197,2018,5.2,7.0,35259.0
17199,2018,5.9,15.0,26756.0
17201,2018,9.1,15.6,28250.0
17203,2018,4.1,7.2,35104.0
18001,2018,3.6,16.8,22514.0
18003,2018,5.6,14.3,28239.0
18005,2018,4.8,13.0,30515.0
18007,2018,4.2,16.1,23322.0
18009,2018,6.4,12.6,24663.0
18011,2018,2.5,5.4,44712.0
18013,2018,4.7,9.4,33617.0
18015,2018,4.2,10.2,28430.0
18017,2018,6.0,14.6,23918.0
18019,2018,5.2,10.0,28525.0
18021,2018,5.3,14.0,25290.0
18023,2018,4.8,12.5,24276.0
18025,2018,3.9,15.5,21021.0
18027,2018,4.1,12.7,22548.0
18029,2018,4.9,10.2,29891.0
18031,2018,4.4,12.7,26515.0
18033,2018,4.6,10.8,27036.0
18035,2018,6.7,21.5,24234.0
18037,2018,1.6,11.0,28932.0
18039,2018,4.7,13.3,25075.0
18041,2018,5.0,18.5,23627.0
18043,2018,4.5,9.9,32299.0
18045,2018,5.8,11.8,26721.0
18047,2018,3.9,8.4,27557.0
18049,2018,4.6,14.0,25106.0
18051,2018,3.2,10.1,27137.0
18053,2018,7.3,19.2,21739.0
18055,2018,5.6,14.0,24309.0
18057,2018,2.9,4.7,46597.0
18059,2018,2.8,7.1,32730.0
18061,2018,6.2,10.5,27211.0
18063,2018,3.9,5.3,34689.0
18065,2018,6.1,15.4,23851.0
18067,2018,5.9,15.9,27297.0
18069,2018,3.4,10.2,25386.0
18071,2018,4.6,16.1,24522.0
18073,2018,4.3,8.8,26415.0
18075,2018,5.4,16.9,22470.0
18077,2018,6.0,14.9,26060.0
18079,2018,4.1,14.7,23490.0
18081,2018,4.2,8.7,32475.0
18083,2018,5.1,17.2,24581.0
18085,2018,4.0,10.3,28740.0
18087,2018,2.5,7.3,23626.0
18089,2018,8.0,16.5,27660.0
18091,2018,7.8,16.5,25865.0
18093,2018,4.9,11.8,25590.0
18095,2018,6.1,17.2,24625.0
18097,2018,7.1,19.0,27251.0
18099,2018,5.7,11.4,25537.0
18101,2018,3.1,12.4,25676.0
18103,2018,6.6,16.4,22871.0
18105,2018,6.4,24.3,27461.0
18107,2018,4.1,10.1,26184.0
18109,2018,5.9,11.3,28633.0
18111,2018,6.6,13.4,25366.0
18113,2018,4.6,7.5,26063.0
18115,2018,2.3,6.1,29368.0
18117,2018,4.4,16.2,23317.0
18119,2018,5.5,16.2,24129.0
18121,2018,5.6,14.7,23052.0
18123,2018,2.8,14.1,24540.0
18125,2018,4.2,11.5,26584.0
18127,2018,4.7,10.2,32943.0
18129,2018,4.2,10.1,30572.0
18131,2018,5.8,13.7,24695.0
18133,2018,4.2,12.4,24627.0
18135,2018,5.0,15.9,23539.0
18137,2018,5.5,11.6,27423.0
18139,2018,5.0,17.1,24900.0
18141,2018,5.3,15.7,27338.0
18143,2018,5.4,15.6,22688.0
18145,2018,4.2,11.2,28491.0
18147,2018,4.1,9.4,29999.0
18149,2018,7.0,14.1,23282.0
18151,2018,3.8,11.0,28429.0
18153,2018,6.2,13.1,22976.0
18155,2018,5.7,20.1,23347.0
18157,2018,4.8,20.6,26262.0
18159,2018,3.2,8.1,30026.0
18161,2018,2.7,8.8,24040.0
18163,2018,4.9,17.3,28320.0
18165,2018,5.1,15.2,25143.0
18167,2018,7.9,18.8,24254.0
18169,2018,4.3,12.7,25228.0
18171,2018,3.8,10.4,29408.0
18173,2018,3.3,7.6,35915.0
18175,2018,6.1,13.1,24048.0
18177,2018,5.8,16.3,25460.0
18179,2018,2.4,9.5,27106.0
18181,2018,4.2,8.7,27621.0
18183,2018,2.9,9.2,30144.0
19001,2018,3.5,9.1,29984.0
19003,2018,2.8,11.5,27824.0
19005,2018,2.5,9.5,27741.0
19007,2018,5.4,16.1,27546.0
19009,2018,2.5,10.2,28957.0
19011,2018,2.9,9.2,32764.0
19013,2018,4.5,16.0,29100.0
19015,2018,3.8,8.0,31686.0
19017,2018,3.2,8.2,32512.0
19019,2018,3.0,9.5,31495.0
19021,2018,5.3,13.0,26607.0
19023,2018,3.3,9.4,29654.0
19025,2018,2.2,13.3,27908.0
19027,2018,2.1,8.8,30658.0
19029,2018,2.4,11.6,27853.0
19031,2018,2.7,6.4,32010.0
19033,2018,4.1,11.4,31304.0
19035,2018,2.3,9.7,32667.0
19037,2018,1.9,7.4,29752.0
19039,2018,3.2,14.4,26706.0
19041,2018,3.6,12.1,27811.0
19043,2018,2.1,9.0,28486.0
19045,2018,4.4,12.3,27942.0
19047,2018,7.0,15.8,28700.0
19049,2018,2.4,5.9,43583.0
19051,2018,2.8,12.3,26503.0
19053,2018,4.4,19.6,22037.0
19055,2018,2.3,8.5,31300.0
19057,2018,5.3,15.4,28234.0
19059,2018,2.8,8.0,38031.0
19061,2018,4.1,11.7,31096.0
19063,2018,3.3,12.1,30386.0
19065,2018,3.4,12.4,28069.0
19067,2018,2.5,15.7,27897.0
19069,2018,3.9,12.8,27480.0
19071,2018,3.7,9.5,29625.0
19073,2018,5.3,8.9,28413.0
19075,2018,2.1,6.1,35443.0
19077,2018,3.4,11.1,28953.0
19079,2018,3.0,9.7,28706.0
19081,2018,1.9,8.1,29537.0
19083,2018,1.8,7.9,28539.0
19085,2018,1.5,10.1,30209.0
19087,2018,5.2,10.8,26760.0
19089,2018,2.5,11.9,28828.0
19091,2018,3.7,11.7,29882.0
19093,2018,4.2,10.5,32562.0
19095,2018,2.7,8.2,32663.0
19097,2018,4.3,12.4,29207.0
19099,2018,4.9,9.8,27551.0
19101,2018,6.7,14.2,26064.0
19103,2018,3.3,17.8,34310.0
19105,2018,3.8,10.1,28879.0
19107,2018,4.9,10.4,28630.0
19109,2018,3.1,9.8,29963.0
19111,2018,7.2,15.2,25968.0
19113,2018,3.5,9.5,34289.0
19115,2018,5.1,11.1,27041.0
19117,2018,4.9,11.9,28900.0
19119,2018,2.0,4.9,29246.0
19121,2018,4.0,6.7,33069.0
19123,2018,5.3,14.4,27061.0
19125,2018,3.0,9.7,28832.0
19127,2018,5.1,10.9,26516.0
19129,2018,3.8,8.6,32867.0
19131,2018,3.1,9.0,28898.0
19133,2018,3.1,15.7,27862.0
19135,2018,5.9,11.7,26469.0
19137,2018,6.8,16.1,28780.0
19139,2018,2.4,10.3,28137.0
19141,2018,2.2,9.7,29901.0
19143,2018,2.5,12.0,28843.0
19145,2018,4.3,11.6,26767.0
19147,2018,1.1,6.6,28843.0
19149,2018,2.3,9.0,32028.0
19151,2018,3.2,12.3,27984.0
19153,2018,4.3,11.1,34474.0
19155,2018,4.3,11.1,29729.0
19157,2018,4.6,10.0,30711.0
19159,2018,4.4,10.1,29759.0
19161,2018,3.0,10.6,30750.0
19163,2018,4.2,12.1,31873.0
19165,2018,3.2,8.7,31283.0
19167,2018,2.6,6.8,28467.0
19169,2018,4.3,21.5,28034.0
19171,2018,3.8,12.1,27255.0
19173,2018,3.7,10.4,27672.0
19175,2018,5.2,14.3,26216.0
19177,2018,4.7,13.1,27468.0
19179,2018,6.4,15.5,24864.0
19181,2018,3.3,6.9,34570.0
19183,2018,4.2,9.3,29857.0
19185,2018,2.3,15.2,25560.0
19187,2018,4.5,15.3,25243.0
19189,2018,4.6,8.4,27117.0
19191,2018,1.9,8.6,30706.0
19193,2018,4.7,13.2,27430.0
19195,2018,4.7,9.3,29482.0
19197,2018,5.4,12.8,28317.0
20001,2018,4.6,16.5,23454.0
20003,2018,2.9,13.9,23210.0
20005,2018,4.6,17.6,24224.0
20007,2018,1.7,15.6,28984.0
20009,2018,3.9,16.7,27133.0
20011,2018,2.5,16.6,22822.0
20013,2018,3.6,14.2,25306.0
20015,2018,4.2,10.5,28759.0
20017,2018,4.5,12.6,25105.0
20019,2018,7.4,17.0,24496.0
20021,2018,4.7,13.8,21635.0
20023,2018,3.0,9.5,28467.0
20025,2018,1.2,11.0,27896.0
20027,2018,2.5,7.7,32110.0
20029,2018,4.7,12.1,26515.0
20031,2018,4.4,11.9,32112.0
20033,2018,2.3,6.2,30171.0
20035,2018,4.9,15.2,23778.0
20037,2018,4.5,20.9,22461.0
20039,2018,2.3,18.6,30208.0
20041,2018,5.8,12.5,26201.0
20043,2018,3.8,14.6,25297.0
20045,2018,4.4,18.7,30315.0
20047,2018,2.2,8.5,27309.0
20049,2018,6.3,14.6,22437.0
20051,2018,2.4,16.0,29810.0
20053,2018,3.6,11.0,25161.0
20055,2018,4.7,14.8,23637.0
20057,2018,5.9,14.4,23348.0
20059,2018,4.5,10.3,26757.0
20061,2018,6.6,12.2,22797.0
20063,2018,1.8,11.8,28247.0
20065,2018,3.5,9.6,26685.0
20067,2018,5.3,8.8,25788.0
20069,2018,2.9,6.0,28878.0
20071,2018,0.9,8.5,23668.0
20073,2018,3.1,12.2,27639.0
20075,2018,2.1,11.2,20723.0
20077,2018,3.1,16.1,26105.0
20079,2018,3.0,11.2,27305.0
20081,2018,2.6,12.7,25417.0
20083,2018,3.1,11.6,28514.0
20085,2018,5.8,10.0,27950.0
20087,2018,5.5,8.0,29258.0
20089,2018,2.6,15.9,26908.0
20091,2018,3.1,5.6,44986.0
20093,2018,3.5,19.9,23593.0
20095,2018,5.3,7.7,33203.0
20097,2018,2.6,8.3,25623.0
20099,2018,4.0,17.9,23524.0
20101,2018,2.3,12.8,28366.0
20103,2018,3.9,8.9,31639.0
20105,2018,4.8,9.2,25851.0
20107,2018,5.9,16.5,25771.0
20109,2018,1.8,7.6,27883.0
20111,2018,5.7,17.3,26322.0
20113,2018,2.3,9.9,30234.0
20115,2018,4.4,9.3,25756.0
20117,2018,4.2,9.4,27167.0
20119,2018,2.8,12.2,27273.0
20121,2018,3.2,7.7,33349.0
20123,2018,3.1,16.3,24732.0
20125,2018,5.5,18.3,24103.0
20127,2018,3.2,9.4,27499.0
20129,2018,3.6,7.4,23370.0
20131,2018,1.9,10.0,29687.0
20133,2018,3.8,17.5,23934.0
20135,2018,2.7,7.5,31912.0
20137,2018,1.2,12.7,26953.0
20139,2018,5.3,12.7,27026.0
20141,2018,2.5,13.4,28748.0
20143,2018,2.6,10.4,27610.0
20145,2018,2.2,8.7,22925.0
20147,2018,2.5,9.7,27140.0
20149,2018,4.0,9.7,28070.0
20151,2018,3.8,11.6,27050.0
20153,2018,1.5,9.2,27840.0
20155,2018,4.5,13.3,26190.0
20157,2018,2.5,10.7,28901.0
20159,2018,5.3,16.9,23971.0
20161,2018,5.5,21.6,26883.0
20163,2018,4.0,8.0,25072.0
20165,2018,3.4,9.8,25590.0
20167,2018,6.3,6.4,26300.0
20169,2018,3.8,12.2,27737.0
20171,2018,3.8,2.3,31132.0
20173,2018,5.2,14.0,28673.0
20175,2018,5.3,16.7,20352.0
20177,2018,4.5,12.8,29979.0
20179,2018,2.2,5.1,31526.0
20181,2018,4.2,19.1,23687.0
20183,2018,2.8,12.8,28598.0
20185,2018,4.3,14.0,26922.0
20187,2018,1.5,14.7,23542.0
20189,2018,4.5,18.1,24359.0
20191,2018,3.7,12.4,26328.0
20193,2018,1.9,11.1,27127.0
20195,2018,1.6,7.6,33555.0
20197,2018,3.1,5.7,28104.0
20199,2018,2.5,11.7,28938.0
20201,2018,2.9,13.0,27718.0
20203,2018,2.4,4.4,29762.0
20205,2018,5.1,14.4,26523.0
20207,2018,8.6,22.0,21123.0
20209,2018,7.5,20.1,21298.0
21001,2018,6.2,21.6,20166.0
21003,2018,5.5,19.1,21262.0
21005,2018,7.7,13.9,26339.0
21007,2018,5.5,17.0,25571.0
21009,2018,7.2,23.9,20832.0
21011,2018,7.1,21.0,21175.0
21013,2018,9.0,37.1,15279.0
21015,2018,4.3,7.1,34433.0
21017,2018,6.4,17.7,27477.0
21019,2018,9.0,19.1,25467.0
21021,2018,4.7,14.4,24933.0
21023,2018,5.5,19.1,23480.0
21025,2018,11.6,35.5,17729.0
21027,2018,8.3,17.5,22521.0
21029,2018,4.8,10.6,27423.0
21031,2018,6.0,19.4,22597.0
21033,2018,5.0,15.9,28500.0
21035,2018,5.0,22.8,22489.0
21037,2018,4.5,13.8,32225.0
21039,2018,5.9,18.6,24943.0
21041,2018,9.0,25.7,23546.0
21043,2018,7.8,25.9,17782.0
21045,2018,8.3,26.6,18285.0
21047,2018,8.3,20.2,21770.0
21049,2018,6.0,15.6,27416.0
21051,2018,10.5,38.6,15063.0
21053,2018,7.2,23.0,20235.0
21055,2018,4.0,16.4,24011.0
21057,2018,5.6,21.5,17926.0
21059,2018,5.4,16.1,27462.0
21061,2018,8.7,18.8,21459.0
21063,2018,4.7,30.3,14461.0
21065,2018,12.0,32.7,17658.0
21067,2018,5.4,17.8,32965.0
21069,2018,6.9,17.8,23482.0
21071,2018,11.7,31.7,18462.0
21073,2018,5.7,12.3,28801.0
21075,2018,6.6,29.8,19043.0
21077,2018,5.9,15.1,23043.0
21079,2018,6.0,16.7,25751.0
21081,2018,3.6,18.2,22073.0
21083,2018,7.7,17.7,23189.0
21085,2018,4.4,25.3,20721.0
21087,2018,4.3,18.2,24098.0
21089,2018,8.2,15.9,26712.0
21091,2018,5.8,12.8,23523.0
21093,2018,5.9,13.9,27666.0
21095,2018,9.5,36.2,15834.0
21097,2018,5.1,17.2,23851.0
21099,2018,6.9,21.4,20421.0
21101,2018,4.7,18.6,25376.0
21103,2018,5.3,19.2,24519.0
21105,2018,5.8,15.4,24432.0
21107,2018,5.7,17.9,24190.0
21109,2018,10.0,30.4,17692.0
21111,2018,5.9,14.8,31980.0
21113,2018,6.2,17.7,30215.0
21115,2018,9.6,22.9,21089.0
21117,2018,4.8,12.6,31811.0
21119,2018,12.4,33.2,18201.0
21121,2018,7.2,33.3,17498.0
21123,2018,5.8,15.5,21939.0
21125,2018,8.1,23.7,21039.0
21127,2018,9.1,26.7,18199.0
21129,2018,8.6,33.5,17179.0
21131,2018,10.3,35.6,15691.0
21133,2018,12.8,32.4,18811.0
21135,2018,6.9,28.1,20059.0
21137,2018,6.7,24.1,20212.0
21139,2018,5.3,13.6,27338.0
21141,2018,5.6,17.3,23177.0
21143,2018,2.7,15.4,26621.0
21145,2018,4.2,15.8,31850.0
21147,2018,15.9,37.5,12903.0
21149,2018,7.0,16.9,24557.0
21151,2018,6.6,19.0,24553.0
21153,2018,11.8,27.6,18233.0
21155,2018,9.1,22.8,21659.0
21157,2018,5.5,11.4,27994.0
21159,2018,13.7,26.3,15492.0
21161,2018,5.4,18.1,25658.0
21163,2018,7.1,11.7,28078.0
21165,2018,6.3,22.9,19825.0
21167,2018,9.2,16.0,25745.0
21169,2018,5.4,23.7,19436.0
21171,2018,6.2,24.3,23025.0
21173,2018,6.5,20.7,21877.0
21175,2018,5.9,24.7,17307.0
21177,2018,8.9,17.4,21521.0
21179,2018,5.7,10.9,31387.0
21181,2018,7.1,25.8,22472.0
21183,2018,9.1,20.5,24231.0
21185,2018,3.1,5.5,40779.0
21187,2018,5.1,16.4,23045.0
21189,2018,10.8,34.7,17766.0
21191,2018,3.9,17.6,22620.0
21193,2018,13.9,27.1,20140.0
21195,2018,8.9,26.5,21646.0
21197,2018,7.0,21.9,20397.0
21199,2018,8.4,23.6,22342.0
21201,2018,4.5,27.1,23467.0
21203,2018,8.3,21.0,19913.0
21205,2018,4.8,26.0,19692.0
21207,2018,8.4,24.6,19149.0
21209,2018,4.0,12.0,31505.0
21211,2018,4.7,12.6,30932.0
21213,2018,3.2,15.5,23991.0
21215,2018,4.9,8.4,33568.0
21217,2018,5.7,24.3,20966.0
21219,2018,7.1,18.0,23188.0
21221,2018,9.8,10.6,26893.0
21223,2018,10.3,19.0,26089.0
21225,2018,8.2,22.2,22027.0
21227,2018,5.1,17.4,27322.0
21229,2018,4.9,16.6,24570.0
21231,2018,6.2,24.6,19130.0
21233,2018,4.9,22.1,21880.0
21235,2018,8.3,26.0,19145.0
21237,2018,17.6,32.3,14113.0
21239,2018,3.2,14.2,31259.0
22001,2018,9.1,23.9,22784.0
22003,2018,9.6,18.7,20203.0
22005,2018,6.0,11.6,32961.0
22007,2018,7.3,17.4,26238.0
22009,2018,7.2,24.0,21390.0
22011,2018,7.9,17.2,26075.0
22013,2018,5.4,29.2,20866.0
22015,2018,5.8,16.4,27924.0
22017,2018,7.1,23.3,25902.0
22019,2018,5.7,16.9,27368.0
22021,2018,8.2,27.1,20574.0
22023,2018,4.2,10.3,29000.0
22025,2018,5.7,22.1,21962.0
22027,2018,9.4,30.5,16948.0
22029,2018,6.3,27.5,19172.0
22031,2018,10.3,24.9,24796.0
22033,2018,6.5,18.3,31073.0
22035,2018,7.8,48.6,17698.0
22037,2018,5.8,19.4,20927.0
22039,2018,13.5,27.5,18344.0
22041,2018,9.8,28.3,19785.0
22043,2018,5.6,19.7,18082.0
22045,2018,10.2,21.6,23156.0
22047,2018,6.5,18.0,23179.0
22049,2018,6.0,26.0,20942.0
22051,2018,5.7,15.5,29776.0
22053,2018,9.0,19.4,24582.0
22055,2018,4.8,16.5,30988.0
22057,2018,6.9,15.7,27375.0
22059,2018,3.8,22.0,20427.0
22061,2018,7.1,29.7,22498.0
22063,2018,4.7,11.9,28995.0
22065,2018,9.8,37.8,15795.0
22067,2018,5.4,28.5,19399.0
22069,2018,13.9,33.5,18570.0
22071,2018,8.4,24.6,30177.0
22073,2018,6.7,23.9,23663.0
22075,2018,3.6,19.5,26818.0
22077,2018,8.2,18.3,26663.0
22079,2018,7.2,19.4,24478.0
22081,2018,4.7,23.6,22626.0
22083,2018,4.7,28.9,20128.0
22085,2018,10.3,19.5,22637.0
22087,2018,10.3,19.7,21217.0
22089,2018,5.7,11.6,31567.0
22091,2018,13.6,20.9,23224.0
22093,2018,6.5,16.7,25830.0
22095,2018,7.2,19.0,25942.0
22097,2018,6.2,28.7,19647.0
22099,2018,6.8,17.6,24732.0
22101,2018,9.0,19.0,22364.0
22103,2018,5.8,11.0,34201.0
22105,2018,8.6,22.0,24004.0
22107,2018,16.7,40.0,14569.0
22109,2018,6.6,21.6,24921.0
22111,2018,6.3,18.5,22979.0
22113,2018,8.0,17.6,24546.0
22115,2018,9.0,17.2,23763.0
22117,2018,11.0,26.8,18971.0
22119,2018,5.6,26.3,18701.0
22121,2018,6.0,15.7,28482.0
22123,2018,10.9,22.7,22922.0
22125,2018,7.7,14.7,23565.0
22127,2018,4.6,23.8,20162.0
23001,2018,4.6,13.2,27231.0
23003,2018,5.1,17.2,24571.0
23005,2018,3.4,9.7,38644.0
23007,2018,5.7,12.2,26030.0
23009,2018,4.7,11.2,32491.0
23011,2018,4.9,13.3,29084.0
23013,2018,4.2,10.9,31612.0
23015,2018,3.8,12.0,32400.0
23017,2018,6.0,15.9,23770.0
23019,2018,5.5,15.7,27289.0
23021,2018,7.7,19.2,24062.0
23023,2018,2.6,9.8,34432.0
23025,2018,8.6,19.3,23557.0
23027,2018,5.6,13.9,28860.0
23029,2018,7.0,18.5,24647.0
23031,2018,4.1,8.4,35052.0
24001,2018,8.5,16.4,23280.0
24003,2018,4.6,6.0,44979.0
24005,2018,5.2,9.2,38580.0
24009,2018,6.4,5.1,43504.0
24011,2018,5.2,14.7,27866.0
24013,2018,3.5,5.3,40667.0
24015,2018,5.6,9.4,32976.0
24017,2018,4.0,6.1,39696.0
24019,2018,7.9,15.8,30135.0
24021,2018,4.6,7.1,41432.0
24023,2018,4.0,9.7,27980.0
24025,2018,4.8,7.6,39365.0
24027,2018,3.8,5.4,52586.0
24029,2018,4.4,12.3,34910.0
24031,2018,4.9,6.9,52828.0
24033,2018,6.7,8.9,35869.0
24035,2018,2.9,5.5,42077.0
24037,2018,3.6,8.3,39254.0
24039,2018,8.9,20.4,18924.0
24041,2018,3.3,9.5,47302.0
24043,2018,6.5,12.7,29802.0
24045,2018,7.6,15.2,27622.0
24047,2018,5.3,9.3,35666.0
24510,2018,9.1,21.8,29700.0
25001,2018,4.7,7.0,42578.0
25003,2018,6.0,11.4,34287.0
25005,2018,5.8,11.5,34226.0
25007,2018,3.2,8.0,43822.0
25009,2018,5.4,10.7,40697.0
25011,2018,5.2,10.4,34202.0
25013,2018,6.8,17.1,29020.0
25015,2018,5.9,13.3,33605.0
25017,2018,4.2,7.9,49669.0
25019,2018,2.8,8.6,51270.0
25021,2018,5.0,6.5,52036.0
25023,2018,5.4,7.6,41343.0
25025,2018,7.0,19.3,40190.0
25027,2018,5.5,10.4,36169.0
26001,2018,8.9,16.0,25219.0
26003,2018,6.5,11.6,21773.0
26005,2018,3.2,10.3,28073.0
26007,2018,6.0,14.4,25115.0
26009,2018,5.3,12.0,30920.0
26011,2018,9.6,18.2,23374.0
26013,2018,6.4,16.4,20698.0
26015,2018,5.2,8.7,28783.0
26017,2018,6.9,16.0,26644.0
26019,2018,5.6,9.5,27866.0
26021,2018,6.4,16.5,29311.0
26023,2018,4.5,15.5,24249.0
26025,2018,7.0,16.9,25652.0
26027,2018,6.7,12.1,29923.0
26029,2018,4.5,10.8,32559.0
26031,2018,8.2,14.8,25876.0
26033,2018,9.3,18.5,23310.0
26035,2018,10.1,23.5,21717.0
26037,2018,4.0,9.3,33568.0
26039,2018,8.2,15.4,24884.0
26041,2018,5.3,13.3,26852.0
26043,2018,4.4,13.3,28020.0
26045,2018,5.3,10.7,31982.0
26047,2018,5.0,9.5,32455.0
26049,2018,9.8,19.8,26386.0
26051,2018,7.0,18.2,24594.0
26053,2018,5.6,18.1,24325.0
26055,2018,4.9,10.1,33754.0
26057,2018,6.7,18.3,22027.0
26059,2018,5.0,16.0,24749.0
26061,2018,6.5,20.9,22866.0
26063,2018,5.4,12.9,27130.0
26065,2018,7.1,20.1,28366.0
26067,2018,5.2,12.8,23956.0
26069,2018,8.2,16.4,25075.0
26071,2018,6.0,14.0,24876.0
26073,2018,7.6,26.5,23164.0
26075,2018,6.8,14.1,26942.0
26077,2018,6.0,16.1,30555.0
26079,2018,7.5,17.0,23687.0
26081,2018,4.8,12.6,31005.0
26083,2018,6.0,12.0,31830.0
26085,2018,12.2,23.8,19012.0
26087,2018,6.4,10.1,28309.0
26089,2018,5.3,6.2,38074.0
26091,2018,5.1,12.2,26958.0
26093,2018,4.2,5.6,38399.0
26095,2018,5.7,16.6,20745.0
26097,2018,9.8,15.9,28941.0
26099,2018,5.7,11.3,31104.0
26101,2018,7.2,12.9,25778.0
26103,2018,6.1,16.4,26290.0
26105,2018,6.1,15.1,28812.0
26107,2018,7.0,21.3,23182.0
26109,2018,4.4,12.8,27609.0
26111,2018,6.0,10.8,34497.0
26113,2018,6.3,15.6,22850.0
26115,2018,4.9,10.6,30295.0
26117,2018,5.1,16.5,23018.0
26119,2018,11.6,16.6,23930.0
26121,2018,7.4,17.1,24101.0
26123,2018,6.1,17.8,24005.0
26125,2018,4.8,8.6,42760.0
26127,2018,7.4,17.0,23018.0
26129,2018,8.0,16.9,22527.0
26131,2018,7.2,15.3,23850.0
26133,2018,6.9,19.6,22142.0
26135,2018,12.1,17.3,23526.0
26137,2018,5.6,15.0,26829.0
26139,2018,3.9,8.5,30558.0
26141,2018,8.9,14.6,26503.0
26143,2018,11.3,18.2,23862.0
26145,2018,7.5,17.7,26625.0
26147,2018,6.7,13.3,29356.0
26149,2018,5.2,15.6,25136.0
26151,2018,7.0,15.6,24835.0
26153,2018,10.3,20.5,22931.0
26155,2018,5.0,11.4,27398.0
26157,2018,6.4,15.4,24968.0
26159,2018,6.2,15.5,26771.0
26161,2018,4.7,14.2,39486.0
26163,2018,10.2,23.1,25976.0
26165,2018,6.1,16.3,22760.0
27001,2018,5.9,13.0,27646.0
27003,2018,3.7,6.1,35806.0
27005,2018,3.6,12.3,29710.0
27007,2018,7.7,18.5,24781.0
27009,2018,4.0,12.6,28566.0
27011,2018,2.3,11.4,30489.0
27013,2018,4.0,18.1,28824.0
27015,2018,2.0,7.8,30373.0
27017,2018,4.2,12.0,28117.0
27019,2018,2.1,4.0,45637.0
27021,2018,5.4,14.6,29053.0
27023,2018,2.7,9.9,30168.0
27025,2018,4.1,5.6,33927.0
27027,2018,2.6,11.6,29631.0
27029,2018,7.9,17.0,26173.0
27031,2018,2.8,13.0,32703.0
27033,2018,4.1,12.5,27209.0
27035,2018,2.8,10.5,30900.0
27037,2018,3.6,6.4,40441.0
27039,2018,2.6,5.5,32795.0
27041,2018,3.0,8.3,34547.0
27043,2018,3.2,11.6,29748.0
27045,2018,2.7,11.0,29440.0
27047,2018,4.4,12.2,28459.0
27049,2018,3.7,9.9,33400.0
27051,2018,4.0,10.4,31940.0
27053,2018,4.2,11.0,43976.0
27055,2018,2.0,7.6,31453.0
27057,2018,3.5,10.9,29312.0
27059,2018,4.6,7.1,32008.0
27061,2018,5.2,13.3,28636.0
27063,2018,3.1,7.8,33358.0
27065,2018,4.6,10.7,27331.0
27067,2018,3.0,10.5,30217.0
27069,2018,2.6,10.6,29946.0
27071,2018,6.8,16.4,29051.0
27073,2018,2.3,8.5,31686.0
27075,2018,4.4,8.5,33602.0
27077,2018,3.1,9.2,26526.0
27079,2018,3.5,8.8,32120.0
27081,2018,2.4,10.4,28504.0
27083,2018,3.4,13.6,30531.0
27085,2018,2.6,8.9,31723.0
27087,2018,7.6,20.9,20953.0
27089,2018,2.7,7.5,29670.0
27091,2018,3.5,13.3,31091.0
27093,2018,2.7,7.6,31819.0
27095,2018,6.0,12.1,26679.0
27097,2018,4.3,10.9,28792.0
27099,2018,4.5,12.8,29116.0
27101,2018,2.6,7.4,31768.0
27103,2018,3.6,9.6,31225.0
27105,2018,5.1,14.3,25554.0
27107,2018,3.2,10.3,28351.0
27109,2018,3.7,8.9,39667.0
27111,2018,3.4,9.2,30846.0
27113,2018,3.0,9.8,30625.0
27115,2018,5.2,12.6,25302.0
27117,2018,2.9,11.3,29716.0
27119,2018,3.4,12.6,28856.0
27121,2018,2.7,7.3,32943.0
27123,2018,4.9,14.7,34049.0
27125,2018,3.3,9.8,29731.0
27127,2018,2.5,11.4,28011.0
27129,2018,2.9,10.4,31585.0
27131,2018,3.7,10.7,29767.0
27133,2018,1.9,9.7,30544.0
27135,2018,2.6,9.8,28049.0
27137,2018,4.9,15.0,30321.0
27139,2018,3.3,5.8,39952.0
27141,2018,3.1,7.1,34013.0
27143,2018,2.8,7.1,30977.0
27145,2018,4.6,13.1,29815.0
27147,2018,4.1,10.1,30822.0
27149,2018,2.3,15.7,31694.0
27151,2018,2.8,13.2,30208.0
27153,2018,3.0,13.3,25848.0
27155,2018,2.9,11.0,30553.0
27157,2018,3.2,6.0,33664.0
27159,2018,5.0,15.3,24864.0
27161,2018,3.6,9.2,28067.0
27163,2018,3.1,4.7,43789.0
27165,2018,2.6,12.7,27772.0
27167,2018,1.4,9.3,32066.0
27169,2018,3.8,14.5,28689.0
27171,2018,3.2,4.5,34325.0
27173,2018,3.0,13.4,29379.0
28001,2018,10.0,34.3,17851.0
28003,2018,8.8,17.1,21321.0
28005,2018,8.2,24.3,20380.0
28007,2018,10.5,23.1,20936.0
28009,2018,8.6,23.4,20363.0
28011,2018,10.5,34.6,17713.0
28013,2018,7.2,25.1,19099.0
28015,2018,9.8,14.8,22567.0
28017,2018,5.8,21.2,19556.0
28019,2018,8.9,23.3,20589.0
28021,2018,15.6,44.0,13503.0
28023,2018,8.2,19.3,22422.0
28025,2018,11.3,23.3,21076.0
28027,2018,17.9,34.0,17518.0
28029,2018,10.6,24.0,19434.0
28031,2018,9.9,24.4,18353.0
28033,2018,5.8,9.1,29190.0
28035,2018,10.1,25.0,22042.0
28037,2018,6.4,16.5,22769.0
28039,2018,9.3,14.6,21105.0
28041,2018,9.2,14.5,17453.0
28043,2018,6.9,24.5,21668.0
28045,2018,8.2,17.9,26659.0
28047,2018,9.6,20.1,24445.0
28049,2018,9.5,22.2,23114.0
28051,2018,19.1,43.6,13924.0
28053,2018,18.4,38.1,16604.0
28055,2018,13.7,41.7,18942.0
28057,2018,4.2,15.4,20629.0
28059,2018,8.2,16.0,25341.0
28061,2018,6.0,23.2,21929.0
28063,2018,7.5,49.7,13374.0
28065,2018,9.9,27.0,19233.0
28067,2018,6.4,21.4,22836.0
28069,2018,6.9,30.0,15518.0
28071,2018,6.8,23.8,26154.0
28073,2018,9.7,16.5,28934.0
28075,2018,6.7,21.8,23741.0
28077,2018,8.9,19.4,21809.0
28079,2018,11.0,25.9,17960.0
28081,2018,6.4,15.9,25467.0
28083,2018,11.3,39.2,16861.0
28085,2018,7.4,22.0,21892.0
28087,2018,9.2,22.1,24499.0
28089,2018,4.9,10.9,38496.0
28091,2018,7.0,28.9,18687.0
28093,2018,6.6,18.3,21352.0
28095,2018,6.4,18.0,23158.0
28097,2018,10.3,27.3,22913.0
28099,2018,8.6,23.7,19641.0
28101,2018,6.9,26.1,21600.0
28103,2018,10.1,29.5,17637.0
28105,2018,9.9,30.0,22136.0
28107,2018,7.2,20.9,19972.0
28109,2018,8.4,16.1,23135.0
28111,2018,6.8,18.7,21611.0
28113,2018,7.4,33.8,17954.0
28115,2018,7.2,19.2,20401.0
28117,2018,7.2,23.6,19693.0
28119,2018,25.8,35.5,15353.0
28121,2018,4.2,8.2,29874.0
28123,2018,7.9,29.0,21640.0
28125,2018,16.5,25.9,17877.0
28127,2018,8.2,24.9,20495.0
28129,2018,3.4,16.9,23164.0
28131,2018,4.8,17.1,21931.0
28133,2018,16.0,31.5,15464.0
28135,2018,14.2,30.6,14943.0
28137,2018,7.6,19.7,23542.0
28139,2018,7.7,19.7,20180.0
28141,2018,9.6,17.8,20037.0
28143,2018,10.5,21.9,19115.0
28145,2018,6.3,15.6,20088.0
28147,2018,6.2,27.7,20337.0
28149,2018,7.2,20.6,23793.0
28151,2018,15.1,33.3,19884.0
28153,2018,9.3,22.0,22611.0
28155,2018,5.1,25.5,21109.0
28157,2018,10.9,32.8,13231.0
28159,2018,8.2,23.0,24538.0
28161,2018,4.4,16.2,21140.0
28163,2018,15.0,32.5,18866.0
29001,2018,6.5,26.4,22000.0
29003,2018,3.2,8.6,28027.0
29005,2018,3.3,10.2,29009.0
29007,2018,7.1,15.3,21819.0
29009,2018,4.7,21.0,21960.0
29011,2018,5.8,21.6,25938.0
29013,2018,4.4,12.3,27035.0
29015,2018,8.2,19.1,23984.0
29017,2018,4.5,17.0,20949.0
29019,2018,4.3,18.3,29365.0
29021,2018,5.1,17.2,25419.0
29023,2018,9.3,21.8,21286.0
29025,2018,2.5,14.9,24238.0
29027,2018,3.3,11.6,25069.0
29029,2018,6.5,16.0,27385.0
29031,2018,5.1,17.0,26546.0
29033,2018,8.6,15.7,24597.0
29035,2018,7.1,17.2,21884.0
29037,2018,4.3,9.8,31675.0
29039,2018,9.0,18.5,22434.0
29041,2018,3.2,11.9,24470.0
29043,2018,4.3,10.2,27024.0
29045,2018,3.6,13.3,28537.0
29047,2018,4.0,7.9,33342.0
29049,2018,5.0,10.9,28216.0
29051,2018,4.1,10.8,29433.0
29053,2018,4.7,11.9,22895.0
29055,2018,10.1,19.5,21107.0
29057,2018,8.6,22.5,21538.0
29059,2018,5.1,15.0,22096.0
29061,2018,3.2,13.0,24081.0
29063,2018,2.9,13.5,19524.0
29065,2018,6.4,21.0,22581.0
29067,2018,6.2,21.4,19164.0
29069,2018,7.6,27.1,19818.0
29071,2018,4.3,10.8,28773.0
29073,2018,2.4,9.8,27240.0
29075,2018,3.6,17.4,21059.0
29077,2018,4.4,17.9,26378.0
29079,2018,3.5,16.3,23249.0
29081,2018,4.5,18.6,20986.0
29083,2018,6.5,21.5,25244.0
29085,2018,6.5,17.4,20646.0
29087,2018,4.0,12.9,25517.0
29089,2018,4.2,15.0,23328.0
29091,2018,4.5,22.2,20873.0
29093,2018,7.2,20.9,20696.0
29095,2018,5.1,15.2,30237.0
29097,2018,5.3,17.4,24086.0
29099,2018,5.7,10.3,28844.0
29101,2018,5.1,15.4,24146.0
29103,2018,6.7,19.2,22020.0
29105,2018,6.9,15.0,21577.0
29107,2018,4.4,13.0,28056.0
29109,2018,6.2,16.9,22341.0
29111,2018,2.6,15.5,22602.0
29113,2018,4.2,12.6,25472.0
29115,2018,2.8,15.0,24150.0
29117,2018,2.3,16.4,23083.0
29119,2018,4.4,19.5,20270.0
29121,2018,4.8,15.0,21118.0
29123,2018,4.1,15.6,22119.0
29125,2018,6.9,16.2,23729.0
29127,2018,5.2,18.5,23589.0
29129,2018,2.5,10.9,22097.0
29131,2018,5.9,17.9,23408.0
29133,2018,7.4,25.0,18462.0
29135,2018,5.2,13.2,22445.0
29137,2018,3.9,14.1,24625.0
29139,2018,4.0,17.1,22980.0
29141,2018,3.8,23.0,21265.0
29143,2018,8.7,23.1,20638.0
29145,2018,4.0,13.9,26996.0
29147,2018,3.9,23.3,22151.0
29149,2018,3.0,23.9,18103.0
29151,2018,2.4,7.2,26037.0
29153,2018,7.1,26.3,18818.0
29155,2018,9.8,27.9,19876.0
29157,2018,3.8,8.2,24710.0
29159,2018,5.9,17.2,22897.0
29161,2018,6.1,22.3,24304.0
29163,2018,4.5,14.0,22302.0
29165,2018,3.7,6.9,39427.0
29167,2018,4.9,14.5,22575.0
29169,2018,8.8,14.4,22018.0
29171,2018,4.9,18.1,22607.0
29173,2018,4.5,12.5,26536.0
29175,2018,5.7,15.5,20836.0
29177,2018,5.0,14.8,27768.0
29179,2018,6.7,18.2,22693.0
29181,2018,6.8,26.9,17502.0
29183,2018,3.3,5.6,37229.0
29185,2018,4.1,17.6,22672.0
29186,2018,4.3,14.6,28578.0
29187,2018,5.7,16.3,22575.0
29189,2018,5.2,9.7,39784.0
29195,2018,3.9,16.3,22802.0
29197,2018,4.0,15.6,19316.0
29199,2018,5.0,15.8,23809.0
29201,2018,5.2,20.7,23185.0
29203,2018,6.3,28.5,18066.0
29205,2018,3.4,15.0,23501.0
29207,2018,5.8,16.2,22205.0
29209,2018,6.7,12.6,27792.0
29211,2018,3.1,17.6,21661.0
29213,2018,5.8,17.2,22106.0
29215,2018,9.1,24.3,19485.0
29217,2018,3.7,13.6,24388.0
29219,2018,5.7,13.3,27523.0
29221,2018,9.0,20.1,18915.0
29223,2018,9.0,24.1,18759.0
29225,2018,4.7,16.8,21682.0
29227,2018,3.9,15.2,24159.0
29229,2018,8.0,24.9,19909.0
29510,2018,8.3,24.2,28478.0
30001,2018,3.8,15.9,28941.0
30003,2018,13.4,26.2,18560.0
30005,2018,15.2,29.6,18155.0
30007,2018,6.1,6.9,32362.0
30009,2018,3.7,10.1,32553.0
30011,2018,2.1,13.3,32001.0
30013,2018,4.1,12.8,29212.0
30015,2018,2.9,18.9,22661.0
30017,2018,2.0,9.8,30123.0
30019,2018,1.6,4.2,34799.0
30021,2018,1.5,9.6,32501.0
30023,2018,3.0,19.2,25742.0
30025,2018,2.2,9.7,34329.0
30027,2018,2.3,13.8,29237.0
30029,2018,3.7,11.7,30068.0
30031,2018,3.3,11.9,34331.0
30033,2018,0.0,5.3,27291.0
30035,2018,7.5,33.3,17219.0
30037,2018,3.6,14.5,27476.0
30039,2018,4.4,8.2,29074.0
30041,2018,6.3,19.4,23017.0
30043,2018,4.8,8.8,32133.0
30045,2018,3.2,13.7,29827.0
30047,2018,6.1,21.1,24912.0
30049,2018,3.1,11.2,32433.0
30051,2018,0.5,14.3,45587.0
30053,2018,10.4,18.5,24082.0
30055,2018,0.3,7.7,27365.0
30057,2018,3.3,10.6,34014.0
30059,2018,1.7,15.0,23972.0
30061,2018,6.8,17.0,23744.0
30063,2018,4.3,14.9,30636.0
30065,2018,6.2,19.0,22737.0
30067,2018,2.8,12.5,32133.0
30069,2018,3.0,8.4,32565.0
30071,2018,6.9,14.9,23533.0
30073,2018,6.9,20.0,24392.0
30075,2018,1.3,10.4,30969.0
30077,2018,0.9,12.7,25060.0
30079,2018,4.7,11.2,28087.0
30081,2018,5.9,14.3,27766.0
30083,2018,2.4,5.4,31849.0
30085,2018,12.0,28.3,18813.0
30087,2018,7.9,18.7,23471.0
30089,2018,8.4,19.5,23822.0
30091,2018,2.8,11.0,33711.0
30093,2018,5.0,19.1,26224.0
30095,2018,3.9,6.4,32061.0
30097,2018,0.8,7.9,29649.0
30099,2018,1.8,13.3,27402.0
30101,2018,0.9,15.0,26434.0
30103,2018,0.0,16.0,26348.0
30105,2018,5.6,9.1,28899.0
30107,2018,3.4,17.2,21442.0
30109,2018,2.1,15.8,23137.0
30111,2018,3.4,9.9,33007.0
31001,2018,3.3,13.0,28783.0
31003,2018,2.0,12.6,26406.0
31005,2018,1.0,10.3,26514.0
31007,2018,1.2,9.7,34670.0
31009,2018,0.0,12.5,26767.0
31011,2018,1.7,6.1,30680.0
31013,2018,5.2,11.9,28835.0
31015,2018,1.5,10.6,27951.0
31017,2018,0.6,15.2,28860.0
31019,2018,3.0,14.1,30184.0
31021,2018,2.9,11.7,28499.0
31023,2018,3.1,7.5,28776.0
31025,2018,3.0,6.4,33178.0
31027,2018,1.2,9.1,29494.0
31029,2018,2.5,8.4,29526.0
31031,2018,1.6,10.5,27605.0
31033,2018,2.8,10.0,32321.0
31035,2018,3.6,11.4,27297.0
31037,2018,3.2,12.4,22407.0
31039,2018,3.5,7.0,29306.0
31041,2018,2.9,11.2,33294.0
31043,2018,5.4,16.6,24365.0
31045,2018,1.2,14.4,26021.0
31047,2018,3.7,13.1,25590.0
31049,2018,4.8,10.2,27397.0
31051,2018,3.3,12.5,26757.0
31053,2018,4.6,13.7,27494.0
31055,2018,4.2,12.7,33734.0
31057,2018,1.6,10.3,25790.0
31059,2018,2.1,10.0,32631.0
31061,2018,1.6,13.8,27757.0
31063,2018,3.8,10.3,28583.0
31065,2018,2.1,10.9,27031.0
31067,2018,3.4,9.8,28438.0
31069,2018,1.4,9.1,33572.0
31071,2018,0.2,7.5,27109.0
31073,2018,2.9,5.1,34731.0
31075,2018,4.3,19.9,22640.0
31077,2018,1.4,9.5,26159.0
31079,2018,4.5,13.0,27421.0
31081,2018,2.5,4.9,32086.0
31083,2018,1.4,11.2,27421.0
31085,2018,1.0,12.4,26369.0
31087,2018,4.1,12.7,26917.0
31089,2018,1.1,8.4,29975.0
31091,2018,0.4,17.0,25791.0
31093,2018,3.3,10.5,26651.0
31095,2018,1.7,12.0,26439.0
31097,2018,2.0,9.4,23652.0
31099,2018,2.8,10.6,30355.0
31101,2018,3.7,11.7,28410.0
31103,2018,0.0,6.1,31406.0
31105,2018,7.3,9.5,23870.0
31107,2018,3.2,10.9,27372.0
31109,2018,3.4,13.1,30929.0
31111,2018,2.7,12.2,30073.0
31113,2018,0.0,7.9,24813.0
31115,2018,0.7,8.2,28299.0
31117,2018,0.0,17.0,26384.0
31119,2018,3.0,15.8,27528.0
31121,2018,2.7,10.6,29038.0
31123,2018,5.6,8.7,26461.0
31125,2018,3.3,11.3,29711.0
31127,2018,4.5,12.4,27945.0
31129,2018,1.4,12.2,26735.0
31131,2018,2.8,11.2,29229.0
31133,2018,3.3,15.6,26609.0
31135,2018,1.1,5.5,33749.0
31137,2018,0.7,8.8,30814.0
31139,2018,2.3,7.3,29509.0
31141,2018,3.8,8.3,29847.0
31143,2018,5.3,7.8,30403.0
31145,2018,3.2,9.7,25456.0
31147,2018,3.4,13.2,28965.0
31149,2018,0.4,7.4,34441.0
31151,2018,3.1,13.5,22943.0
31153,2018,3.0,5.4,34928.0
31155,2018,2.4,8.4,32344.0
31157,2018,5.1,13.4,28089.0
31159,2018,2.1,7.5,30694.0
31161,2018,2.4,18.0,27304.0
31163,2018,1.8,11.4,27380.0
31165,2018,1.1,10.7,26951.0
31167,2018,2.9,8.8,31686.0
31169,2018,1.1,8.4,28793.0
31171,2018,1.7,10.7,28701.0
31173,2018,15.0,28.3,20396.0
31175,2018,1.7,10.6,28587.0
31177,2018,2.4,8.1,34178.0
31179,2018,1.9,14.2,27192.0
31181,2018,2.4,11.0,26970.0
31183,2018,0.4,9.2,27832.0
31185,2018,2.9,10.1,31577.0
32001,2018,7.2,12.8,26606.0
32003,2018,7.2,14.1,29256.0
32005,2018,5.2,9.3,36390.0
32007,2018,4.5,11.9,33091.0
32009,2018,1.8,7.2,24713.0
32011,2018,0.0,7.7,34590.0
32013,2018,5.3,11.5,30516.0
32015,2018,9.3,14.9,33329.0
32017,2018,10.6,6.8,25304.0
32019,2018,8.7,11.6,26855.0
32021,2018,14.8,23.6,22897.0
32023,2018,9.4,16.2,25092.0
32027,2018,7.0,15.1,19330.0
32029,2018,4.3,7.9,35887.0
32031,2018,5.6,12.2,33546.0
32033,2018,3.8,10.9,26412.0
32510,2018,6.2,13.7,29767.0
33001,2018,4.7,8.7,35382.0
33003,2018,3.6,9.6,36033.0
33005,2018,3.8,9.9,34136.0
33007,2018,5.6,12.8,26535.0
33009,2018,3.4,9.9,36619.0
33011,2018,4.3,8.1,39478.0
33013,2018,3.9,7.2,36148.0
33015,2018,3.7,4.7,45242.0
33017,2018,4.1,10.0,34161.0
33019,2018,3.7,10.8,31668.0
34001,2018,9.6,14.3,31366.0
34003,2018,4.5,7.0,48426.0
34005,2018,6.3,6.5,41517.0
34007,2018,7.1,12.6,34280.0
34009,2018,7.7,11.1,38496.0
34011,2018,7.3,17.6,23946.0
34013,2018,9.2,16.4,37141.0
34015,2018,6.3,7.4,37888.0
34017,2018,6.1,16.3,38147.0
34019,2018,4.0,4.8,54984.0
34021,2018,6.8,11.4,42155.0
34023,2018,5.6,8.5,38140.0
34025,2018,5.2,7.4,48959.0
34027,2018,4.7,4.6,55826.0
34029,2018,5.9,10.7,34784.0
34031,2018,5.0,16.7,30800.0
34033,2018,7.3,13.0,32526.0
34035,2018,4.5,4.7,54393.0
34037,2018,5.7,5.1,42639.0
34039,2018,6.3,9.8,40201.0
34041,2018,6.3,7.8,38132.0
35001,2018,6.3,17.4,29415.0
35003,2018,0.0,22.9,20767.0
35005,2018,5.9,20.6,21356.0
35006,2018,15.4,26.5,18514.0
35007,2018,9.3,23.8,22293.0
35009,2018,6.8,20.6,23729.0
35011,2018,3.6,16.8,19215.0
35013,2018,8.3,27.7,21300.0
35015,2018,4.5,15.3,28957.0
35017,2018,7.6,21.8,24913.0
35019,2018,6.3,14.5,17930.0
35021,2018,6.1,18.3,32424.0
35023,2018,9.2,28.1,20275.0
35025,2018,6.4,16.6,24879.0
35027,2018,4.3,16.2,26534.0
35028,2018,3.5,5.3,56410.0
35029,2018,12.0,30.2,16496.0
35031,2018,15.7,36.0,15278.0
35033,2018,7.4,19.3,17689.0
35035,2018,8.0,21.2,22477.0
35037,2018,6.1,22.1,18637.0
35039,2018,,,
35041,2018,9.1,25.6,19849.0
35043,2018,7.7,14.3,27549.0
35045,2018,8.9,21.3,23206.0
35047,2018,6.4,27.7,20285.0
35049,2018,4.5,12.8,37080.0
35051,2018,10.9,24.9,25389.0
35053,2018,4.7,29.1,17464.0
35055,2018,8.4,19.4,23642.0
35057,2018,5.2,25.8,20072.0
35059,2018,1.5,14.1,23968.0
35061,2018,8.4,19.5,21934.0
36001,2018,4.8,12.0,36454.0
36003,2018,6.1,17.0,23030.0
36005,2018,10.5,29.1,20850.0
36007,2018,6.6,17.0,27744.0
36009,2018,6.3,16.5,24628.0
36011,2018,5.4,11.7,29022.0
36013,2018,6.9,18.7,24825.0
36015,2018,5.0,14.8,28115.0
36017,2018,5.7,14.3,26717.0
36019,2018,4.8,15.3,26772.0
36021,2018,4.9,11.9,35581.0
36023,2018,4.5,15.5,26979.0
36025,2018,5.1,16.2,26629.0
36027,2018,5.9,9.1,38048.0
36029,2018,4.8,14.5,32347.0
36031,2018,5.8,9.5,30273.0
36033,2018,7.1,18.2,25491.0
36035,2018,6.1,15.5,26875.0
36037,2018,4.7,11.4,29465.0
36039,2018,4.6,13.3,27271.0
36041,2018,8.0,6.9,25918.0
36043,2018,7.2,14.6,26151.0
36045,2018,6.5,14.2,25884.0
36047,2018,7.0,21.1,31984.0
36049,2018,6.9,14.1,26169.0
36051,2018,4.2,13.6,27073.0
36053,2018,4.7,9.9,28925.0
36055,2018,5.9,14.7,32502.0
36057,2018,7.7,19.9,25427.0
36059,2018,4.3,5.7,49211.0
36061,2018,5.7,16.6,72832.0
36063,2018,5.3,13.4,29824.0
36065,2018,5.5,16.1,28548.0
36067,2018,6.0,14.6,32678.0
36069,2018,4.1,9.6,35121.0
36071,2018,4.9,11.8,33472.0
36073,2018,5.2,14.3,25261.0
36075,2018,7.9,17.9,27217.0
36077,2018,6.4,15.4,27680.0
36079,2018,5.3,5.3,45905.0
36081,2018,6.2,13.0,30289.0
36083,2018,5.1,12.0,34280.0
36085,2018,4.9,12.8,34987.0
36087,2018,5.5,14.3,38076.0
36089,2018,7.4,17.7,24473.0
36091,2018,3.8,6.2,41709.0
36093,2018,6.6,11.4,31412.0
36095,2018,5.8,13.2,28712.0
36097,2018,5.5,13.9,26484.0
36099,2018,3.5,12.4,27366.0
36101,2018,6.5,14.0,28600.0
36103,2018,4.7,7.1,42204.0
36105,2018,7.7,14.7,29292.0
36107,2018,6.3,10.5,31330.0
36109,2018,4.6,19.6,31464.0
36111,2018,6.2,13.9,33879.0
36113,2018,4.4,10.5,33605.0
36115,2018,5.7,12.0,27156.0
36117,2018,5.9,11.3,29028.0
36119,2018,5.8,9.2,54572.0
36121,2018,5.9,10.9,27150.0
36123,2018,4.7,11.4,27512.0
37001,2018,5.7,16.8,26215.0
37003,2018,6.7,14.9,24452.0
37005,2018,5.9,24.6,21244.0
37007,2018,9.9,19.8,20124.0
37009,2018,4.6,18.0,24039.0
37011,2018,4.3,14.4,20253.0
37013,2018,8.9,19.2,26233.0
37015,2018,11.7,23.0,20430.0
37017,2018,7.1,26.0,20803.0
37019,2018,6.3,12.9,31204.0
37021,2018,4.0,12.3,31439.0
37023,2018,8.9,18.1,23466.0
37025,2018,6.0,10.9,31050.0
37027,2018,6.6,16.6,22945.0
37029,2018,9.3,11.2,26951.0
37031,2018,6.6,11.6,32005.0
37033,2018,6.8,19.6,22982.0
37035,2018,7.0,13.2,26950.0
37037,2018,5.1,11.9,39299.0
37039,2018,6.4,16.5,22754.0
37041,2018,11.0,19.6,24084.0
37043,2018,2.3,15.8,26590.0
37045,2018,9.2,20.2,21920.0
37047,2018,7.0,23.8,22081.0
37049,2018,8.0,15.3,28007.0
37051,2018,9.0,18.2,24301.0
37053,2018,4.8,10.0,30017.0
37055,2018,5.2,8.2,33550.0
37057,2018,7.2,15.5,25109.0
37059,2018,5.5,13.7,29613.0
37061,2018,9.0,24.1,19455.0
37063,2018,5.2,16.0,34063.0
37065,2018,7.9,23.6,20055.0
37067,2018,6.4,17.6,29921.0
37069,2018,5.5,14.4,26273.0
37071,2018,6.7,15.6,26069.0
37073,2018,6.8,11.1,25334.0
37075,2018,6.9,18.1,19323.0
37077,2018,6.1,13.9,26228.0
37079,2018,9.7,25.7,18339.0
37081,2018,6.0,15.9,29708.0
37083,2018,8.7,25.2,21016.0
37085,2018,7.9,17.0,23011.0
37087,2018,4.7,13.9,29453.0
37089,2018,2.9,10.6,29860.0
37091,2018,11.0,23.4,18918.0
37093,2018,9.1,21.0,20656.0
37095,2018,10.4,22.3,18433.0
37097,2018,6.0,11.8,32006.0
37099,2018,4.7,19.4,24073.0
37101,2018,5.5,13.3,25847.0
37103,2018,8.9,26.2,21539.0
37105,2018,7.9,16.1,23842.0
37107,2018,12.3,23.0,22361.0
37109,2018,6.4,14.4,29089.0
37111,2018,5.8,17.1,22725.0
37113,2018,4.5,16.6,28429.0
37115,2018,5.6,17.6,25326.0
37117,2018,10.9,18.2,23269.0
37119,2018,5.8,12.7,37298.0
37121,2018,4.3,14.0,23907.0
37123,2018,4.8,19.7,22760.0
37125,2018,5.3,12.6,33432.0
37127,2018,6.3,15.5,26980.0
37129,2018,6.2,17.3,32629.0
37131,2018,7.0,21.9,20538.0
37133,2018,9.6,13.8,23783.0
37135,2018,4.4,13.4,40650.0
37137,2018,7.9,14.1,27026.0
37139,2018,6.8,16.1,23699.0
37141,2018,7.4,15.1,27724.0
37143,2018,6.7,15.5,25809.0
37145,2018,8.6,17.7,25922.0
37147,2018,9.2,23.9,25722.0
37149,2018,5.2,9.5,30344.0
37151,2018,5.4,15.8,24127.0
37153,2018,9.6,24.1,20745.0
37155,2018,8.1,28.1,17881.0
37157,2018,6.1,18.0,23604.0
37159,2018,7.7,16.5,25117.0
37161,2018,8.4,18.0,22493.0
37163,2018,8.5,24.1,21950.0
37165,2018,12.5,27.7,18242.0
37167,2018,6.2,14.3,24671.0
37169,2018,6.3,13.6,25091.0
37171,2018,4.4,16.9,23957.0
37173,2018,6.9,17.3,20984.0
37175,2018,5.8,14.7,27050.0
37177,2018,5.3,25.2,18682.0
37179,2018,5.3,8.9,34379.0
37181,2018,9.3,23.9,23211.0
37183,2018,4.3,9.8,39102.0
37185,2018,9.0,19.2,22461.0
37187,2018,7.5,23.5,21043.0
37189,2018,7.4,27.2,24906.0
37191,2018,7.8,21.4,24124.0
37193,2018,5.8,19.9,23745.0
37195,2018,8.0,21.5,24273.0
37197,2018,5.3,15.3,23566.0
37199,2018,7.8,19.2,23264.0
38001,2018,1.3,8.3,33652.0
38003,2018,2.6,10.5,33868.0
38005,2018,5.8,34.8,21407.0
38007,2018,3.7,8.6,45523.0
38009,2018,3.8,10.1,35039.0
38011,2018,2.5,7.8,36221.0
38013,2018,1.8,6.6,35806.0
38015,2018,1.9,8.3,37764.0
38017,2018,2.9,10.7,36655.0
38019,2018,1.3,10.0,43125.0
38021,2018,2.7,5.3,32943.0
38023,2018,0.7,13.7,45190.0
38025,2018,3.4,8.9,44492.0
38027,2018,1.2,13.7,34565.0
38029,2018,1.4,10.2,29417.0
38031,2018,1.2,7.2,33737.0
38033,2018,1.6,6.5,32590.0
38035,2018,3.8,17.2,31052.0
38037,2018,2.4,11.8,36287.0
38039,2018,1.3,8.1,35069.0
38041,2018,1.8,9.5,32474.0
38043,2018,1.1,10.0,32364.0
38045,2018,0.5,11.6,36584.0
38047,2018,0.9,7.5,33396.0
38049,2018,1.6,8.6,37626.0
38051,2018,0.3,8.1,32389.0
38053,2018,3.7,13.5,36798.0
38055,2018,1.4,8.2,35367.0
38057,2018,0.9,7.1,38298.0
38059,2018,3.1,8.1,39300.0
38061,2018,4.1,10.1,37602.0
38063,2018,0.3,10.5,33360.0
38065,2018,4.4,9.0,33849.0
38067,2018,2.8,7.0,36251.0
38069,2018,1.0,17.1,28008.0
38071,2018,0.8,11.6,35059.0
38073,2018,1.3,5.8,34691.0
38075,2018,1.9,4.7,33635.0
38077,2018,3.0,9.4,30820.0
38079,2018,7.9,29.3,19295.0
38081,2018,1.3,3.8,37039.0
38083,2018,2.6,14.0,32559.0
38085,2018,16.0,36.5,16706.0
38087,2018,1.2,5.5,37340.0
38089,2018,3.3,8.8,37897.0
38091,2018,2.2,6.0,39403.0
38093,2018,3.3,11.8,32001.0
38095,2018,4.1,12.2,36217.0
38097,2018,3.0,6.6,32712.0
38099,2018,2.5,9.6,31366.0
38101,2018,2.9,9.1,34382.0
38103,2018,2.7,6.6,34602.0
38105,2018,2.3,6.9,43824.0
39001,2018,7.1,22.6,21543.0
39003,2018,6.0,14.8,25662.0
39005,2018,4.1,13.3,25471.0
39007,2018,7.3,20.3,22817.0
39009,2018,7.7,30.6,20745.0
39011,2018,3.5,8.7,29908.0
39013,2018,6.1,13.6,26106.0
39015,2018,5.6,15.9,25637.0
39017,2018,5.1,13.0,30777.0
39019,2018,4.6,13.1,28421.0
39021,2018,6.0,11.0,26515.0
39023,2018,7.3,15.8,25948.0
39025,2018,4.2,9.5,32900.0
39027,2018,6.1,13.0,26861.0
39029,2018,6.7,14.6,25853.0
39031,2018,6.2,16.4,22471.0
39033,2018,5.3,15.0,24513.0
39035,2018,8.3,18.1,31804.0
39037,2018,4.7,10.1,26262.0
39039,2018,4.6,10.8,28491.0
39041,2018,2.7,4.6,47183.0
39043,2018,5.4,12.0,31677.0
39045,2018,4.4,9.4,31136.0
39047,2018,6.0,17.0,24931.0
39049,2018,5.2,16.3,32552.0
39051,2018,4.8,9.4,28411.0
39053,2018,5.2,22.5,22588.0
39055,2018,2.9,6.1,42149.0
39057,2018,5.5,12.2,34682.0
39059,2018,7.0,20.2,23599.0
39061,2018,6.1,16.2,34125.0
39063,2018,4.3,11.6,30794.0
39065,2018,5.9,16.7,22329.0
39067,2018,5.6,17.0,24108.0
39069,2018,4.2,9.7,28328.0
39071,2018,6.5,20.9,22624.0
39073,2018,5.9,13.6,24138.0
39075,2018,2.2,11.1,22923.0
39077,2018,4.9,13.6,25375.0
39079,2018,10.5,19.6,22117.0
39081,2018,8.0,18.1,25658.0
39083,2018,5.3,14.2,25589.0
39085,2018,4.4,8.3,33737.0
39087,2018,6.2,18.6,23692.0
39089,2018,4.9,11.4,30338.0
39091,2018,4.9,13.4,27840.0
39093,2018,6.3,13.7,29777.0
39095,2018,7.5,19.1,28361.0
39097,2018,4.8,10.2,28331.0
39099,2018,8.0,17.6,27429.0
39101,2018,6.7,16.0,22878.0
39103,2018,3.2,6.4,35979.0
39105,2018,8.3,22.4,23897.0
39107,2018,2.6,6.9,28513.0
39109,2018,4.6,9.4,29703.0
39111,2018,6.5,16.6,25141.0
39113,2018,7.2,17.4,28807.0
39115,2018,5.0,19.1,22454.0
39117,2018,3.6,10.2,27212.0
39119,2018,6.6,16.3,24080.0
39121,2018,4.8,15.4,24616.0
39123,2018,4.7,10.4,33081.0
39125,2018,4.6,10.3,25918.0
39127,2018,7.5,19.4,22659.0
39129,2018,4.1,11.7,26515.0
39131,2018,8.4,19.4,22301.0
39133,2018,6.3,13.1,29439.0
39135,2018,4.9,11.6,27031.0
39137,2018,2.9,6.7,30064.0
39139,2018,6.5,14.3,24545.0
39141,2018,7.6,17.9,23756.0
39143,2018,5.0,13.6,26256.0
39145,2018,7.9,23.6,23042.0
39147,2018,4.9,14.7,25555.0
39149,2018,4.5,9.1,29008.0
39151,2018,6.0,13.9,28434.0
39153,2018,5.6,13.1,32055.0
39155,2018,5.2,17.5,26116.0
39157,2018,4.1,13.2,26034.0
39159,2018,2.5,6.9,34691.0
39161,2018,4.4,11.1,26698.0
39163,2018,9.8,20.9,20823.0
39165,2018,3.6,4.6,39448.0
39167,2018,4.0,15.1,27860.0
39169,2018,3.9,12.4,26822.0
39171,2018,4.4,13.7,25428.0
39173,2018,4.8,13.3,31324.0
39175,2018,3.8,9.5,27037.0
40001,2018,5.3,29.3,16851.0
40003,2018,3.4,8.9,27871.0
40005,2018,6.0,20.2,20733.0
40007,2018,4.5,12.6,24610.0
40009,2018,4.2,14.2,24049.0
40011,2018,3.0,12.8,25708.0
40013,2018,5.6,16.7,23453.0
40015,2018,7.6,20.0,22062.0
40017,2018,4.4,8.4,30545.0
40019,2018,5.5,16.9,25110.0
40021,2018,7.4,20.9,20575.0
40023,2018,8.9,29.0,21329.0
40025,2018,1.9,16.4,27929.0
40027,2018,4.2,12.5,30507.0
40029,2018,6.5,22.9,24399.0
40031,2018,7.4,15.4,26149.0
40033,2018,7.6,17.4,22596.0
40035,2018,5.8,18.5,20704.0
40037,2018,3.6,15.5,25150.0
40039,2018,3.3,17.6,25569.0
40041,2018,7.5,19.0,22976.0
40043,2018,1.7,17.1,27432.0
40045,2018,5.5,17.6,27120.0
40047,2018,5.1,14.7,26454.0
40049,2018,3.6,16.2,23020.0
40051,2018,3.7,11.5,28577.0
40053,2018,3.0,9.4,29060.0
40055,2018,8.5,21.8,18292.0
40057,2018,4.3,15.7,22588.0
40059,2018,2.0,10.5,24714.0
40061,2018,9.2,19.6,21280.0
40063,2018,8.5,21.8,20438.0
40065,2018,5.1,17.4,23226.0
40067,2018,7.2,22.8,19155.0
40069,2018,7.1,20.1,20930.0
40071,2018,7.0,17.5,24853.0
40073,2018,5.1,11.4,32049.0
40075,2018,4.7,22.2,20888.0
40077,2018,8.1,18.9,23842.0
40079,2018,6.0,21.7,20656.0
40081,2018,5.4,14.2,24454.0
40083,2018,4.9,12.9,29387.0
40085,2018,4.3,13.5,21704.0
40087,2018,3.4,8.9,29797.0
40089,2018,6.2,22.8,19692.0
40091,2018,7.0,21.4,22922.0
40093,2018,2.9,12.0,28801.0
40095,2018,4.1,15.9,23872.0
40097,2018,5.3,17.4,23861.0
40099,2018,3.8,14.9,26837.0
40101,2018,6.3,21.1,22775.0
40103,2018,4.1,12.6,27828.0
40105,2018,7.4,16.9,22147.0
40107,2018,8.8,24.5,17281.0
40109,2018,4.9,16.7,30398.0
40111,2018,9.5,20.0,22400.0
40113,2018,6.5,16.5,24363.0
40115,2018,6.6,21.4,20209.0
40117,2018,4.3,15.4,23916.0
40119,2018,4.9,26.4,23589.0
40121,2018,6.5,17.4,24750.0
40123,2018,5.1,15.4,24683.0
40125,2018,6.2,16.3,23155.0
40127,2018,7.5,18.4,23346.0
40129,2018,6.3,19.5,26431.0
40131,2018,4.8,9.5,30886.0
40133,2018,7.7,21.0,20460.0
40135,2018,8.2,23.1,20020.0
40137,2018,6.6,14.7,25374.0
40139,2018,2.9,17.6,22120.0
40141,2018,4.7,21.6,21673.0
40143,2018,5.5,15.1,30894.0
40145,2018,5.8,10.6,28286.0
40147,2018,4.9,13.9,30267.0
40149,2018,4.4,13.8,26744.0
40151,2018,4.5,13.6,27232.0
40153,2018,5.2,11.6,28248.0
41001,2018,8.3,15.7,26152.0
41003,2018,6.2,19.4,32297.0
41005,2018,4.7,8.5,39619.0
41007,2018,6.0,10.5,28750.0
41009,2018,7.0,12.1,29317.0
41011,2018,7.7,17.1,26610.0
41013,2018,8.5,14.6,25128.0
41015,2018,8.0,14.5,28365.0
41017,2018,5.2,10.8,34187.0
41019,2018,8.1,16.2,25602.0
41021,2018,9.3,10.7,25649.0
41023,2018,7.5,14.6,26029.0
41025,2018,13.1,16.6,25871.0
41027,2018,4.2,10.0,32581.0
41029,2018,6.5,16.3,28728.0
41031,2018,10.0,19.9,22492.0
41033,2018,8.2,18.6,24763.0
41035,2018,8.7,20.3,24296.0
41037,2018,6.0,16.6,22469.0
41039,2018,7.1,18.5,28070.0
41041,2018,6.0,16.7,27072.0
41043,2018,7.9,14.4,25781.0
41045,2018,7.7,23.0,18700.0
41047,2018,6.1,15.2,26143.0
41049,2018,4.5,15.5,22599.0
41051,2018,5.6,15.1,36868.0
41053,2018,7.5,14.1,27492.0
41055,2018,3.9,13.1,33821.0
41057,2018,4.8,15.0,27122.0
41059,2018,7.9,18.1,23464.0
41061,2018,6.4,15.9,27425.0
41063,2018,4.5,14.8,28960.0
41065,2018,4.4,13.4,26249.0
41067,2018,5.0,9.6,37657.0
41069,2018,7.7,20.0,21375.0
41071,2018,5.4,13.7,29141.0
42001,2018,4.5,8.8,30534.0
42003,2018,5.3,12.1,36907.0
42005,2018,6.3,11.7,26465.0
42007,2018,5.1,10.9,30016.0
42009,2018,4.9,12.7,25163.0
42011,2018,6.7,12.8,30187.0
42013,2018,5.0,14.6,26648.0
42015,2018,4.8,12.0,27319.0
42017,2018,4.5,6.1,44103.0
42019,2018,4.2,8.3,36383.0
42021,2018,6.6,15.4,25779.0
42023,2018,3.6,14.3,25898.0
42025,2018,7.0,12.5,26867.0
42027,2018,4.3,18.4,29432.0
42029,2018,4.4,6.8,48225.0
42031,2018,6.6,16.2,24293.0
42033,2018,7.1,14.9,23743.0
42035,2018,5.6,17.4,23780.0
42037,2018,4.9,14.3,25794.0
42039,2018,5.9,14.1,25731.0
42041,2018,3.8,7.4,36012.0
42043,2018,5.0,12.7,32485.0
42045,2018,6.0,10.0,38251.0
42047,2018,3.8,9.8,28476.0
42049,2018,5.9,16.3,27349.0
42051,2018,7.3,17.7,25876.0
42053,2018,6.3,14.5,15360.0
42055,2018,5.3,10.3,29748.0
42057,2018,5.6,11.4,26082.0
42059,2018,4.4,14.2,26902.0
42061,2018,6.3,13.3,24159.0
42063,2018,7.3,16.8,25276.0
42065,2018,4.3,13.9,24974.0
42067,2018,3.9,11.9,25057.0
42069,2018,4.8,15.1,28427.0
42071,2018,4.0,10.0,30778.0
42073,2018,6.2,14.1,27734.0
42075,2018,5.3,10.4,28560.0
42077,2018,6.5,12.5,32252.0
42079,2018,6.3,14.9,27919.0
42081,2018,5.2,14.2,26867.0
42083,2018,6.8,16.8,25517.0
42085,2018,5.3,14.2,26561.0
42087,2018,3.6,14.4,24407.0
42089,2018,7.9,11.5,28486.0
42091,2018,4.6,6.2,46776.0
42093,2018,2.2,11.1,34095.0
42095,2018,5.3,9.1,34017.0
42097,2018,4.5,13.9,25506.0
42099,2018,3.7,8.5,29685.0
42101,2018,10.2,24.9,26557.0
42103,2018,7.4,10.0,33111.0
42105,2018,6.6,14.3,24087.0
42107,2018,6.2,12.7,26070.0
42109,2018,2.7,10.6,26415.0
42111,2018,5.4,12.4,25294.0
42113,2018,8.0,13.4,28665.0
42115,2018,6.1,12.3,29630.0
42117,2018,5.9,14.2,26059.0
42119,2018,3.7,11.3,25606.0
42121,2018,6.8,13.8,25837.0
42123,2018,5.2,12.7,27593.0
42125,2018,5.1,9.3,34244.0
42127,2018,6.0,11.6,26570.0
42129,2018,4.4,10.0,32916.0
42131,2018,5.8,10.5,28810.0
42133,2018,5.0,10.0,31468.0
44001,2018,3.5,7.6,43617.0
44003,2018,5.4,8.0,38039.0
44005,2018,4.6,8.6,45442.0
44007,2018,6.8,16.2,30356.0
44009,2018,6.1,9.4,41000.0
45001,2018,7.6,22.5,21185.0
45003,2018,7.8,16.1,27526.0
45005,2018,16.4,26.8,14744.0
45007,2018,5.8,15.2,25807.0
45009,2018,5.8,25.9,18873.0
45011,2018,8.0,26.2,19620.0
45013,2018,5.9,11.1,36306.0
45015,2018,5.2,12.2,28331.0
45017,2018,6.4,18.4,25953.0
45019,2018,4.4,14.7,37801.0
45021,2018,5.9,20.5,21432.0
45023,2018,7.2,21.1,21240.0
45025,2018,9.4,22.5,20676.0
45027,2018,11.8,23.4,20967.0
45029,2018,9.1,21.2,21003.0
45031,2018,11.6,22.3,21587.0
45033,2018,8.7,33.8,16473.0
45035,2018,5.8,12.2,28704.0
45037,2018,6.6,15.5,25410.0
45039,2018,7.9,22.9,22527.0
45041,2018,7.8,19.1,25149.0
45043,2018,8.5,18.3,29929.0
45045,2018,4.7,12.4,30776.0
45047,2018,8.3,22.5,23945.0
45049,2018,9.9,18.7,17523.0
45051,2018,6.4,16.4,26917.0
45053,2018,9.1,20.2,22406.0
45055,2018,6.6,16.4,24253.0
45057,2018,6.7,14.5,29271.0
45059,2018,8.4,19.9,21743.0
45061,2018,8.5,25.0,17544.0
45063,2018,5.7,12.7,30316.0
45065,2018,13.2,19.1,24419.0
45067,2018,10.1,24.2,19992.0
45069,2018,13.0,26.0,17034.0
45071,2018,7.2,18.7,23344.0
45073,2018,6.4,18.3,28076.0
45075,2018,9.3,24.2,19992.0
45077,2018,5.8,17.5,24803.0
45079,2018,6.8,16.3,29010.0
45081,2018,6.0,16.2,22174.0
45083,2018,5.7,14.8,26072.0
45085,2018,10.6,20.3,22272.0
45087,2018,7.5,21.7,22372.0
45089,2018,7.3,25.1,18454.0
45091,2018,6.0,11.5,32227.0
46003,2018,1.2,7.3,31468.0
46005,2018,1.7,18.1,26316.0
46007,2018,11.8,34.6,16625.0
46009,2018,1.4,10.9,23525.0
46011,2018,3.5,15.4,27968.0
46013,2018,2.2,12.0,31977.0
46015,2018,2.0,17.8,28292.0
46017,2018,18.1,39.2,11471.0
46019,2018,3.8,12.2,26702.0
46021,2018,1.0,4.0,39986.0
46023,2018,6.8,20.2,21787.0
46025,2018,3.5,13.1,30339.0
46027,2018,5.8,25.3,26230.0
46029,2018,2.6,12.4,29992.0
46031,2018,26.4,44.3,15984.0
46033,2018,3.4,13.1,30439.0
46035,2018,3.0,12.8,29342.0
46037,2018,1.9,19.2,28873.0
46039,2018,2.0,9.8,29281.0
46041,2018,22.1,30.2,16967.0
46043,2018,1.1,7.4,29458.0
46045,2018,2.6,5.5,32492.0
46047,2018,1.8,13.8,27266.0
46049,2018,0.4,12.8,29065.0
46051,2018,1.0,7.8,31453.0
46053,2018,1.1,13.9,27579.0
46055,2018,2.6,13.3,24426.0
46057,2018,2.0,5.8,27777.0
46059,2018,0.7,9.0,33865.0
46061,2018,1.2,6.7,25039.0
46063,2018,2.3,8.5,31599.0
46065,2018,2.1,11.2,33810.0
46067,2018,3.9,10.5,27995.0
46069,2018,1.9,14.4,31692.0
46071,2018,8.4,47.7,13595.0
46073,2018,0.3,8.3,38650.0
46075,2018,4.9,10.6,28850.0
46077,2018,0.8,9.5,32259.0
46079,2018,4.2,12.4,31574.0
46081,2018,2.6,11.8,31744.0
46083,2018,2.2,3.7,39797.0
46085,2018,6.7,22.0,22097.0
46087,2018,3.8,10.0,28032.0
46089,2018,8.1,15.4,27240.0
46091,2018,1.5,8.3,31307.0
46093,2018,1.4,7.4,28654.0
46095,2018,8.2,48.3,13538.0
46097,2018,2.6,9.1,27570.0
46099,2018,3.2,10.8,30471.0
46101,2018,4.5,14.9,29142.0
46102,2018,19.7,49.3,10148.0
46103,2018,3.8,13.4,30518.0
46105,2018,3.2,11.8,33065.0
46107,2018,0.8,7.1,31467.0
46109,2018,6.1,18.8,26537.0
46111,2018,3.2,10.3,32404.0
46115,2018,2.2,9.5,33597.0
46117,2018,1.6,4.7,35936.0
46119,2018,0.6,4.4,42276.0
46121,2018,13.2,55.1,10931.0
46123,2018,3.5,19.9,26242.0
46125,2018,2.5,10.7,29465.0
46127,2018,1.8,7.1,40699.0
46129,2018,2.8,10.0,31302.0
46135,2018,3.1,12.6,31986.0
46137,2018,23.1,41.0,14943.0
47001,2018,6.0,16.2,27913.0
47003,2018,5.1,15.8,23988.0
47005,2018,7.8,21.4,21374.0
47007,2018,9.3,20.3,23453.0
47009,2018,5.1,11.7,29634.0
47011,2018,6.0,16.6,26319.0
47013,2018,8.6,19.7,23064.0
47015,2018,4.9,15.9,24700.0
47017,2018,6.0,19.8,22007.0
47019,2018,5.4,23.5,21963.0
47021,2018,4.5,11.5,26719.0
47023,2018,9.5,18.5,21425.0
47025,2018,8.5,23.6,20753.0
47027,2018,4.4,26.7,19512.0
47029,2018,10.0,24.9,21332.0
47031,2018,5.5,14.1,25637.0
47033,2018,5.2,19.3,22050.0
47035,2018,6.8,15.2,24985.0
47037,2018,4.6,16.4,34343.0
47039,2018,8.9,19.4,24337.0
47041,2018,5.1,17.5,25643.0
47043,2018,4.0,14.3,26093.0
47045,2018,7.7,18.5,25427.0
47047,2018,6.8,13.9,31629.0
47049,2018,7.0,21.8,19013.0
47051,2018,4.6,14.8,27027.0
47053,2018,6.6,17.1,22565.0
47055,2018,6.1,14.7,23877.0
47057,2018,6.5,18.5,22151.0
47059,2018,6.5,17.0,23668.0
47061,2018,8.5,24.3,18782.0
47063,2018,7.9,19.5,22252.0
47065,2018,5.5,13.7,31184.0
47067,2018,8.4,25.8,20578.0
47069,2018,13.3,20.8,17352.0
47071,2018,7.9,20.5,22905.0
47073,2018,7.0,19.0,23801.0
47075,2018,7.2,19.6,22148.0
47077,2018,7.8,19.4,21793.0
47079,2018,6.7,19.8,22727.0
47081,2018,4.9,18.1,22248.0
47083,2018,5.8,15.9,21866.0
47085,2018,6.4,18.0,23636.0
47087,2018,7.9,19.7,20276.0
47089,2018,5.9,14.0,24855.0
47091,2018,3.8,23.5,19784.0
47093,2018,4.8,15.2,31678.0
47095,2018,9.8,26.9,16671.0
47097,2018,8.3,22.3,18128.0
47099,2018,8.7,19.0,20752.0
47101,2018,3.7,20.3,21510.0
47103,2018,4.9,15.9,25077.0
47105,2018,5.4,11.9,30175.0
47107,2018,7.0,19.6,23842.0
47109,2018,12.3,20.7,20236.0
47111,2018,4.4,17.9,21972.0
47113,2018,5.1,19.4,25555.0
47115,2018,5.2,18.2,24714.0
47117,2018,6.2,14.7,24876.0
47119,2018,5.2,12.4,27307.0
47121,2018,9.4,17.0,23555.0
47123,2018,9.2,19.3,21919.0
47125,2018,7.1,13.5,25938.0
47127,2018,4.7,7.9,29969.0
47129,2018,7.7,22.0,19726.0
47131,2018,6.3,22.7,23141.0
47133,2018,4.0,17.0,20581.0
47135,2018,8.3,30.3,28270.0
47137,2018,4.1,17.2,23250.0
47139,2018,8.1,16.4,24667.0
47141,2018,6.2,19.5,23873.0
47143,2018,7.7,21.9,22070.0
47145,2018,7.3,15.0,27897.0
47147,2018,6.0,11.6,28425.0
47149,2018,4.8,11.8,28883.0
47151,2018,9.0,22.3,19179.0
47153,2018,5.6,16.6,22383.0
47155,2018,5.7,15.0,23869.0
47157,2018,7.7,20.6,28828.0
47159,2018,3.6,14.9,26256.0
47161,2018,7.2,16.5,22601.0
47163,2018,6.2,16.6,26933.0
47165,2018,3.9,9.5,32297.0
47167,2018,7.7,13.9,27212.0
47169,2018,9.7,15.9,23634.0
47171,2018,9.2,21.1,22700.0
47173,2018,8.6,21.6,21677.0
47175,2018,11.8,19.0,19560.0
47177,2018,6.1,22.9,22328.0
47179,2018,4.8,15.7,28261.0
47181,2018,7.2,19.6,19350.0
47183,2018,6.0,20.2,21641.0
47185,2018,7.9,17.4,20973.0
47187,2018,3.3,4.3,50931.0
47189,2018,3.9,8.2,32850.0
48001,2018,3.3,14.8,16868.0
48003,2018,4.7,10.4,31190.0
48005,2018,7.9,18.3,22322.0
48007,2018,6.6,20.3,30939.0
48009,2018,3.5,9.3,31806.0
48011,2018,0.9,7.3,31075.0
48013,2018,8.1,15.0,24421.0
48015,2018,4.7,10.8,30858.0
48017,2018,2.2,14.5,21449.0
48019,2018,6.2,15.0,28539.0
48021,2018,6.7,10.0,26540.0
48023,2018,2.4,10.9,25264.0
48025,2018,8.9,21.7,17390.0
48027,2018,7.7,13.9,25911.0
48029,2018,5.8,16.3,26988.0
48031,2018,5.7,9.5,34925.0
48033,2018,2.1,2.6,33781.0
48035,2018,4.5,14.5,26039.0
48037,2018,6.6,17.2,25355.0
48039,2018,4.7,9.2,33547.0
48041,2018,4.4,25.0,26539.0
48043,2018,4.4,12.4,27227.0
48045,2018,5.5,15.6,24286.0
48047,2018,14.6,38.9,13800.0
48049,2018,4.0,14.5,25145.0
48051,2018,6.1,12.6,28732.0
48053,2018,4.5,11.0,30507.0
48055,2018,2.7,17.7,23881.0
48057,2018,7.2,14.1,26596.0
48059,2018,3.3,14.1,24537.0
48061,2018,6.6,30.6,16587.0
48063,2018,6.2,19.9,20898.0
48065,2018,2.3,6.3,32917.0
48067,2018,7.2,19.6,22545.0
48069,2018,2.1,15.7,20915.0
48071,2018,6.1,12.7,34372.0
48073,2018,5.4,18.2,21520.0
48075,2018,11.0,14.6,20234.0
48077,2018,6.9,13.6,27678.0
48079,2018,6.4,23.9,21014.0
48081,2018,3.2,15.8,24768.0
48083,2018,3.3,19.4,27842.0
48085,2018,3.9,6.6,43439.0
48087,2018,8.6,15.9,22880.0
48089,2018,3.5,10.8,27861.0
48091,2018,3.7,8.2,36899.0
48093,2018,3.0,16.2,25127.0
48095,2018,1.2,7.3,17684.0
48097,2018,5.0,14.0,28751.0
48099,2018,9.2,13.5,21507.0
48101,2018,8.5,31.4,20108.0
48103,2018,1.3,7.6,26113.0
48105,2018,0.0,20.8,24852.0
48107,2018,7.3,20.7,19155.0
48109,2018,6.5,31.4,15873.0
48111,2018,3.9,13.9,26844.0
48113,2018,5.2,16.6,31219.0
48115,2018,5.5,22.8,21543.0
48117,2018,4.6,17.4,21515.0
48119,2018,5.3,23.7,25004.0
48121,2018,4.2,8.1,39535.0
48123,2018,6.3,16.0,28728.0
48125,2018,15.5,17.2,23452.0
48127,2018,16.4,29.8,18121.0
48129,2018,2.2,14.9,23711.0
48131,2018,10.6,25.6,17864.0
48133,2018,5.2,20.5,23940.0
48135,2018,6.7,11.8,28700.0
48137,2018,4.1,6.7,29814.0
48139,2018,3.6,9.3,30727.0
48141,2018,6.6,21.3,20763.0
48143,2018,3.4,21.2,25290.0
48145,2018,6.2,25.5,17830.0
48147,2018,4.7,12.5,24581.0
48149,2018,1.6,10.9,30097.0
48151,2018,6.4,16.1,28355.0
48153,2018,6.4,19.1,23308.0
48155,2018,10.1,6.9,25636.0
48157,2018,5.3,7.8,39472.0
48159,2018,7.5,8.5,25602.0
48161,2018,5.5,17.2,24083.0
48163,2018,6.5,20.2,18288.0
48165,2018,4.8,14.2,22710.0
48167,2018,6.3,13.2,35448.0
48169,2018,3.2,17.7,19177.0
48171,2018,4.3,11.4,33515.0
48173,2018,0.0,9.5,30902.0
48175,2018,5.8,17.1,29918.0
48177,2018,4.3,15.7,26618.0
48179,2018,6.1,15.8,24911.0
48181,2018,5.4,13.8,27276.0
48183,2018,4.8,17.6,25839.0
48185,2018,4.7,19.1,23513.0
48187,2018,3.9,9.5,30817.0
48189,2018,6.7,18.7,19854.0
48191,2018,10.6,23.2,22846.0
48193,2018,1.2,16.3,28074.0
48195,2018,4.6,16.1,20127.0
48197,2018,7.4,12.6,22938.0
48199,2018,4.0,12.6,29108.0
48201,2018,6.1,16.2,31901.0
48203,2018,5.6,16.1,25418.0
48205,2018,0.9,6.3,20480.0
48207,2018,10.1,20.1,21308.0
48209,2018,5.3,15.0,30715.0
48211,2018,5.1,14.0,26781.0
48213,2018,5.1,17.5,25280.0
48215,2018,7.4,31.2,16490.0
48217,2018,7.6,15.9,24745.0
48219,2018,7.0,15.7,23440.0
48221,2018,2.9,10.7,32727.0
48223,2018,4.6,16.9,26267.0
48225,2018,2.2,24.7,18080.0
48227,2018,6.8,16.8,23784.0
48229,2018,8.3,28.2,14190.0
48231,2018,5.5,17.5,25077.0
48233,2018,6.0,15.2,24725.0
48235,2018,6.6,14.8,31449.0
48237,2018,3.2,15.1,25626.0
48239,2018,4.1,13.9,26329.0
48241,2018,8.6,16.7,25004.0
48243,2018,5.3,6.5,26053.0
48245,2018,5.7,18.4,26205.0
48247,2018,11.5,27.4,17798.0
48249,2018,5.2,23.0,21274.0
48251,2018,4.3,10.6,27667.0
48253,2018,3.9,14.3,17673.0
48255,2018,4.3,18.6,26875.0
48257,2018,6.7,13.0,27411.0
48259,2018,4.3,5.3,43241.0
48261,2018,0.0,7.1,15820.0
48263,2018,3.7,10.9,29503.0
48265,2018,5.3,13.3,30498.0
48267,2018,3.1,21.3,28899.0
48269,2018,7.6,8.8,31564.0
48271,2018,6.7,18.6,20323.0
48273,2018,9.1,26.1,21986.0
48275,2018,5.5,14.7,21796.0
48277,2018,5.6,17.8,23833.0
48279,2018,2.9,23.6,21506.0
48281,2018,7.2,11.3,28158.0
48283,2018,4.2,12.1,25129.0
48285,2018,3.3,11.7,31670.0
48287,2018,2.8,14.2,25876.0
48289,2018,6.8,16.6,32130.0
48291,2018,6.9,14.9,22757.0
48293,2018,9.0,20.6,21822.0
48295,2018,6.1,11.4,28491.0
48297,2018,2.2,16.3,24244.0
48299,2018,7.6,11.6,35822.0
48301,2018,0.0,18.6,23546.0
48303,2018,4.2,18.9,27089.0
48305,2018,8.4,18.9,25279.0
48307,2018,2.5,16.1,24409.0
48309,2018,4.5,19.3,24826.0
48311,2018,17.9,12.8,32556.0
48313,2018,3.1,14.0,17856.0
48315,2018,11.1,20.7,27052.0
48317,2018,2.6,10.7,29225.0
48319,2018,5.7,14.6,25602.0
48321,2018,7.0,20.1,24376.0
48323,2018,11.6,26.8,16891.0
48325,2018,3.6,10.4,26274.0
48327,2018,3.1,9.9,25067.0
48329,2018,3.3,9.0,39179.0
48331,2018,4.2,14.6,24015.0
48333,2018,1.9,16.9,24274.0
48335,2018,5.8,9.1,20896.0
48337,2018,5.4,14.2,28457.0
48339,2018,4.5,9.9,39618.0
48341,2018,4.9,15.4,21650.0
48343,2018,8.5,16.3,23438.0
48345,2018,7.7,9.6,26103.0
48347,2018,8.5,24.4,22580.0
48349,2018,8.0,18.2,23422.0
48351,2018,8.0,20.6,21144.0
48353,2018,7.2,15.1,25820.0
48355,2018,5.9,16.4,27649.0
48357,2018,5.5,12.2,24260.0
48359,2018,3.6,12.0,24151.0
48361,2018,5.5,13.8,28826.0
48363,2018,7.6,17.7,24983.0
48365,2018,4.6,15.9,26403.0
48367,2018,5.0,8.3,34705.0
48369,2018,1.3,16.4,23686.0
48371,2018,3.5,12.3,20688.0
48373,2018,6.8,17.3,24686.0
48375,2018,3.9,20.1,22267.0
48377,2018,10.0,33.4,16066.0
48379,2018,5.1,11.1,26165.0
48381,2018,3.3,8.7,33814.0
48383,2018,4.4,14.8,25397.0
48385,2018,1.1,22.8,21109.0
48387,2018,7.8,18.4,21666.0
48389,2018,7.2,11.6,20876.0
48391,2018,9.5,18.4,23810.0
48393,2018,1.3,12.2,31632.0
48395,2018,6.4,12.6,25465.0
48397,2018,4.3,5.7,39295.0
48399,2018,2.7,14.2,23042.0
48401,2018,6.2,12.8,24842.0
48403,2018,7.2,21.4,23450.0
48405,2018,9.4,24.0,23261.0
48407,2018,7.1,14.9,21808.0
48409,2018,4.8,16.4,25281.0
48411,2018,3.1,15.1,24307.0
48413,2018,9.2,14.8,25128.0
48415,2018,4.2,14.0,24508.0
48417,2018,8.1,14.8,23855.0
48419,2018,7.2,23.3,20969.0
48421,2018,0.9,15.2,26335.0
48423,2018,6.2,16.4,27141.0
48425,2018,1.9,24.7,26523.0
48427,2018,14.3,35.3,14122.0
48429,2018,6.8,22.6,24405.0
48431,2018,1.5,3.5,28997.0
48433,2018,2.3,13.2,28746.0
48435,2018,5.6,8.3,29360.0
48437,2018,6.5,22.1,19258.0
48439,2018,5.0,12.9,32092.0
48441,2018,4.3,15.6,26469.0
48443,2018,9.5,15.0,23852.0
48445,2018,10.2,15.7,20127.0
48447,2018,5.4,14.7,28895.0
48449,2018,6.1,19.1,20633.0
48451,2018,4.0,13.5,28444.0
48453,2018,4.0,13.1,41049.0
48455,2018,8.4,16.1,22265.0
48457,2018,9.8,14.9,20439.0
48459,2018,7.4,13.3,24458.0
48461,2018,1.8,19.2,26183.0
48463,2018,5.6,17.0,19092.0
48465,2018,5.7,19.9,20881.0
48467,2018,5.1,14.4,26151.0
48469,2018,5.5,15.2,28576.0
48471,2018,3.4,24.1,17789.0
48473,2018,6.1,16.9,24495.0
48475,2018,6.3,13.0,26570.0
48477,2018,6.0,13.9,29604.0
48479,2018,5.2,30.1,17326.0
48481,2018,5.2,17.5,26281.0
48483,2018,4.3,18.1,26844.0
48485,2018,5.3,18.4,23921.0
48487,2018,3.9,17.5,24078.0
48489,2018,15.5,33.0,14207.0
48491,2018,4.6,6.7,35825.0
48493,2018,6.1,10.5,30935.0
48495,2018,4.3,16.5,24217.0
48497,2018,5.1,12.5,28781.0
48499,2018,6.2,14.2,27841.0
48501,2018,6.0,9.0,26519.0
48503,2018,3.1,12.1,25855.0
48505,2018,11.0,39.5,17228.0
48507,2018,8.4,34.8,13350.0
49001,2018,4.2,8.2,22558.0
49003,2018,4.2,9.3,23998.0
49005,2018,2.8,15.2,22666.0
49007,2018,5.5,15.8,23473.0
49009,2018,1.2,4.7,27698.0
49011,2018,3.2,5.5,29703.0
49013,2018,6.6,13.3,23945.0
49015,2018,4.2,12.8,22505.0
49017,2018,3.9,17.8,24055.0
49019,2018,5.5,8.4,24593.0
49021,2018,5.1,19.6,20861.0
49023,2018,3.1,11.4,22498.0
49025,2018,2.9,12.8,25746.0
49027,2018,3.2,11.4,25847.0
49029,2018,2.8,3.0,31936.0
49031,2018,3.5,17.1,16932.0
49033,2018,0.0,15.9,21465.0
49035,2018,3.8,9.8,31648.0
49037,2018,8.3,26.6,18128.0
49039,2018,7.2,16.5,17980.0
49041,2018,5.5,13.4,22349.0
49043,2018,1.8,6.5,53950.0
49045,2018,6.3,6.7,25076.0
49047,2018,6.9,11.9,25610.0
49049,2018,3.8,11.2,24528.0
49051,2018,1.1,7.2,32805.0
49053,2018,4.4,12.4,26601.0
49055,2018,1.1,8.5,22920.0
49057,2018,4.3,11.3,26492.0
50001,2018,4.3,7.7,33120.0
50003,2018,4.3,11.3,31896.0
50005,2018,3.7,12.3,28085.0
50007,2018,3.7,11.8,37507.0
50009,2018,4.5,14.6,24163.0
50011,2018,4.2,7.7,30692.0
50013,2018,4.7,7.6,40464.0
50015,2018,4.1,14.5,33247.0
50017,2018,4.5,10.8,30836.0
50019,2018,4.5,14.0,26657.0
50021,2018,3.8,10.7,30109.0
50023,2018,3.5,11.4,34033.0
50025,2018,5.4,13.4,31563.0
50027,2018,4.1,10.0,35152.0
51001,2018,4.2,19.9,24355.0
51003,2018,2.9,9.8,42085.0
51005,2018,5.6,20.2,26918.0
51007,2018,2.8,13.4,29114.0
51009,2018,6.1,13.9,24343.0
51011,2018,3.8,13.5,26890.0
51013,2018,2.9,7.2,69051.0
51015,2018,3.6,9.2,29366.0
51017,2018,8.8,11.3,29127.0
51019,2018,4.0,9.1,31796.0
51021,2018,7.1,8.4,24275.0
51023,2018,3.9,8.0,33983.0
51025,2018,7.1,21.4,20657.0
51027,2018,8.1,27.7,18865.0
51029,2018,6.9,17.1,19734.0
51031,2018,3.7,11.8,27842.0
51033,2018,5.4,8.3,31536.0
51035,2018,3.5,15.0,24868.0
51036,2018,5.0,13.1,37059.0
51037,2018,5.8,24.1,20585.0
51041,2018,4.9,7.1,36641.0
51043,2018,3.8,10.0,39946.0
51045,2018,1.4,8.5,28686.0
51047,2018,5.3,8.2,30812.0
51049,2018,7.0,19.4,25177.0
51051,2018,5.6,24.3,22924.0
51053,2018,7.0,12.8,27106.0
51057,2018,5.1,13.7,26603.0
51059,2018,4.2,6.2,54725.0
51061,2018,3.4,6.1,44724.0
51063,2018,2.4,11.4,26134.0
51065,2018,5.2,4.9,39900.0
51067,2018,5.0,16.4,28866.0
51069,2018,3.7,6.2,33961.0
51071,2018,4.6,11.3,26459.0
51073,2018,2.9,8.5,33295.0
51075,2018,3.2,5.3,47806.0
51077,2018,6.5,20.6,20930.0
51079,2018,5.0,6.0,32565.0
51081,2018,6.6,16.7,17500.0
51083,2018,4.2,15.1,22716.0
51085,2018,3.0,5.6,39604.0
51087,2018,5.3,10.0,37999.0
51089,2018,8.3,20.3,21501.0
51091,2018,0.6,12.3,30967.0
51093,2018,7.9,10.0,35344.0
51095,2018,4.0,7.8,43815.0
51097,2018,5.9,16.5,27306.0
51099,2018,4.0,5.7,37316.0
51101,2018,3.0,10.1,32809.0
51103,2018,3.4,9.2,37196.0
51105,2018,10.3,24.0,18750.0
51107,2018,3.5,3.7,53408.0
51109,2018,6.3,12.3,31284.0
51111,2018,4.4,17.9,18677.0
51113,2018,5.5,8.3,30351.0
51115,2018,2.7,10.8,39119.0
51117,2018,4.3,18.9,23943.0
51119,2018,4.4,8.4,29707.0
51121,2018,4.7,24.3,28920.0
51125,2018,3.9,12.4,36002.0
51127,2018,4.5,4.8,36458.0
51131,2018,3.1,19.1,26467.0
51133,2018,6.4,13.9,34006.0
51135,2018,3.7,20.2,23109.0
51137,2018,5.8,8.6,31362.0
51139,2018,6.5,18.3,25021.0
51141,2018,5.7,18.7,23016.0
51143,2018,6.2,15.6,24443.0
51145,2018,2.4,5.3,35641.0
51147,2018,6.4,19.9,21216.0
51149,2018,7.4,9.3,28873.0
51153,2018,4.7,6.8,39262.0
51155,2018,6.1,13.4,26609.0
51157,2018,3.9,8.9,37733.0
51159,2018,1.9,14.2,22105.0
51161,2018,3.7,7.4,34901.0
51163,2018,5.9,13.8,31594.0
51165,2018,3.7,9.5,30138.0
51167,2018,6.8,19.5,21754.0
51169,2018,5.6,18.6,21157.0
51171,2018,4.9,10.8,28064.0
51173,2018,5.8,19.2,22297.0
51175,2018,4.3,10.2,25643.0
51177,2018,5.3,8.0,35794.0
51179,2018,4.0,4.5,40850.0
51181,2018,7.2,12.7,28688.0
51183,2018,8.7,17.5,18363.0
51185,2018,7.6,16.1,23366.0
51187,2018,6.1,10.4,31007.0
51191,2018,5.9,15.0,26085.0
51193,2018,7.7,12.0,32637.0
51195,2018,9.2,22.0,21828.0
51197,2018,6.6,15.6,26513.0
51199,2018,6.0,4.7,39071.0
51510,2018,3.3,10.6,59239.0
51520,2018,5.9,22.7,22900.0
51530,2018,2.4,20.1,19744.0
51540,2018,4.1,24.6,35026.0
51550,2018,5.1,9.0,33844.0
51570,2018,9.1,13.5,27579.0
51580,2018,4.9,15.2,24955.0
51590,2018,9.2,21.9,22200.0
51595,2018,23.3,29.0,18694.0
51600,2018,4.0,8.7,47047.0
51610,2018,3.9,2.7,69775.0
51620,2018,15.0,16.2,25229.0
51630,2018,5.4,14.1,34722.0
51640,2018,6.4,25.5,21722.0
51650,2018,7.2,15.8,28384.0
51660,2018,4.5,28.2,21793.0
51670,2018,8.3,21.0,22038.0
51678,2018,4.2,21.6,17762.0
51680,2018,6.2,21.8,22972.0
51683,2018,5.7,8.6,31638.0
51685,2018,6.3,9.7,31420.0
51690,2018,7.8,25.5,22669.0
51700,2018,6.7,15.5,26993.0
51710,2018,8.2,19.7,28508.0
51720,2018,13.8,29.4,20917.0
51730,2018,11.3,25.8,22356.0
51735,2018,5.3,4.5,40277.0
51740,2018,9.2,17.2,25179.0
51750,2018,5.9,35.9,20760.0
51760,2018,7.6,24.5,31635.0
51770,2018,6.8,20.5,26119.0
51775,2018,5.2,9.1,31274.0
51790,2018,3.2,13.7,28836.0
51800,2018,6.2,10.8,32894.0
51810,2018,4.9,7.6,36268.0
51820,2018,4.5,17.4,25421.0
51830,2018,7.5,22.4,29203.0
51840,2018,3.8,15.0,29727.0
53001,2018,6.3,25.2,19152.0
53003,2018,6.9,13.0,27896.0
53005,2018,5.2,12.8,31580.0
53007,2018,5.3,11.6,29204.0
53009,2018,7.7,15.9,29663.0
53011,2018,5.4,9.3,34163.0
53013,2018,4.5,11.6,31206.0
53015,2018,7.8,16.0,27264.0
53017,2018,4.0,13.3,28579.0
53019,2018,7.7,18.8,23640.0
53021,2018,5.6,15.7,23373.0
53023,2018,7.4,11.6,25539.0
53025,2018,5.6,14.4,23633.0
53027,2018,8.4,15.9,25374.0
53029,2018,6.1,8.6,35364.0
53031,2018,6.3,13.3,34187.0
53033,2018,4.5,9.5,49298.0
53035,2018,5.2,9.7,35826.0
53037,2018,6.0,19.0,27948.0
53039,2018,6.2,15.0,26128.0
53041,2018,8.2,14.4,25813.0
53043,2018,4.3,12.9,27730.0
53045,2018,7.5,15.0,27253.0
53047,2018,6.4,20.6,23961.0
53049,2018,6.8,17.4,24474.0
53051,2018,6.0,15.3,26739.0
53053,2018,5.8,11.2,32874.0
53055,2018,3.0,11.4,42307.0
53057,2018,5.8,12.8,31822.0
53059,2018,4.8,13.5,30217.0
53061,2018,4.6,8.1,37671.0
53063,2018,5.6,14.4,29982.0
53065,2018,6.7,15.6,25197.0
53067,2018,6.9,11.0,33901.0
53069,2018,5.3,7.8,29452.0
53071,2018,5.2,13.8,27835.0
53073,2018,6.3,15.0,30586.0
53075,2018,9.0,26.8,22585.0
53077,2018,6.6,18.2,22459.0
54001,2018,8.0,23.0,22237.0
54003,2018,6.9,12.7,28736.0
54005,2018,9.4,24.3,21394.0
54007,2018,13.9,21.8,21596.0
54009,2018,3.1,13.6,25537.0
54011,2018,5.4,22.5,24506.0
54013,2018,15.3,18.9,19911.0
54015,2018,8.1,27.1,16780.0
54017,2018,5.0,15.0,22598.0
54019,2018,7.4,20.0,21466.0
54021,2018,9.6,18.9,17313.0
54023,2018,5.1,12.4,22828.0
54025,2018,6.7,17.9,23936.0
54027,2018,5.3,20.2,23011.0
54029,2018,7.1,13.1,25637.0
54031,2018,3.0,11.5,26596.0
54033,2018,6.7,15.4,27869.0
54035,2018,4.3,15.6,24661.0
54037,2018,6.9,9.7,34750.0
54039,2018,6.2,17.1,28405.0
54041,2018,6.1,20.9,22575.0
54043,2018,6.8,25.1,19423.0
54045,2018,13.2,23.3,21672.0
54047,2018,9.3,33.3,14489.0
54049,2018,5.9,17.0,25909.0
54051,2018,4.9,15.1,24882.0
54053,2018,6.0,17.5,21812.0
54055,2018,6.0,19.8,21821.0
54057,2018,6.4,14.5,23546.0
54059,2018,16.5,28.7,19025.0
54061,2018,6.6,21.2,30641.0
54063,2018,7.8,16.4,23412.0
54065,2018,8.6,8.5,27642.0
54067,2018,6.8,18.3,21941.0
54069,2018,5.1,13.5,30258.0
54071,2018,4.8,16.4,24739.0
54073,2018,9.0,15.5,27522.0
54075,2018,4.6,16.7,24109.0
54077,2018,8.2,15.7,23337.0
54079,2018,3.3,9.2,31277.0
54081,2018,7.8,17.6,24170.0
54083,2018,6.6,19.3,24162.0
54085,2018,7.9,17.0,24442.0
54087,2018,9.7,20.9,20574.0
54089,2018,9.9,22.9,20784.0
54091,2018,8.1,17.1,24258.0
54093,2018,6.5,14.1,23670.0
54095,2018,6.4,15.9,24422.0
54097,2018,8.0,20.8,21701.0
54099,2018,7.8,22.3,21240.0
54101,2018,10.8,28.0,20507.0
54103,2018,7.0,23.1,22789.0
54105,2018,5.8,18.9,21314.0
54107,2018,5.1,16.7,27201.0
54109,2018,13.2,21.7,20831.0
55001,2018,7.4,14.8,25591.0
55003,2018,5.9,14.3,23505.0
55005,2018,3.2,12.0,28326.0
55007,2018,4.7,11.5,29886.0
55009,2018,3.5,10.3,31213.0
55011,2018,2.1,9.4,29613.0
55013,2018,5.0,13.6,28424.0
55015,2018,2.2,5.7,34015.0
55017,2018,3.3,10.9,28277.0
55019,2018,3.0,12.6,24114.0
55021,2018,3.4,8.2,33012.0
55023,2018,3.4,12.8,26038.0
55025,2018,3.1,11.9,38757.0
55027,2018,4.3,8.7,28543.0
55029,2018,4.0,8.3,36155.0
55031,2018,4.2,12.5,28888.0
55033,2018,3.6,12.4,27107.0
55035,2018,3.7,14.4,29524.0
55037,2018,6.1,9.8,30674.0
55039,2018,3.7,9.0,30454.0
55041,2018,6.7,16.3,24808.0
55043,2018,3.1,14.8,24974.0
55045,2018,2.2,7.6,31959.0
55047,2018,2.8,11.1,27915.0
55049,2018,3.2,7.7,33674.0
55051,2018,7.3,14.8,28550.0
55053,2018,5.0,11.8,26037.0
55055,2018,3.7,8.9,30329.0
55057,2018,3.7,14.4,26137.0
55059,2018,6.8,13.6,30740.0
55061,2018,2.9,8.5,30098.0
55063,2018,4.0,13.2,31001.0
55065,2018,2.2,10.8,28198.0
55067,2018,7.2,14.0,26212.0
55069,2018,3.9,9.1,29642.0
55071,2018,3.0,10.6,28803.0
55073,2018,3.4,9.4,31879.0
55075,2018,4.8,13.2,26959.0
55077,2018,5.2,11.4,26068.0
55078,2018,5.9,32.6,20538.0
55079,2018,6.2,19.9,28121.0
55081,2018,3.6,12.8,27729.0
55083,2018,3.5,9.4,29392.0
55085,2018,2.9,8.6,32784.0
55087,2018,2.9,8.6,32098.0
55089,2018,3.0,5.4,47980.0
55091,2018,2.6,12.6,29227.0
55093,2018,2.6,9.8,32525.0
55095,2018,4.1,9.8,29489.0
55097,2018,3.7,12.5,29742.0
55099,2018,2.2,11.8,27569.0
55101,2018,4.8,12.1,30386.0
55103,2018,2.7,13.8,26379.0
55105,2018,5.6,13.6,28103.0
55107,2018,3.8,14.1,24731.0
55109,2018,2.4,4.5,37419.0
55111,2018,3.2,10.4,29608.0
55113,2018,5.8,17.3,30094.0
55115,2018,2.5,10.1,28051.0
55117,2018,3.6,7.6,30151.0
55119,2018,3.7,10.0,26881.0
55121,2018,3.0,8.6,27733.0
55123,2018,2.7,16.6,26726.0
55125,2018,7.3,13.6,31206.0
55127,2018,4.2,11.7,30593.0
55129,2018,4.4,13.3,29336.0
55131,2018,2.9,4.8,37631.0
55133,2018,2.9,4.9,44301.0
55135,2018,3.1,10.7,30627.0
55137,2018,4.0,11.3,27347.0
55139,2018,3.3,11.9,33000.0
55141,2018,3.8,10.3,30006.0
56001,2018,4.3,22.6,26665.0
56003,2018,5.1,12.5,23978.0
56005,2018,4.6,11.1,33286.0
56007,2018,2.8,13.1,29890.0
56009,2018,4.7,8.2,32069.0
56011,2018,3.5,6.7,32256.0
56013,2018,6.0,13.7,27598.0
56015,2018,6.9,11.6,27739.0
56017,2018,2.5,14.5,32359.0
56019,2018,4.0,11.4,34885.0
56021,2018,5.3,10.0,32920.0
56023,2018,4.4,9.1,30106.0
56025,2018,4.6,9.6,33082.0
56027,2018,1.4,16.1,22688.0
56029,2018,3.4,7.7,35059.0
56031,2018,2.7,11.7,31553.0
56033,2018,2.7,6.2,34059.0
56035,2018,3.4,8.4,33231.0
56037,2018,5.2,12.0,32624.0
56039,2018,1.4,7.1,53703.0
56041,2018,6.1,12.5,27009.0
56043,2018,6.2,12.4,27556.0
56045,2018,3.5,17.4,29152.0
72001,2018,38.4,62.5,7126.0
72003,2018,14.3,51.2,9287.0
72005,2018,20.4,51.3,11339.0
72007,2018,18.5,50.5,10188.0
72009,2018,5.4,45.9,10630.0
72011,2018,12.9,43.4,10259.0
72013,2018,17.6,48.0,10203.0
72015,2018,12.1,58.0,7979.0
72017,2018,18.4,50.2,9170.0
72019,2018,13.3,59.0,8221.0
72021,2018,13.7,35.0,14377.0
72023,2018,14.0,53.1,9245.0
72025,2018,13.8,37.4,14654.0
72027,2018,16.0,50.2,10252.0
72029,2018,23.4,43.5,11920.0
72031,2018,14.8,29.5,16536.0
72033,2018,25.1,47.4,12195.0
72035,2018,8.9,43.0,12088.0
72037,2018,11.9,43.3,13044.0
72039,2018,20.0,55.9,8398.0
72041,2018,16.9,42.6,11079.0
72043,2018,7.4,47.0,10761.0
72045,2018,26.2,60.3,6903.0
72047,2018,30.2,56.3,7619.0
72049,2018,0.8,41.9,11830.0
72051,2018,22.0,34.2,16570.0
72053,2018,28.4,44.4,11663.0
72054,2018,17.2,52.3,8871.0
72055,2018,30.1,63.8,7430.0
72057,2018,7.8,51.8,9806.0
72059,2018,22.7,55.6,8717.0
72061,2018,10.3,26.6,23895.0
72063,2018,16.4,29.3,17393.0
72065,2018,7.0,46.5,10659.0
72067,2018,23.1,40.8,11874.0
72069,2018,13.6,44.5,12093.0
72071,2018,18.4,54.9,9228.0
72073,2018,22.2,60.4,7519.0
72075,2018,22.0,46.5,10611.0
72077,2018,27.0,50.5,9316.0
72079,2018,21.2,61.5,7233.0
72081,2018,28.5,55.3,8735.0
72083,2018,3.2,57.1,7098.0
72085,2018,18.3,43.2,11239.0
72087,2018,27.0,50.8,8809.0
72089,2018,25.2,45.1,11007.0
72091,2018,17.2,45.8,10946.0
72093,2018,12.5,64.2,5974.0
72095,2018,27.0,48.7,9471.0
72097,2018,26.8,53.2,10678.0
72099,2018,26.5,57.2,8806.0
72101,2018,20.8,45.5,9715.0
72103,2018,10.3,49.6,9263.0
72105,2018,24.1,45.9,9150.0
72107,2018,34.1,57.5,7889.0
72109,2018,19.2,53.3,9223.0
72111,2018,23.9,56.5,8609.0
72113,2018,14.2,50.9,11368.0
72115,2018,11.8,52.0,9819.0
72117,2018,9.9,42.2,11650.0
72119,2018,23.3,38.8,10931.0
72121,2018,17.4,47.2,9560.0
72123,2018,8.5,53.8,9034.0
72125,2018,7.6,52.2,9874.0
72127,2018,15.4,41.8,18569.0
72129,2018,9.3,45.0,10974.0
72131,2018,25.9,54.4,8739.0
72133,2018,8.4,47.1,10895.0
72135,2018,12.1,29.0,14241.0
72137,2018,17.5,36.2,12763.0
72139,2018,6.7,31.0,15886.0
72141,2018,29.4,52.0,8639.0
72143,2018,20.4,47.7,11678.0
72145,2018,18.8,45.3,10601.0
72147,2018,14.9,41.3,11156.0
72149,2018,22.8,48.2,10677.0
72151,2018,25.9,53.5,9148.0
72153,2018,19.9,48.4,8339.0
